Flake Detection Statistics
==========================

Probability threshold: 0.3
V hard gate: 1.5σ
H hard gate: 1.5σ
Minimum area: 100px

Detected components: 11814

  #   Area(px)  Width Height    CenterX    CenterY
-------------------------------------------------------
  1        124     21     26     2000.8       28.6
  2        110     20     18     2138.3       26.3
  3        169     24     33     1650.8       44.6
  4        160     24     26     2067.4       62.2
  5        121     26     25     2094.6       66.7
  6        145     29     22     2372.5       71.1
  7        167     17     26     1744.8       78.4
  8        105     21     17     2584.4       78.5
  9        133     32     23      988.0       88.7
 10        103     25     14     1108.4       83.7
 11        179     29     25     1841.5       97.4
 12        100     18     20     2280.6      101.7
 13        106     16     18     1059.7      105.4
 14        125     19     20     1714.3      113.9
 15        118     15     28     1620.8      123.0
 16        163     18     25     1156.2      119.5
 17        102     17     19     1309.5      115.8
 18        119     27     15     2202.2      118.3
 19        117     19     18     2088.2      130.4
 20        103     19     17     2640.0      133.4
 21        112     16     22      934.5      139.0
 22        114     25     16     2230.1      135.1
 23        146     23     29     1430.0      144.1
 24        205     29     29     1872.3      148.5
 25        147     21     27     2629.5      147.0
 26        219     31     29     1615.3      155.7
 27        157     22     30     1799.2      156.7
 28        302     31     43     2283.0      178.2
 29        176     28     26     1245.4      171.2
 30        114     18     16     2226.8      169.0
 31        217     38     24     1719.3      175.8
 32        109     16     24     2155.6      175.4
 33        108     26     20     1914.3      180.2
 34        118     18     23     2652.3      182.7
 35        104     25     20     2347.8      180.2
 36        304     37     35     2223.5      193.8
 37        100     20     15     2054.8      188.2
 38        106     17     23     2126.8      193.3
 39        134     27     14     1923.2      194.4
 40        124     14     31     2094.1      200.7
 41        169     20     28     2149.4      209.0
 42        119     19     25     1877.5      207.6
 43        142     16     27     2070.2      214.6
 44        113     20     14     1097.6      212.3
 45        113     19     25     1516.2      218.6
 46        136     27     25     2436.9      217.0
 47        125     16     26     1714.4      221.9
 48        138     21     21      681.0      222.2
 49        103     18     15     1191.8      220.4
 50        100     23     16     1054.2      222.1
 51        116     24     18     2617.9      222.6
 52        106     20     22     3180.2      224.1
 53        142     25     29     2601.3      231.3
 54        163     32     17     2518.1      232.4
 55        174     36     30     1810.9      241.2
 56        132     14     32     1936.0      241.7
 57        112     16     22     1491.1      240.8
 58        141     23     16     1512.5      240.7
 59        101     16     23     2999.9      247.4
 60        105     17     20     1144.2      246.7
 61        194     27     33     1786.5      252.0
 62        124     19     26     1866.1      252.1
 63        119     32     15      940.7      248.7
 64        184     21     27     1725.7      258.1
 65        212     27     27     2155.4      260.5
 66        119     24     21     2539.1      255.7
 67        161     26     21     2716.0      261.6
 68        188     34     24     2884.4      261.9
 69        105     23     14     2954.3      258.5
 70        103     19     16      563.9      262.1
 71        102     26     13     1954.7      259.5
 72        100     17     26     2066.2      266.7
 73        176     25     36     2753.3      272.9
 74        109     26     19     1458.2      266.7
 75        111     23     17     1498.6      265.6
 76        101     14     20     2603.5      270.0
 77        108     17     17     1831.7      269.5
 78        114     14     24     1845.5      272.5
 79        184     29     20     2910.4      270.6
 80        151     18     36     2004.5      279.6
 81        114     20     20      919.0      273.7
 82        120     18     19      878.6      276.6
 83        103     18     15      996.8      279.5
 84        169     33     17     1806.6      278.8
 85        108     15     19     1929.2      281.7
 86        164     29     17     2162.4      281.2
 87        170     22     23     2302.3      289.1
 88        134     20     22      850.6      292.9
 89        107     18     26     2404.1      293.8
 90        153     24     40     2787.9      301.2
 91        129     20     22     1210.1      295.7
 92        130     22     27      746.9      297.5
 93        106     25     14     1332.6      291.9
 94        113     17     30     1584.7      299.6
 95        107     23     13     1624.4      290.9
 96        101     22     17     1896.0      292.3
 97        110     14     26     1141.4      298.2
 98        324     35     37     1192.0      306.1
 99        190     36     20     1946.2      298.7
100        136     21     23     1291.0      298.6
101        101     28     14     1422.6      298.5
102        144     17     27     1710.6      304.5
103        164     28     24     1565.3      306.9
104        141     23     31     2266.9      308.7
105        133     23     30     2019.7      313.0
106        112     16     27     1167.3      312.8
107        124     27     26     2175.6      311.0
108        110     16     20     2478.3      308.4
109        109     23     19      779.5      313.9
110        108     25     20     1800.9      314.3
111        259     29     40     1925.8      321.0
112        116     16     29     1959.3      313.7
113        163     22     33     1305.5      318.5
114        111     24     16     1747.4      310.8
115        130     15     23     1655.4      316.2
116        120     24     25      473.7      324.2
117        149     27     25      838.9      327.4
118        128     28     25     1248.6      324.5
119        121     23     16     2415.5      322.0
120        106     22     20     3689.0      323.3
121        119     16     23     1484.9      328.2
122        125     22     22     2481.6      327.7
123        127     19     23     2789.4      329.2
124        118     14     24     2037.3      333.1
125        110     23     18     2521.3      327.4
126        118     23     29     1866.0      333.8
127        125     28     19     2556.8      330.5
128        130     17     43      637.9      347.8
129        103     20     20     1787.9      332.1
130        318     42     51     2238.9      347.8
131        115     20     21     2669.7      334.9
132        191     28     29     1319.3      341.6
133        230     27     34     2620.9      345.9
134        136     21     35     3065.1      349.8
135        146     24     22     1439.2      342.5
136        154     26     26     1497.0      349.1
137        130     14     24     1395.3      347.1
138        170     29     24     1944.2      344.7
139        138     19     23     2424.7      343.4
140        130     14     29     1098.8      349.3
141        160     17     37     2543.3      354.1
142        160     28     20     2909.1      348.1
143        164     24     29     2023.4      352.5
144        120     28     18     3150.4      348.2
145        125     23     21      454.9      352.4
146        109     20     23     1824.6      354.2
147        158     26     24     2134.0      354.7
148        150     23     24     2523.0      356.2
149        114     24     18     2094.9      356.9
150        139     22     17     3099.3      359.6
151        149     28     19     2664.9      365.0
152        343     28     61     2759.8      385.7
153        134     17     31     1183.4      372.9
154        219     19     38     1589.1      374.0
155        112     27     18     1911.2      364.9
156        100     12     32     2153.8      373.1
157        108     15     20     2170.6      367.7
158        152     23     31     2501.3      372.1
159        154     20     37     2476.8      375.5
160        107     24     16     3508.7      365.1
161        144     25     24     1649.5      371.5
162        186     30     24     2082.5      371.1
163        273     45     33     2924.1      377.9
164        140     17     29     3080.7      373.3
165        123     42     12     1096.1      370.3
166        191     26     40     1576.8      386.4
167        110     21     19      647.6      377.0
168        209     22     41     1413.0      385.3
169        247     34     49     1973.6      392.9
170        130     24     22     1486.9      378.1
171        141     34     20     2785.1      375.4
172        117     23     16     1461.2      379.8
173        354     38     46     2138.9      396.2
174        452     57     36     2371.5      391.4
175        120     16     29     2545.7      385.5
176        158     29     14     2688.3      378.9
177        187     22     25     2806.7      382.9
178        209     22     27     2987.5      384.6
179        102     29     18     3663.9      380.8
180        103     22     14     1537.7      382.9
181        120     19     18     2196.0      385.4
182        109     19     23     1842.7      393.3
183        204     31     28     3015.6      396.9
184        150     17     28     1292.6      398.8
185        113     16     26     1328.4      398.6
186        470     56     39     1900.9      404.1
187        133     24     19      906.6      394.6
188        137     31     16     1374.0      393.8
189        126     22     32     1602.4      401.6
190        153     23     26     2248.5      400.0
191        102     15     25     2607.9      398.2
192        122     19     33     1665.5      403.0
193        109     21     21     3560.4      399.2
194        203     27     27      751.1      405.3
195        193     35     27     1734.5      404.2
196        106     14     24     1935.7      404.8
197        372     28     64     1611.3      425.6
198        105     20     19     2174.9      404.6
199        147     26     27     2441.4      408.9
200        168     28     29      269.4      411.0
201        152     22     18     1518.0      404.1
202        125     19     20     1854.1      407.3
203        156     25     22     3083.5      405.6
204        102     27     12     3054.2      405.0
205        111     16     20     3103.1      411.3
206        119     23     25     1789.4      416.1
207        550     47     51     2043.5      430.5
208        124     15     22     1403.9      415.5
209        124     19     21     2984.7      416.7
210        207     36     38     3213.2      427.8
211        103     28     14     1645.6      414.9
212        115     17     20     2076.6      420.2
213        100     18     18     1828.8      419.7
214        100     24     21     2460.6      421.7
215        151     23     30     1478.3      426.7
216        152     23     30     1711.9      429.8
217        175     24     25     2630.3      424.9
218        183     23     26     2805.1      425.4
219        191     26     19     3125.6      422.0
220        122     24     21     1121.3      423.6
221        119     22     20     2665.4      421.5
222        100     17     18     1939.3      424.2
223        120     24     23     3788.8      427.8
224        110     22     24     1069.4      432.7
225        116     21     16     2140.6      425.5
226        231     46     35     1979.4      437.1
227        220     23     32     2241.8      436.4
228        128     21     26      921.2      433.6
229        107     17     20     2178.1      430.1
230        153     24     24      851.3      438.5
231        204     29     26     1297.2      438.1
232        171     25     29     1339.2      437.8
233        672     46     73     2218.5      466.1
234        129     24     20     2484.2      434.2
235        147     16     31     2270.9      441.1
236        133     25     26     3016.1      439.9
237        125     20     26      406.1      441.1
238        177     27     29     1775.2      440.5
239        127     24     25     2753.8      441.9
240        135     14     23     3726.3      438.6
241        136     15     25     1447.6      441.4
242        166     22     25     1651.1      442.7
243        119     28     20     2116.6      441.8
244        180     30     19     2779.6      438.5
245        209     34     34     2363.6      447.0
246        117     24     14      667.6      441.5
247        102     23     14     1738.1      441.2
248        125     27     13     2566.9      440.8
249        222     34     22     2851.4      443.2
250        170     14     32     3314.8      449.1
251        116     17     25      528.1      449.7
252        143     20     24     1996.1      449.0
253        140     19     25     2472.7      449.7
254        125     19     23     3232.5      449.0
255        146     22     25     1211.6      453.0
256        125     16     23     1878.3      451.0
257        113     23     16      462.6      451.9
258        130     29     16     1322.4      452.0
259        129     19     29     2585.1      457.9
260        119     21     19      587.5      454.9
261        147     16     32     2995.0      461.1
262        101     18     19     3560.8      457.4
263        114     16     17     2133.3      454.5
264        248     31     35      791.3      470.7
265        147     23     19     1115.5      460.2
266        181     26     28     1418.5      464.8
267        130     17     25     1795.3      464.4
268        163     17     34     1928.2      466.0
269        103     15     26     2163.0      465.5
270        266     35     25     2506.5      466.2
271        196     23     28     2726.9      469.8
272        181     34     25      886.7      468.7
273        142     18     26     1093.0      468.3
274        112     19     17     1247.8      467.2
275        109     17     18     1397.5      465.3
276        146     25     30     1646.2      470.5
277        332     45     30     1737.0      469.4
278        102     15     18     2112.2      465.4
279        129     19     22     3794.0      467.7
280        137     17     35     1496.8      479.1
281        138     22     25     1778.6      470.0
282        102     20     23     2808.0      467.7
283        135     24     24     1259.0      473.8
284        123     23     21     2862.2      470.9
285        122     26     13     3444.6      466.0
286        156     21     22      767.8      474.1
287        104     17     22     1368.2      473.5
288        147     26     16     2287.1      470.2
289        120     16     21      249.1      475.4
290        135     32     13      500.1      470.4
291        129     19     16     1622.8      472.0
292        110     21     16     3093.3      470.9
293        114     28     13     1285.5      473.4
294        211     32     28     1885.4      480.6
295        119     18     27      405.6      482.9
296        189     22     31     2422.8      485.2
297        100     17     15     2575.1      476.3
298        209     28     31     2906.7      484.4
299        149     24     25     3339.8      482.0
300        134     20     24       82.4      482.6
301        267     35     39     1806.1      493.9
302        133     20     23     2547.7      482.1
303        125     18     27      724.7      488.2
304        129     27     20      816.5      482.9
305        181     28     25     1470.2      485.8
306        231     29     28     1953.5      485.6
307        127     16     28     2254.1      485.0
308        236     19     46     2368.3      497.5
309        116     27     18      633.5      485.1
310        110     23     14     1757.7      482.5
311        117     21     19     3517.9      482.3
312        168     26     29     3590.0      487.5
313        118     27     15     3045.4      482.8
314        229     17     41      985.2      498.2
315        256     36     32     1113.8      494.7
316        132     17     30     1140.0      491.0
317        160     24     27     2667.6      492.3
318        156     24     26     2958.8      495.0
319        236     40     32     3397.7      497.4
320        309     29     47     1344.7      504.6
321        351     37     28     1684.5      495.5
322        180     32     21     2021.3      490.0
323        122     22     18     2165.7      491.2
324        117     23     22     3239.5      495.4
325        141     15     27     1251.9      498.5
326        150     22     22     2323.3      497.6
327        104     20     19     2517.1      493.4
328        470     44     46     2620.6      505.6
329        110     15     21     3165.2      495.0
330        117     23     19     1593.5      495.3
331        177     24     23     2041.1      498.1
332        184     26     30     2484.8      502.4
333        125     19     19     1851.4      496.4
334        124     22     20      629.0      499.5
335        307     41     25     2132.0      501.4
336        302     38     34     2175.9      510.9
337        152     32     20     2438.8      498.8
338        121     29     19     1524.3      500.1
339        270     39     30     2079.0      506.3
340        135     16     27      300.7      508.4
341        114     28     15     1214.9      500.0
342        181     22     22     1927.7      505.7
343        115     24     19     2891.0      505.6
344        243     39     27     3200.9      507.2
345        210     27     24     1059.1      507.9
346        100     14     22     2594.0      508.0
347        130     18     22     1443.0      509.2
348        223     26     32     2994.4      518.9
349        111     15     21     3843.1      508.5
350        195     26     26     1184.3      517.2
351        130     16     28     1289.5      516.8
352        154     22     24     1561.7      514.3
353        114     18     19     3125.3      510.9
354        157     20     31      558.1      523.5
355        153     26     22     1975.6      515.5
356        157     31     16     3414.5      513.6
357        107     15     23     3460.7      516.3
358        159     31     21      346.7      520.8
359        183     28     19     1497.0      518.0
360        114     19     19     1686.0      518.1
361        215     20     35     2574.5      525.7
362        196     27     33     2674.9      520.9
363        113     18     24      654.5      522.7
364        101     25     13     1253.5      516.3
365        134     24     22     1531.5      519.4
366        120     20     18     1772.0      518.7
367        111     18     20      229.7      519.3
368        110     14     21      534.6      522.3
369        186     15     33     1736.4      529.4
370        116     16     29     1877.8      527.6
371        207     41     20     2634.3      521.5
372        755     57     54     2741.0      539.6
373        119     16     26     3314.7      524.5
374        103     22     15     3595.2      520.0
375        148     25     24     1551.4      526.1
376        142     23     24     3250.1      528.0
377        188     35     29      687.4      530.9
378        120     20     18      725.2      526.0
379        490     39     49     1604.5      538.7
380        192     25     27     2708.9      527.8
381        239     38     23     2926.8      526.8
382        101     14     17      874.3      528.1
383        103     21     11     2871.7      523.6
384        312     26     55     1204.2      545.6
385        109     16     27     2372.0      531.3
386        152     23     21     3386.9      529.9
387        100     16     21     3919.1      530.2
388        145     26     21     1096.0      534.9
389        151     19     26     1997.8      534.3
390        202     29     31     3464.7      537.7
391        209     29     22      756.0      535.2
392        115     19     15     1673.0      530.8
393        109     21     19     3439.1      532.0
394        113     16     25      178.5      535.9
395        283     37     32     1645.2      544.2
396        128     21     23     2233.2      538.0
397        217     23     28      823.1      542.6
398        249     30     39      486.5      552.8
399        344     41     50     1788.3      558.8
400        135     24     19     2031.3      542.6
401        118     22     20     2099.9      540.0
402        147     28     23     2459.1      543.2
403        333     49     37     2632.6      555.2
404        154     15     40     3286.0      550.5
405        133     22     27      143.0      548.2
406        171     24     25      568.9      546.5
407        317     47     28     1927.7      547.3
408        143     26     21     3635.4      542.9
409        105     22     22     4312.6      545.1
410        130     30     14     1148.6      541.9
411        393     45     35     1328.5      550.8
412        129     21     26     1834.9      548.9
413        495     40     51     2266.1      567.5
414        145     20     28     2671.9      550.9
415        156     19     25      407.0      550.7
416        142     20     25      628.4      550.8
417        953     65    101     1476.4      586.9
418        117     24     22     2691.9      552.6
419        103     11     29      661.8      557.5
420        152     24     27      767.1      555.1
421        124     20     22      866.0      554.5
422        143     23     16     2070.9      550.6
423        119     22     18     2132.9      552.1
424        186     28     26     2331.4      554.4
425        113     22     20     2784.9      550.9
426        262     34     33     3714.5      556.0
427        139     21     28     1410.3      556.3
428        107     21     14     1881.3      550.5
429        111     15     24     2097.4      557.0
430        300     42     40     2511.9      563.7
431        203     29     22     2560.3      554.4
432        159     17     26     2987.9      557.1
433        142     24     27     3739.2      560.7
434        163     20     26     1051.2      557.1
435        157     28     22     1118.2      557.6
436        149     21     20     1858.8      556.8
437        172     21     30     2148.1      560.8
438        113     17     18     1366.8      558.9
439        128     23     18     2041.1      555.5
440        158     33     21      741.6      562.4
441        129     18     34     2813.1      570.0
442        322     36     33      976.0      568.8
443        178     24     24     1077.1      563.9
444        184     23     25     2470.4      566.0
445        111     19     18      532.8      562.0
446        102     15     25     1248.7      564.2
447        129     16     26     1751.0      565.8
448        196     34     31     2905.9      570.6
449        235     32     35      130.5      573.9
450        122     23     20     1959.5      566.9
451        103     22     17     3481.0      566.2
452        525     46     60     1693.0      588.5
453        275     41     36     2930.2      576.1
454        116     20     16     2968.8      565.4
455        107     22     18     4068.0      564.7
456        136     17     29     1229.1      574.8
457        317     44     54      849.8      584.6
458        233     19     37     2184.5      582.2
459        130     14     26     2717.3      574.9
460        218     39     30     3034.1      575.8
461        367     43     33     2121.8      580.5
462        129     26     25     1271.6      579.6
463        113     20     24     2325.3      578.0
464        114     14     34     3372.8      584.9
465        112     18     22     3771.9      576.9
466        114     22     17     1371.5      578.0
467        108     21     20     1415.0      579.0
468        333     38     40     1648.6      589.5
469        188     27     22     1861.9      576.4
470        117     20     25     2547.7      582.0
471        128     22     26     2579.2      581.4
472        171     31     18     2612.0      576.0
473        425     54     32     3100.4      584.4
474        126     21     21      772.5      581.4
475        114     23     23     1132.0      583.0
476        233     25     30     2206.1      584.9
477        217     28     24     2980.4      582.7
478        129     18     30     3174.6      587.0
479        227     42     26      294.6      584.5
480        110     18     23     1056.7      586.4
481        107     23     25     1542.3      582.9
482        120     21     20     1630.8      582.9
483        171     31     28     2169.2      585.4
484        151     20     25     2343.0      583.5
485        101     20     20     3240.9      582.3
486        171     25     22     3269.8      581.9
487        262     37     36      798.3      593.7
488        150     31     15     1969.1      581.5
489        172     23     31     2957.2      588.1
490        145     30     22      254.0      587.6
491        134     29     15     1510.4      581.8
492        218     22     32     1984.9      592.5
493        216     33     26     2390.7      589.8
494        159     24     32     3580.5      590.2
495        102     16     21      870.4      586.1
496        114     25     13     2870.6      585.2
497        186     26     25     1022.1      590.1
498        300     30     36     1241.0      598.4
499        134     21     23     1588.4      591.5
500        158     35     19     2026.1      587.7
501        123     21     20     2235.8      588.7
502        166     17     31     2614.3      596.5
503        110     16     20     3135.8      591.1
504        224     34     23     1356.0      594.0
505        323     40     41     2050.9      599.2
506        150     20     24     2447.5      594.3
507        139     18     27     1547.2      597.2
508        172     21     22     2518.7      594.6
509        101     19     13      747.9      594.3
510        141     27     26     1882.7      595.4
511        106     25     22     2591.1      595.7
512        319     28     48     2537.3      613.4
513        165     23     24     1762.1      601.2
514        111     22     15     1814.3      596.8
515        370     37     37     2266.4      608.6
516        112     15     22     2413.4      601.8
517        220     34     20     2938.6      598.9
518        124     20     19     3496.4      597.5
519        165     22     23     3604.6      601.0
520        128     25     17      547.4      599.2
521        229     27     20     2154.9      601.6
522        230     22     31     2851.2      607.4
523        111     21     16     2989.7      599.3
524        149     22     26     1204.7      608.3
525        108     26     15     2360.9      600.4
526        101     20     25     1013.6      608.3
527        279     30     33     1272.6      613.3
528        202     20     39     1532.5      615.7
529        125     22     17     1832.7      604.2
530        103     22     17     2190.4      604.8
531        222     41     23     2462.8      609.1
532        104     11     21     4170.1      606.4
533        387     40     50     1630.1      621.1
534        135     25     18     1794.5      605.9
535        247     35     21     2643.5      607.0
536        285     24     47      883.8      627.2
537        152     29     21     3033.3      610.3
538        104     12     24     3643.7      611.6
539        150     23     33     1048.2      617.8
540        356     40     32     1327.3      616.7
541        272     24     39     2224.6      619.6
542        187     25     26     2345.2      615.6
543        313     37     40     2423.8      622.0
544        103     17     20     3223.4      611.9
545        216     31     28     3553.6      616.7
546        210     30     30     2080.3      615.6
547        137     24     23     2389.5      615.7
548        301     39     37     2839.5      625.0
549        104     16     21     1081.1      619.0
550        272     43     40     1308.5      629.6
551        134     23     22     1971.3      618.5
552        114     23     16     2805.7      615.2
553        116     15     22      555.0      618.3
554        289     37     35      589.4      626.2
555        174     26     28     2739.0      621.3
556        269     42     24     3614.6      621.1
557        103     19     18      965.3      620.3
558        107     22     12     1816.4      617.7
559        104     26     18     1886.1      622.0
560        214     29     31     2288.0      628.5
561        100     22     16     2887.3      619.3
562        190     20     34     2965.8      628.3
563        132     24     20      677.0      625.8
564        119     17     24     2242.7      624.1
565        116     19     26     2363.9      628.2
566        111     24     14     3205.6      620.7
567        361     45     36      772.2      634.0
568        132     30     22     1203.8      626.9
569        289     32     44     2595.5      635.9
570        177     32     20      468.6      629.0
571        134     15     26     1109.3      630.3
572        232     22     39     1244.4      634.2
573        127     21     21     1393.8      628.4
574        254     30     37     1834.5      633.4
575        234     34     29     2126.1      630.3
576        410     42     47     2331.1      641.3
577        135     28     16     3098.9      626.4
578        145     21     22     1597.1      633.6
579        158     22     20     1749.8      630.1
580        199     20     29     1911.5      635.6
581        222     24     39     3309.8      640.2
582        112     22     13     4492.0      628.1
583        206     31     21      650.5      633.3
584        136     18     17     2104.6      631.8
585        149     26     15     2401.2      630.5
586        132     17     27     3504.3      637.7
587        181     18     31     1578.4      640.6
588        122     14     20     2160.2      636.8
589        225     38     21     3480.5      635.5
590        134     22     23      416.6      642.0
591        109     15     24     1426.7      642.0
592        624     56     47     1516.8      652.2
593        449     32     51     1703.9      653.4
594        163     15     24      381.0      643.4
595        235     30     30     1075.4      644.3
596        115     17     14     2773.3      638.4
597        289     30     46     3174.5      655.7
598        102     13     24     3556.1      641.9
599        308     39     39      702.5      655.4
600        487     63     43      930.8      652.1
601        323     38     46     1795.7      654.4
602        349     31     45     2665.8      657.3
603        120     18     16     2908.5      640.3
604        101     14     22     3087.4      643.6
605        110     18     12     3369.5      637.6
606        164     28     23      343.4      646.6
607        163     31     27      794.9      649.1
608        102     15     18     1802.3      642.0
609        138     20     21     2810.2      644.3
610        100     19     19      972.3      646.6
611        374     48     38     2467.1      654.3
612        395     49     34     3666.7      655.4
613        139     21     19      457.7      646.5
614        121     21     21      474.3      647.7
615        148     21     25      615.4      649.8
616        107     20     22     1055.2      646.9
617        139     17     34     1398.3      655.9
618        447     33     52     1559.6      665.0
619        117     20     21     3131.4      650.0
620        195     20     29     3632.8      654.1
621        229     35     26     1103.4      654.4
622        336     52     27     1888.9      651.4
623        313     25     38     2172.5      658.9
624        199     25     29      161.4      656.7
625        194     20     30     1026.6      656.0
626        156     18     23     2106.6      654.8
627        120     17     19     2145.2      653.0
628        110     23     21     2214.2      651.9
629        107     13     25     2605.9      655.0
630        208     32     33     2906.7      660.4
631        113     16     28      366.6      660.1
632        176     23     32     1727.3      659.0
633        128     15     21     2189.7      655.7
634        217     24     28     2767.2      657.5
635        121     18     24     2883.3      655.7
636        107     26     15     4313.7      648.8
637        149     20     27      315.4      661.2
638        376     42     57     1925.0      671.5
639        205     30     20      408.3      657.8
640        117     20     17     1958.2      657.1
641        145     18     25     2365.7      661.1
642        253     41     27     2701.3      662.1
643        942     60     74     2962.9      683.0
644        199     32     26      732.5      662.9
645        144     37     16     1847.6      657.7
646        173     33     26     2237.4      663.0
647        190     27     34     2525.9      668.3
648        123     23     19     3211.5      659.1
649        185     31     26     3540.9      660.6
650        108     16     21      994.0      663.6
651        144     25     15     2284.3      659.0
652        239     26     31     2742.9      666.1
653        441     57     26     2014.4      667.0
654        311     37     36      818.7      674.8
655        124     19     15     1179.2      663.7
656        102     15     23     1287.2      667.9
657        115     19     17     1430.5      664.2
658        126     28     17     1601.1      663.0
659        267     34     38      564.1      677.4
660        119     14     21     1544.4      669.4
661        112     20     20     1671.8      666.1
662        121     19     19     1977.9      666.8
663        463     47     52     2189.6      685.0
664        115     18     19     2631.5      668.3
665        157     24     18      960.9      668.3
666        179     22     34     1124.9      675.7
667        111     18     20     2146.5      671.6
668        161     25     27      673.9      676.6
669        223     29     31      861.7      674.5
670        154     17     27     1635.5      675.0
671        106     19     18     3885.3      671.7
672        126     16     19     1106.5      672.2
673        106     21     13     1484.3      669.8
674        113     19     29     1580.4      679.3
675        118     30     15     1750.1      670.8
676        126     22     20     2043.0      672.4
677        134     22     23     2419.9      676.4
678        129     27     16     2719.1      672.7
679        133     21     25     3589.6      677.2
680        118     13     34     3613.5      683.9
681        178     25     31     1002.8      680.7
682        182     39     25     1222.2      677.1
683        357     37     39     1364.6      688.9
684        167     17     24     2461.0      679.4
685        232     30     25     2503.6      678.0
686        137     26     19     2789.5      674.5
687        106     21     15     3136.6      673.0
688        108     30     12     4161.8      672.5
689        171     29     25      644.4      682.1
690        210     19     30     1870.1      682.5
691        100     20     20      482.1      680.6
692        168     31     23      937.2      681.2
693        111     19     19     2248.8      678.4
694        137     19     24     1049.3      685.4
695        122     13     28     1823.0      682.8
696        141     22     19     1842.0      680.2
697        269     39     29     2079.8      685.6
698        117     36     16     3002.8      678.2
699        201     34     24     3681.0      684.8
700        189     22     29      321.0      688.2
701        120     25     22     1413.8      682.7
702        276     38     45     1946.3      697.6
703        362     46     32     2038.1      690.7
704        149     24     18     3480.8      682.6
705        224     37     25     3505.8      689.0
706        103     25     16     4529.1      681.5
707        118     22     14      898.7      680.9
708        116     14     21     2863.7      686.1
709        109     21     18     3799.5      683.7
710        133     26     22     3837.9      685.9
711        124     29     25      353.7      690.8
712        592     64     44      761.5      695.9
713        154     25     20     1193.9      687.2
714        139     26     27     1552.6      693.7
715        136     22     18     1702.0      686.5
716        180     25     23     2745.8      691.3
717        303     29     34     3033.0      694.3
718        175     30     22     3211.3      690.0
719        112     17     22     1654.7      690.0
720        150     26     25     1847.5      694.6
721        130     20     19     2885.4      690.5
722        168     34     24     2990.7      691.9
723        142     19     24     1028.4      693.6
724        117     21     21     1224.5      692.2
725        153     20     22      965.4      695.3
726        146     27     18     1673.2      693.5
727        270     33     42     3898.0      703.7
728        157     27     19     1445.2      695.1
729        177     21     27     2472.6      698.8
730        157     24     28      991.1      701.5
731        116     23     19     1133.7      698.4
732        376     43     33     1412.2      707.3
733        135     15     25     1516.6      700.9
734        110     19     25     2357.7      702.6
735        166     26     28     2685.0      701.2
736        119     27     19     4200.9      695.1
737        184     26     22      634.5      700.7
738        256     34     29      718.6      707.1
739        116     21     14      793.2      697.0
740        223     30     25     1079.6      701.9
741        125     23     12     1330.9      695.0
742        132     31     22     1481.0      699.9
743        164     27     22     2237.0      700.2
744        247     38     28     3079.7      703.3
745        256     25     33     3748.6      708.4
746        179     19     37     2215.0      714.6
747        110     25     13     2894.4      699.7
748        100     15     16     3671.8      701.6
749        371     34     42     1708.1      714.8
750        635     35     64     2132.6      727.7
751        218     24     25     2525.3      706.0
752        116     28     13     2597.0      700.0
753        142     20     19     2822.0      703.6
754        130     15     26     3705.3      707.9
755        117     19     23      890.5      705.6
756        183     26     31     1778.7      708.3
757        167     26     28     1928.4      708.5
758        405     42     28     2082.8      709.0
759        503     56     49     2843.2      717.5
760        106     20     18     3102.6      706.2
761        149     27     19     3303.3      705.0
762        162     18     44     2413.3      719.4
763        404     49     38     2388.9      719.5
764        107     21     22     3808.8      711.8
765        155     24     25     3877.0      714.2
766        175     27     30      300.4      717.9
767        190     35     25      333.2      717.2
768        144     21     30     1297.2      718.9
769        133     21     19     1500.4      714.0
770        196     32     18     1846.3      712.9
771        116     22     12     2031.4      710.0
772        228     24     25     2296.5      715.3
773        127     22     24     2572.4      713.7
774        129     16     18     3409.2      711.1
775        112     21     19     2244.8      716.2
776        131     20     22     3559.3      719.1
777        199     35     23     1068.8      719.8
778        287     38     42     1967.4      724.5
779        104     23     17     2681.2      716.5
780        100     21     22     2738.4      720.3
781        109     22     15     3375.2      714.2
782        104     23     18      414.3      716.5
783        165     26     29      513.3      725.5
784        183     27     28      597.9      724.0
785        120     16     20     2187.4      719.0
786        124     17     21     3017.5      722.0
787        139     24     23      568.7      720.0
788        158     16     32     4451.8      727.5
789        276     36     31      165.9      728.6
790        214     22     32     1820.5      731.1
791        114     16     19     1041.5      725.6
792        152     26     26     1093.2      727.9
793        335     51     28     1244.7      731.2
794        111     15     20     1481.9      724.4
795        761     85     46     2080.9      740.9
796        119     12     32     2358.4      730.5
797        148     20     26     3977.2      727.9
798        118     30     17     1360.6      725.1
799        224     39     22     1380.1      729.1
800        219     33     39     1770.7      736.3
801        141     25     18     2872.6      727.6
802        118     24     21     3823.9      727.2
803        118     21     17      581.1      728.9
804        171     27     41     1657.5      740.6
805        178     24     24     2004.8      734.5
806        170     24     24     2167.0      733.1
807        164     30     18     2770.1      730.7
808        140     17     25     2852.5      732.9
809        221     21     38     3134.9      739.9
810        118     17     22     3286.7      733.1
811        266     45     21     3727.8      732.5
812        365     48     22     3873.8      731.6
813        133     25     20      261.6      735.6
814        263     36     43      633.7      741.7
815        297     29     46     1687.6      747.7
816        366     39     45     2633.3      749.7
817        181     16     33     2700.3      740.0
818        128     21     22      282.5      735.5
819        112     25     13      903.4      733.8
820        611     66     64     2301.7      756.2
821        131     19     28     2456.2      739.5
822        166     23     25     3694.9      737.4
823        315     33     32      666.4      745.1
824        112     16     18      941.5      737.2
825        122     23     15     1322.9      736.1
826        149     22     29     1514.0      741.3
827        112     19     14     3184.5      734.8
828        188     33     19      399.6      740.8
829        119     21     22     1618.4      741.1
830        269     43     28     1731.4      743.2
831        102     25     12     1802.9      735.3
832        238     25     33     1926.8      750.8
833        191     25     25     3055.4      743.6
834        196     20     32     3118.8      744.4
835        118     25     11      734.8      737.4
836        139     21     25     1162.9      744.7
837        360     42     35     1302.4      748.7
838        123     22     27     2275.0      747.1
839        117     14     22     3398.6      742.2
840        141     24     27     3988.1      744.4
841        123     16     28      769.7      746.4
842        292     31     35      842.5      752.0
843        165     30     22     1002.7      743.7
844        105     15     22     1546.5      744.5
845        104     16     15     1640.2      741.8
846        479     47     34     2228.8      749.2
847        217     36     20     2535.0      743.7
848        152     30     23     2882.5      744.4
849        148     27     19     1414.3      744.9
850        101     18     24     1479.0      747.8
851        184     26     28     1555.9      752.7
852        381     54     34     3351.5      756.2
853        109     17     23     3456.0      747.5
854        151     27     24     3488.7      748.4
855        270     37     32     3536.5      751.2
856        171     38     23      976.6      749.6
857        222     30     31     2787.0      752.4
858        129     29     17      445.3      747.6
859        140     26     19     3298.6      748.7
860        149     26     22     4094.0      749.6
861        185     25     26     1268.9      758.1
862        103     21     14     3001.2      750.1
863        113     14     19     3080.7      750.7
864        409     46     31     3215.8      757.8
865        136     23     27     3240.3      754.0
866        158     22     26     3432.5      758.1
867        141     22     22      543.4      754.2
868        178     33     19     2004.3      753.0
869        111     24     18     2824.1      753.8
870        102     14     22     2941.2      756.3
871        167     17     28     3469.8      758.4
872        139     18     22       88.6      758.6
873        135     18     25      354.4      756.4
874        259     26     28     2964.2      758.1
875        147     28     16     3271.2      755.2
876        112     16     21     1043.5      760.2
877        218     26     38     1194.4      769.0
878        225     25     51     1536.1      775.0
879        131     26     29     2559.6      763.2
880        129     20     17      473.6      759.0
881        126     20     15     3723.6      756.6
882        133     27     12      117.9      758.9
883        173     29     30      883.1      765.0
884        190     19     32     1635.2      767.4
885        806     54     68     1821.7      791.1
886        144     20     24     1830.5      763.3
887        189     21     30     2767.5      765.5
888        291     36     27     3520.5      763.7
889        104     17     19      771.0      764.5
890        103     16     17     1869.3      762.0
891        266     22     35     1958.0      772.9
892        147     28     17     2907.9      763.3
893        238     22     37      696.1      775.1
894        151     32     21     1157.2      765.0
895        174     21     31     1476.0      771.1
896        177     23     25     2157.2      769.1
897        190     34     20     2698.9      766.7
898        260     29     31      902.3      774.2
899        128     25     19     1228.0      767.5
900        105     16     23     1436.0      768.2
901        117     18     21     2083.3      769.1
902        117     23     20     3073.8      770.2
903        269     40     37     3082.9      778.1
904        108     15     29     4318.5      772.7
905        103     26     14     1611.4      767.7
906        156     25     24     2236.5      772.3
907        344     41     32     1511.8      776.6
908        141     20     22     1738.3      770.5
909        113     18     20     2363.3      773.4
910        161     41     15     3021.5      768.2
911        133     30     17      434.0      773.3
912        114     16     28      610.0      777.8
913        101     17     15      966.3      771.2
914        124     19     17     1014.5      772.3
915        279     32     29     1277.1      778.7
916        279     27     41     1907.5      781.7
917        259     29     27     2108.6      777.8
918        600     52     71     2302.4      806.6
919        115     24     17     3236.0      773.3
920        300     34     32     1846.1      779.4
921        110     20     25     1869.1      780.6
922        720     75     54     1957.3      797.1
923        234     31     37     2031.0      781.8
924        113     20     23     2066.5      777.6
925        133     23     17     2549.5      772.6
926        131     28     28     2926.4      777.2
927        110     24     23     3382.2      776.7
928        144     31     19       80.5      776.4
929        119     25     16     1046.8      775.9
930        325     30     37     1353.7      784.7
931        105     20     17     1759.4      776.5
932        236     29     30     1779.2      783.4
933        154     23     24     2415.2      782.0
934        111     17     20     2869.1      778.5
935        136     24     17     3365.5      776.7
936        244     27     44     3583.3      787.7
937        132     16     18     3710.1      777.5
938        131     20     24     3747.3      778.0
939        145     22     25     3877.1      781.2
940        115     21     19     1213.6      780.1
941        230     29     32     3625.8      785.8
942        112     24     16      266.6      779.9
943        179     29     21     1612.1      781.5
944        217     37     27     2500.8      784.2
945        123     19     23     2532.9      781.0
946        144     28     21     3507.3      782.7
947        101     22     15     3727.5      778.0
948        363     54     28     1242.6      786.8
949        158     20     25     1743.0      788.9
950        149     24     19     3535.2      784.9
951        121     25     20      916.8      785.9
952        205     23     31     1009.8      790.1
953        148     25     18     3765.6      784.7
954        232     36     36      632.9      798.1
955        211     26     30     2277.4      792.2
956        151     19     28     2636.4      789.9
957        316     34     35     2707.3      793.3
958        166     28     16     2760.6      787.0
959        104     18     17     2811.0      785.0
960        126     30     16     3134.4      783.8
961        372     44     42     1143.8      800.1
962        312     39     38     2010.6      796.1
963        124     28     14     3489.0      788.5
964        102     17     22     3550.8      789.2
965        151     29     17     3960.4      791.4
966        203     36     22      846.1      794.3
967        133     31     17     2234.6      788.1
968        134     16     26     3053.9      795.6
969        114     28     17      944.6      793.6
970        560     58     48     1036.5      805.4
971        527     47     51     2604.3      806.1
972        106     19     23     2671.1      794.6
973        117     24     19     2856.2      794.1
974        124     29     14     2890.5      789.7
975        470     43     54     3821.6      808.7
976        199     27     36     3981.7      804.5
977        137     32     18      681.4      798.2
978        523     33     66     3162.2      821.1
979        149     34     14     3917.9      795.3
980        106     13     19      228.0      797.8
981        172     23     27     1378.6      803.3
982        112     15     24     1574.9      800.3
983        127     24     24     1879.2      802.0
984        101     16     27     2072.1      802.7
985        177     28     26     2117.5      802.1
986        270     29     50     2146.4      811.8
987        144     19     27     2831.8      803.1
988        124     21     22     3105.2      803.2
989        158     19     28     3945.4      804.3
990        279     44     26      715.3      806.1
991        157     26     15     3003.7      800.7
992        106     21     15     4357.1      799.7
993        108     16     17     1533.9      800.8
994        217     20     28     2681.5      806.8
995        153     20     24     2906.7      808.2
996        332     51     38     3034.3      812.8
997        197     31     34     3609.8      812.7
998        512     71     56      129.1      826.9
999        102     26     15     2182.2      802.3
1000        226     27     33     3476.5      812.0
1001        138     14     27      751.3      811.6
1002        116     25     17     1234.3      804.5
1003       1081     64     77     2744.1      827.9
1004        108     20     21     3076.7      807.0
1005        139     21     20     3337.1      807.6
1006        244     33     34     3407.5      817.5
1007        138     24     24     3641.0      808.9
1008        116     23     22      347.6      811.0
1009        376     43     49      782.8      821.8
1010        101     13     24     1754.2      808.3
1011        301     33     34     2237.7      816.9
1012        177     23     25     2867.3      813.6
1013        153     31     21     3226.8      809.9
1014        185     15     34     4103.7      817.8
1015        343     36     33       75.9      819.2
1016        270     40     24     1306.4      810.8
1017        153     22     26     1338.7      814.6
1018        255     30     24     3796.6      813.7
1019        152     18     27      955.2      818.5
1020        111     16     16     2045.4      810.7
1021        202     22     32     4012.3      820.8
1022        173     20     26     4157.8      816.7
1023        169     26     24     4293.1      815.7
1024        193     21     36     1093.7      824.7
1025        135     31     13     1188.0      812.4
1026        205     31     24     1220.2      819.5
1027        115     26     16     1475.5      814.7
1028        179     21     28     3744.6      820.7
1029        116     16     22     3919.9      816.5
1030        453     49     35     1258.0      827.5
1031        261     36     35     2803.0      822.8
1032        133     24     21     2992.6      817.1
1033        135     19     27     3434.3      821.8
1034        102     21     19     3899.1      818.1
1035        238     33     24     2446.7      821.6
1036        131     17     22     2594.7      822.4
1037        159     16     31     1151.6      827.5
1038        106     24     17     1604.9      820.7
1039        261     34     23     2164.0      823.3
1040        106     18     26     2181.9      827.5
1041        140     29     16     2965.8      819.7
1042        120     17     22     1308.3      825.6
1043        276     46     30     2084.4      826.2
1044        159     29     20     3197.8      825.3
1045        121     23     27     4507.0      828.6
1046        100     21     15      529.8      822.6
1047        100     20     16      625.4      824.1
1048        174     25     21      712.2      828.0
1049        171     24     23      835.8      825.8
1050        260     27     34      860.7      832.6
1051        182     34     27     1336.4      830.4
1052        115     18     24     1571.1      826.9
1053        171     18     24     1731.3      827.4
1054        107     16     14     2506.1      822.4
1055        114     21     19     3705.0      825.5
1056        102     15     18     3004.9      826.9
1057        288     37     30     3118.1      832.6
1058        153     22     22      437.1      831.3
1059        246     35     31      909.6      834.6
1060        142     33     18      981.8      829.4
1061        142     26     19     1750.8      829.2
1062        185     24     25     2911.0      833.8
1063        194     23     25     3028.3      831.4
1064        103     18     17      407.4      829.9
1065        398     36     39     1645.7      842.2
1066        205     22     43     2715.8      846.0
1067        181     23     27      881.0      837.4
1068        276     34     28     1868.4      836.9
1069        156     22     28     2059.4      838.1
1070        229     25     31     2876.9      842.6
1071        101     20     18     3568.2      831.9
1072        145     28     20     3782.2      831.1
1073        372     42     38     1173.9      846.3
1074        288     22     47     2568.0      846.7
1075        492     42     45     2674.2      851.4
1076        123     20     16     2860.0      833.1
1077        158     21     24     3801.7      837.8
1078        111     26     14      811.3      835.1
1079        122     19     20     1799.6      837.9
1080        106     15     22     1959.7      838.0
1081        148     28     19     2959.9      837.8
1082        174     19     27      291.6      844.2
1083        286     26     41      936.0      849.2
1084        322     34     36     2417.6      844.0
1085        190     28     35      408.4      849.5
1086        119     26     18      976.5      841.1
1087        121     18     22     1001.3      842.2
1088        280     28     34     1726.4      851.9
1089        160     22     23     2198.5      839.7
1090        246     29     26     2828.2      844.0
1091        131     29     20     3289.8      841.4
1092        461     56     39     1364.9      847.3
1093        110     23     26     2034.0      847.3
1094        236     30     29     2081.9      850.7
1095        234     29     30     2167.5      846.4
1096        131     20     16     2280.6      841.1
1097        119     17     18     2445.2      842.1
1098        118     19     23     2587.3      847.3
1099        141     22     31     2477.7      851.7
1100        367     48     29     2632.7      847.8
1101        296     44     26     2926.4      851.6
1102        106     18     19     4086.8      846.5
1103        115     18     26      849.7      851.2
1104        100     18     18     1041.6      846.9
1105        145     22     20     2224.1      847.1
1106        531     53     46     3046.3      869.6
1107        100     19     18     1122.0      849.7
1108        159     20     29     1942.5      857.1
1109        187     22     26     2118.5      854.4
1110        216     32     24     3676.7      856.1
1111        176     21     28      177.5      857.9
1112        327     46     30     1566.2      857.9
1113        241     28     32     1907.0      860.2
1114        134     24     27     3001.3      856.9
1115        303     26     42     3091.7      864.3
1116        156     22     24     3140.4      854.0
1117        101     21     21     3368.0      854.4
1118        174     28     21     3477.0      855.3
1119        364     40     33      712.5      862.4
1120        101     18     13     1596.1      852.3
1121        601     54     37     1766.6      865.5
1122        175     25     26     1832.9      860.4
1123        478     47     51     2258.3      870.3
1124        112     24     22     2808.8      856.8
1125        113     13     24     3322.3      857.4
1126        161     20     26     3707.2      857.8
1127        179     21     29      124.3      861.1
1128        152     26     20     1292.3      856.6
1129        116     17     19     1477.0      857.7
1130        105     21     15     1520.5      857.1
1131        121     17     16     3756.1      855.7
1132        185     26     22     3771.5      859.3
1133        108     12     25     3876.5      860.4
1134        278     36     30     4013.2      865.1
1135        375     39     46     1065.9      876.8
1136        107     21     15     1207.4      858.6
1137        140     20     28     1625.6      864.4
1138        492     36     50     2445.8      872.8
1139        130     18     26     2516.5      862.1
1140        124     16     25       52.8      862.8
1141        194     36     25      390.9      866.0
1142        213     27     25      686.4      864.9
1143        187     34     29      800.9      867.5
1144        377     39     44     1003.4      876.8
1145        145     23     36     2829.6      870.5
1146        101     22     14     3538.3      858.3
1147        126     27     21     3601.7      863.5
1148        111     18     23     4330.2      863.8
1149        109     22     24     1700.8      863.5
1150        133     28     24     1852.8      867.2
1151        345     23     63     2891.7      886.6
1152        273     35     29     3351.1      871.1
1153        105     16     28     3892.5      868.8
1154        108     16     18     4223.5      862.5
1155        105     19     16      530.6      865.2
1156        105     15     19     1275.6      865.4
1157       1133     99     58     2510.1      886.5
1158        110     18     25     1111.1      871.6
1159        150     24     21     1253.5      867.4
1160        207     33     21     3235.4      867.5
1161        121     15     30       58.4      875.5
1162        146     34     20      204.8      869.9
1163        191     23     20     2084.9      869.6
1164        626     57     56     2238.7      889.6
1165        196     26     28     2754.2      875.2
1166        209     28     27     3283.6      874.3
1167        120     22     17      619.4      869.5
1168        274     33     36      773.8      883.1
1169        160     32     17      818.0      871.0
1170        187     21     34     1315.2      876.4
1171        119     14     26     1686.2      875.1
1172        104     13     26     2696.0      872.0
1173        110     12     24     3406.4      874.2
1174        160     17     30     3857.5      877.8
1175        134     30     32      730.4      878.6
1176        176     23     31     1293.0      876.9
1177        199     29     29     1537.2      879.8
1178        158     27     18     3481.0      872.6
1179        102     20     16     4042.0      871.6
1180        117     16     36     1212.8      883.7
1181        125     16     21     1512.4      876.0
1182        104     20     22     2310.2      876.8
1183        105     19     19     2867.2      877.0
1184        217     45     43      369.4      892.3
1185        245     21     38      479.7      888.6
1186        181     22     33     2815.8      884.1
1187        376     36     35     2974.9      883.9
1188        193     30     22     3933.9      879.4
1189        101     13     21     4506.6      878.6
1190        132     22     20      753.0      880.4
1191        369     34     35     1635.6      888.1
1192        127     22     22     1930.2      883.8
1193        102     21     12     2333.3      875.5
1194        239     29     25     3561.1      882.5
1195        137     30     19     3730.8      877.9
1196        141     27     23     4325.5      882.1
1197        155     21     27      379.8      887.4
1198        116     21     18     1664.5      879.8
1199        182     24     31     3124.7      887.4
1200        105     16     19     3541.3      881.1
1201        151     24     23      106.0      883.9
1202        125     31     15     2112.1      882.7
1203        277     24     40     3168.1      893.2
1204        152     28     22     3519.1      884.3
1205        390     40     43      854.7      895.9
1206        261     29     33     1399.3      887.9
1207        662     51     66     2683.7      915.6
1208        157     21     23     2713.3      887.6
1209        250     30     41     3741.1      894.2
1210        156     19     37      311.7      897.3
1211        129     13     25      930.6      888.9
1212        120     22     18     1357.6      885.7
1213        145     19     19     1422.6      887.5
1214        113     18     24     1677.8      891.6
1215        219     22     39     1702.0      897.5
1216        268     25     34      204.0      895.8
1217        105     16     20      241.8      890.2
1218        175     25     22      294.5      891.6
1219        106     20     22     1276.0      891.0
1220        204     28     32     2022.3      895.6
1221        188     20     26     3044.4      891.6
1222        116     29     12     3249.3      885.7
1223        198     24     39     3275.3      895.6
1224        102     19     17     3833.3      888.4
1225        146     30     31     4443.5      894.9
1226        121     22     18      265.6      890.0
1227        168     23     22      351.3      893.2
1228        105     27     13     2054.9      890.0
1229        491     39     51     2289.2      904.0
1230        143     18     22     3893.9      894.0
1231        106     24     15     4157.5      889.5
1232        144     25     20      881.0      893.7
1233        223     26     27     2557.8      897.0
1234        508     42     48      699.0      912.2
1235        316     27     46      944.1      909.6
1236        167     19     24     1512.7      899.1
1237        131     19     22     2422.1      895.1
1238        111     18     24      136.2      899.1
1239        239     38     22     1564.2      899.8
1240        204     20     43     2188.9      909.1
1241        101     21     15     2370.8      895.7
1242        105     16     21     2541.2      899.0
1243        305     36     32     2773.6      905.6
1244        161     19     31     4288.5      898.8
1245        105     17     23     2407.4      903.0
1246        238     25     40     2913.2      910.5
1247        120     22     25      752.8      902.4
1248        130     25     22      899.8      904.1
1249        157     26     22     1779.7      903.6
1250        233     28     29     2505.6      909.5
1251        103     19     13     2845.9      897.7
1252        142     22     20     3511.0      900.7
1253        280     42     39      636.5      914.9
1254        155     22     29      733.2      909.4
1255        117     21     20      972.9      905.2
1256        109     28     13     1861.2      901.5
1257        123     22     25     2044.8      906.3
1258        207     25     25     2387.6      906.7
1259        175     31     26     2439.3      906.2
1260        139     21     20     3700.2      903.4
1261        119     20     14      402.5      902.7
1262        135     24     18      437.2      905.9
1263        292     30     37      669.3      912.9
1264        174     22     33     1470.9      913.0
1265        215     27     24     2828.7      908.7
1266        157     27     19     3649.2      906.3
1267        121     16     23     3790.9      906.4
1268        127     22     20     4037.9      906.5
1269        174     23     26      115.3      910.8
1270        121     18     24     1173.4      911.3
1271        110     16     20     1306.0      906.8
1272        114     30     18     1358.4      905.1
1273        328     30     32     2630.1      913.6
1274        114     23     18     3122.8      906.7
1275        105     14     20     3155.2      906.6
1276        183     26     17     3852.3      907.3
1277        100     15     18     3974.5      906.7
1278        129     21     30     4259.7      913.4
1279        124     23     16        9.0      908.1
1280        102     17     15       73.6      907.8
1281        334     24     52      553.0      922.9
1282        111     21     21     2335.9      911.9
1283        155     29     21     3058.5      910.3
1284        164     21     29     3333.1      911.4
1285        254     35     30     3879.0      917.1
1286        337     40     30      790.0      916.2
1287        228     40     34      882.7      919.8
1288        143     27     17     1343.7      909.3
1289        130     27     16     2103.4      907.0
1290        223     28     26     2740.1      915.0
1291        117     24     14     3576.4      910.2
1292        173     19     26     1026.7      914.9
1293        120     19     17     1857.3      912.1
1294        184     22     39     2159.2      923.1
1295        154     32     15     3305.7      911.5
1296        124     18     28     4187.1      916.8
1297        115     17     15     1066.4      913.3
1298        164     19     38     1137.1      928.1
1299        113     13     18     1974.6      913.9
1300        139     23     17     3421.7      913.7
1301        147     30     23     3777.9      919.0
1302        108     14     24      575.5      921.1
1303        116     22     15     2001.1      913.0
1304        131     19     27     2066.5      922.0
1305        292     35     34     2546.8      921.1
1306        139     13     30     2966.1      922.9
1307        168     21     36     1311.6      925.6
1308        109     28     17     1510.4      919.0
1309        133     17     27     1561.3      925.4
1310        103     16     20     1618.1      918.4
1311        105     15     24     2255.8      923.4
1312        178     21     30     2453.2      923.6
1313        344     28     39     3903.0      927.5
1314        103     16     20      237.8      921.6
1315        215     25     28     1080.6      927.5
1316        146     25     18     1297.8      920.3
1317        132     20     24     3499.4      923.8
1318        105     27     23     4580.8      921.4
1319        154     20     23     1583.8      925.2
1320        120     26     14     1810.7      920.7
1321        101     20     13     2786.7      920.5
1322        171     31     23     3477.3      926.0
1323        127     17     32     3658.2      929.3
1324        179     32     31      915.2      930.8
1325        122     26     16     1374.9      923.9
1326        503     45     55     3200.4      941.4
1327        143     25     22     4032.5      926.2
1328        134     17     29      385.6      932.4
1329        123     19     27     1713.3      933.1
1330        269     31     33     1930.6      937.0
1331        159     17     33     2593.3      933.6
1332        277     38     29     3060.7      931.7
1333        100     20     17     3155.5      925.8
1334        231     27     30     3373.1      933.8
1335        141     21     34     4235.5      933.3
1336        160     29     24     4702.2      930.6
1337        134     30     15     1159.1      926.7
1338        101     23     14     1532.7      926.6
1339        130     21     26     1841.2      930.9
1340        213     26     22     2525.3      931.3
1341        100     21     12     3437.0      925.2
1342        179     31     21     3595.9      930.8
1343        144     25     25       19.2      936.5
1344        245     18     42     1639.7      940.3
1345        172     28     20     1980.8      933.1
1346        422     40     39     2764.2      942.9
1347        125     18     21     3289.8      930.6
1348        308     26     38     2177.5      944.9
1349        286     24     39     2831.5      946.8
1350        112     23     18     3822.1      934.5
1351        136     20     23     1387.6      936.8
1352        156     21     26     1500.7      939.1
1353        224     30     31     1669.2      937.5
1354        106     20     14     2487.0      931.6
1355        139     16     27     2885.8      937.4
1356        200     19     36     1335.0      944.6
1357        395     44     32     1468.1      944.3
1358        104     15     17     3872.4      936.8
1359        243     20     38      842.2      947.4
1360        156     29     23     1796.2      941.1
1361        112     25     11     1897.0      935.5
1362        111     16     23     2034.8      942.4
1363        103     17     16     2407.8      937.3
1364        105     17     17     3142.8      937.3
1365        118     17     23     3771.6      942.5
1366        272     35     31     4068.7      945.9
1367        110     19     15     2384.0      938.7
1368        148     16     24     2661.2      943.3
1369        289     23     40      537.4      954.6
1370        129     21     19      815.3      941.4
1371        428     45     37     1110.1      951.2
1372        167     20     29     1912.7      948.1
1373        466     59     36     2491.0      952.9
1374        114     20     19     2790.8      942.3
1375        369     42     40      212.7      959.1
1376       1065     53    104      687.1      987.8
1377        196     39     26      966.5      950.2
1378        110     16     28      986.8      949.8
1379        118     22     23     2263.3      948.2
1380        263     33     29     2911.9      947.8
1381        331     33     39     3024.1      955.4
1382        106     15     24     3563.7      945.6
1383        102     17     22      168.2      948.9
1384        146     21     21     1198.6      949.1
1385        347     34     41     1217.4      954.7
1386        134     28     22     1524.3      951.0
1387        174     29     15     2088.2      944.8
1388        226     37     28     3099.5      948.0
1389        100     14     16      310.0      948.1
1390        250     34     25      510.6      950.9
1391        396     42     38      803.7      959.2
1392        317     36     36     1890.9      959.2
1393        108     21     16     3128.2      946.9
1394        138     13     30     3151.9      953.6
1395        191     31     19     3827.9      949.6
1396        159     19     25     4723.8      952.6
1397        242     44     24       73.3      952.3
1398        193     25     26      860.6      952.6
1399        163     33     21      903.9      951.8
1400        232     28     29     1974.4      957.8
1401        119     17     20     2057.7      952.1
1402        199     30     23     2857.7      951.2
1403        223     32     21     3243.8      953.3
1404        116     21     14     3318.5      948.9
1405        190     29     23      428.6      957.4
1406        104     28     12     2563.1      948.7
1407        109     20     17     2711.0      952.1
1408        137     25     13     3431.4      949.4
1409        415     48     52     3729.7      968.8
1410        493     51     37      607.6      965.5
1411        594     64     49     1345.6      970.6
1412        802     47     62     1487.2      975.4
1413        110     27     15     3002.7      953.9
1414        255     33     40     3075.8      961.0
1415        339     26     47     3655.5      966.8
1416        120     24     18     1013.0      958.3
1417        159     30     24     1736.0      961.3
1418        414     45     43     1855.8      967.9
1419        127     16     26     2422.7      959.7
1420        193     32     26     2736.2      961.0
1421        378     48     43     3874.6      972.2
1422        248     36     25     1244.1      964.1
1423        136     22     28     1377.6      964.3
1424        276     37     36     2543.3      970.4
1425        133     17     28     2696.2      965.6
1426        509     36     52     3405.8      976.2
1427        148     21     26      714.3      966.8
1428        102     14     19     2094.7      961.7
1429        150     16     27     2441.9      965.8
1430        218     29     29     2666.7      969.5
1431        120     33     16     3114.7      960.1
1432        121     25     19     3185.7      962.1
1433        118     24     25     4730.6      967.1
1434        114     18     17       54.8      964.4
1435        370     41     47      319.9      975.1
1436        182     25     19      776.5      964.7
1437        150     22     19      891.0      964.9
1438        134     23     21     1655.3      964.8
1439        100     18     20     3275.2      964.4
1440        151     23     18     3434.1      962.7
1441        120     17     20      568.6      965.4
1442        189     25     31     1453.8      969.4
1443        181     25     22     1525.6      965.9
1444        122     22     23     2524.8      968.7
1445        404     41     47      960.4      976.8
1446        340     51     33     1809.4      974.3
1447        115     18     18     1931.9      968.2
1448        119     18     24     2933.5      971.2
1449        303     38     47     3231.2      980.9
1450        140     23     23     3512.9      968.5
1451        111     25     21     4205.4      970.6
1452        140     25     16       12.1      966.8
1453        156     26     24     2302.9      972.0
1454        246     26     28     2583.7      973.7
1455        115     16     21     2781.3      969.4
1456        105     13     21     2802.3      968.7
1457        127     22     17     3359.7      968.2
1458        193     29     25      531.5      974.0
1459        103     17     19     2467.2      970.5
1460        184     28     31     2507.4      977.2
1461        108     22     19     2614.5      968.0
1462        509     43     53     3560.0      987.5
1463        113     24     22     4431.4      971.8
1464        378     27     51      871.9      987.8
1465        115     21     23     1775.1      977.0
1466        134     15     24     2430.2      977.0
1467        137     19     28     2756.8      975.1
1468        298     32     29     4050.4      977.6
1469        143     20     33      279.2      984.0
1470        278     32     34     1059.9      983.8
1471        174     30     19      124.6      976.2
1472        182     36     28      237.9      980.4
1473        109     28     18      399.6      978.2
1474        303     39     32     1191.7      986.4
1475        126     18     19     2274.7      979.7
1476        144     19     26     2990.1      982.0
1477        154     22     17     3148.5      976.5
1478        130     19     26     3582.7      980.7
1479        131     20     24      419.0      983.1
1480        174     22     21     1677.3      982.7
1481        145     17     23     2825.3      981.9
1482        157     25     25     3168.0      981.9
1483        209     24     32     3203.3      984.7
1484        103     15     20     3764.2      980.4
1485        129     19     19     1020.5      981.9
1486        106     15     21     1904.9      982.7
1487        294     39     32     1938.2      986.9
1488        300     29     34     2002.8      989.7
1489        193     26     23     2077.2      981.9
1490        149     21     25     2234.7      983.0
1491        145     21     24     2745.6      984.6
1492        106     21     19     2875.9      981.4
1493        225     40     24     3697.2      983.9
1494        105     18     19     4106.0      982.4
1495        182     28     25      796.1      989.4
1496        190     33     16     1548.3      981.7
1497        122     26     22     1633.9      983.0
1498        588     37     51     2211.4      998.0
1499        137     19     18     2458.4      981.5
1500        121     16     25     2640.0      988.4
1501        153     29     21     3021.7      985.3
1502        217     43     21     3108.4      983.8
1503        239     29     35      214.0      992.9
1504        101     14     16      599.3      985.3
1505        199     32     25     1279.3      987.2
1506        125     17     27     1691.4      990.8
1507        285     37     28     2479.9      991.9
1508        157     21     24     1877.3      987.1
1509        174     36     23     2349.6      987.7
1510        159     18     25     2675.0      989.6
1511        292     41     38     2821.8      999.4
1512        280     45     40     3305.6      995.3
1513        191     24     24     4080.9      991.8
1514        114     13     22     4348.0      987.4
1515        106     24     16     4403.4      985.1
1516        112     17     21     4499.2      987.9
1517        141     17     20     1151.0      988.8
1518        151     20     27     1732.6      994.9
1519        108     16     20     1828.6      988.6
1520        371     38     37     2109.1      997.5
1521        106     17     18     2444.3      988.8
1522        212     29     35     2662.0      999.9
1523        354     46     33     3508.7      996.7
1524        101     14     24     3635.6      991.4
1525        192     23     35     2700.5      999.9
1526        112     21     17     2788.5      991.8
1527        167     36     19     3372.3      993.4
1528        252     21     43      993.9     1005.3
1529        387     44     34     1449.8     1002.2
1530        460     48     49     1661.6     1007.7
1531        107     18     20      239.1      997.7
1532        211     21     33      853.8     1003.0
1533        152     17     27      888.5      997.8
1534        310     34     38     1523.7     1006.2
1535        101     20     13     2023.6      994.4
1536        100     14     16     2388.0      994.8
1537        157     21     19     2572.5      996.4
1538        118     18     16     3063.3      991.1
1539        385     37     43     3119.5     1006.1
1540        398     44     40      739.8     1008.9
1541        304     44     25     1088.0      997.0
1542        110     17     21      493.8     1002.6
1543        213     29     30     1413.6     1002.3
1544        311     44     28     1854.3     1002.7
1545        107     20     21     2251.3     1001.1
1546        129     14     31     2366.8     1006.8
1547        496     44     45     3262.2     1010.4
1548        194     24     29     3798.9     1004.9
1549        123     25     15     3960.1      997.3
1550        278     49     25     4747.7     1003.9
1551        175     26     22      171.0     1003.0
1552        287     29     45      225.4     1017.3
1553        184     33     27      433.2     1004.7
1554        120     25     18      512.8     1000.7
1555        121     21     23     1306.1     1005.3
1556        201     32     26     1957.2     1005.3
1557        137     19     23     2763.3     1002.1
1558        147     24     21     3462.2     1001.1
1559        144     23     21      471.1     1006.0
1560        102     23     18     1505.2     1001.0
1561        122     26     16     3081.0     1002.3
1562        123     21     23     4424.3     1003.7
1563        286     38     43     2942.9     1018.6
1564        169     25     30     3473.1     1013.0
1565        133     27     17     3700.2     1003.5
1566        140     22     23     1113.8     1010.8
1567        354     47     25     1249.0     1011.6
1568        267     27     42     1808.2     1019.9
1569        241     28     27     2180.2     1013.3
1570        145     27     21     2737.7     1009.1
1571        218     29     33     3365.7     1016.1
1572        191     36     19     3735.5     1007.4
1573        114     21     25     4585.8     1011.1
1574        112     23     24      345.9     1009.5
1575        287     29     42      803.8     1023.7
1576        120     22     18      949.3     1006.4
1577        111     27     11     1705.2     1005.8
1578        234     31     30     2078.7     1014.4
1579        196     24     36     2706.4     1016.5
1580        289     33     34     3171.7     1015.4
1581        117     22     20     3385.1     1008.0
1582        160     37     25      136.3     1012.0
1583        384     34     48     1327.7     1029.9
1584        109     18     17     1373.8     1008.5
1585        822     84     63     2473.6     1040.7
1586        306     39     26     2506.3     1016.3
1587        120     23     17     2650.8     1010.2
1588        211     28     28     3914.1     1014.0
1589        131     24     15      970.5     1011.4
1590        244     37     28     1568.6     1018.3
1591        348     35     33     1769.1     1019.0
1592        117     24     18     1883.0     1014.8
1593        435     34     52     2609.9     1029.9
1594        111     16     19     3191.7     1013.2
1595        221     28     31     3589.6     1019.1
1596        101     12     19     1062.5     1015.1
1597        229     29     21     1202.5     1018.1
1598        104     17     24     1745.3     1017.8
1599        489     33     53     2009.6     1026.8
1600        113     24     16     2248.9     1014.0
1601        622     54     52     2325.6     1035.2
1602        116     27     16     2619.4     1014.3
1603        118     29     20     4104.9     1016.6
1604        448     47     42      187.3     1030.2
1605        293     31     32      877.1     1025.0
1606        137     21     29     1686.9     1025.7
1607        105     17     30     2119.3     1020.6
1608        154     28     18     2389.0     1015.8
1609        626     33     75     3015.6     1047.0
1610        178     33     25     3437.9     1020.8
1611        106     16     23     1352.0     1021.1
1612        124     21     16     2102.3     1017.8
1613        131     26     25     2994.5     1023.1
1614        337     40     36     3621.6     1025.9
1615        119     17     18      304.6     1021.9
1616        120     24     20     1111.4     1023.2
1617        166     16     26     1287.9     1024.9
1618        150     20     35     2030.6     1031.3
1619        107     14     17     2279.4     1020.7
1620        125     23     19     2352.1     1021.1
1621        495     48     58     4033.9     1045.5
1622        110     19     18      132.5     1022.1
1623        106     17     17      587.8     1023.2
1624        199     27     22      708.1     1026.4
1625        139     27     25     1177.2     1027.6
1626        105     22     16     1303.3     1021.9
1627        234     23     30     1620.6     1030.2
1628        261     44     31     2051.5     1031.9
1629        106     23     18     2650.7     1022.1
1630        103     16     16     3037.0     1020.7
1631        247     27     28     3234.9     1025.3
1632        102     28     14     2751.4     1023.2
1633        342     38     41     3400.1     1032.2
1634        169     31     21     3525.9     1026.7
1635        124     24     18     3860.8     1025.0
1636        124     19     17       88.0     1025.8
1637        107     15     21      836.4     1028.8
1638        163     31     20     2479.3     1030.1
1639        121     20     20     2548.2     1027.9
1640        422     48     34     2784.2     1033.6
1641        144     30     16     3761.8     1024.0
1642        251     22     40       67.1     1039.2
1643        266     42     35      561.9     1035.0
1644        116     23     22     1128.5     1030.8
1645        104     18     17     1989.2     1028.2
1646        245     25     33     2429.9     1034.1
1647        112     17     20     2848.2     1031.4
1648        133     12     29     3571.7     1035.8
1649        150     21     19     3687.9     1029.1
1650        148     17     23     4307.8     1031.9
1651        118     19     20      274.3     1031.8
1652        208     29     34      630.5     1038.5
1653        326     42     44     2391.4     1049.5
1654        250     23     40     2983.1     1042.4
1655        509     39     44     3118.4     1044.8
1656        125     17     26     3323.6     1032.8
1657        104     21     16     3449.8     1028.8
1658        207     31     19     3725.8     1031.0
1659        108     13     26     3831.4     1035.7
1660        208     27     40     3886.6     1037.1
1661        100     26     22      249.8     1036.3
1662        156     25     16      939.2     1031.8
1663        249     37     25     1363.6     1039.0
1664        307     39     43     1384.1     1044.7
1665        570     36     66     2923.1     1050.2
1666        198     29     29     1513.5     1042.9
1667        139     22     18     1546.2     1033.2
1668        179     17     31     1566.3     1039.4
1669        103     16     30     2109.2     1041.2
1670        408     40     47     2276.0     1051.7
1671        677     50     65     2806.3     1055.3
1672        184     24     23     3195.5     1037.2
1673        490     49     37     3293.3     1046.7
1674        112     14     19     4104.8     1037.2
1675        115     25     15      105.9     1036.2
1676        165     24     22      338.8     1037.5
1677        252     34     24      913.3     1040.6
1678        241     40     25     1164.7     1044.2
1679        101     18     18     3544.3     1040.4
1680        199     30     29     4282.3     1041.8
1681        183     25     21      719.0     1043.1
1682        188     23     24     1436.4     1044.6
1683        540     47     50     2543.1     1060.3
1684        450     40     54      323.8     1062.7
1685        168     40     23      524.4     1042.9
1686        154     22     28      965.3     1046.9
1687        130     17     28      666.9     1049.8
1688        124     17     25      694.3     1048.8
1689        125     19     14     1581.4     1043.2
1690        455     65     31     1710.8     1052.6
1691        119     29     17     1959.3     1045.4
1692        119     22     22     2092.9     1046.5
1693        159     35     17     3085.8     1044.8
1694        100     16     16     3268.1     1042.9
1695        571     63     41     3631.4     1053.9
1696        127     31     27      149.8     1052.8
1697        204     23     24      771.9     1049.1
1698        115     17     31     1271.6     1051.9
1699        168     22     29     1284.7     1053.5
1700        115     16     20     1929.7     1046.4
1701        333     48     31     2042.3     1051.7
1702        353     22     47     3158.8     1062.1
1703        111     12     23     3172.9     1049.2
1704        126     29     19     3769.0     1046.0
1705        162     38     25     3954.6     1052.5
1706        107     18     21     4466.5     1048.6
1707        289     32     39      120.1     1061.9
1708        184     24     27      206.6     1053.2
1709        248     33     30      440.1     1057.9
1710        106     12     20      817.5     1050.3
1711        110     19     20     2874.5     1050.2
1712        181     22     30     2940.8     1053.4
1713        196     24     32     3986.6     1057.4
1714        104     23     16     4097.3     1049.4
1715        145     25     15      412.6     1049.9
1716        117     19     15     1655.9     1049.1
1717        323     39     54     2074.6     1072.7
1718        115     21     16     2417.2     1049.9
1719        363     31     37     2660.8     1062.4
1720        404     55     30     3466.1     1056.2
1721        208     30     22      799.2     1056.4
1722        187     30     23     1041.8     1053.1
1723        215     31     41     2706.6     1065.0
1724        158     25     22     4248.2     1055.8
1725        165     29     24     4328.9     1055.5
1726        113     17     21       26.8     1056.4
1727        228     27     30      501.3     1062.5
1728        242     39     28     1559.1     1056.4
1729        113     16     22     2080.0     1058.0
1730        225     30     27     2993.1     1060.9
1731        380     48     35     3063.5     1064.9
1732        157     19     21     3196.3     1055.5
1733        108     29     16     4069.8     1054.1
1734        584     43     68      240.4     1083.8
1735        356     31     35     2166.8     1064.2
1736        218     19     49      546.3     1074.4
1737        190     29     28      906.0     1061.8
1738        136     28     22      948.4     1059.9
1739        206     17     34     1195.5     1066.7
1740        158     24     19     1634.4     1058.7
1741        362     38     34     1886.4     1065.4
1742        174     22     29      720.5     1066.5
1743        198     27     22      860.6     1063.1
1744        267     34     29     1987.4     1067.3
1745        351     48     25     2839.2     1063.6
1746        177     26     30     2901.0     1068.2
1747        103     19     15     4435.0     1057.9
1748        332     33     24      393.7     1064.9
1749        541     46     55     1086.2     1085.7
1750        185     21     31     1604.9     1068.5
1751        105     12     22     1960.7     1066.0
1752        654     63     45     3247.6     1075.3
1753        240     28     33     3525.6     1069.2
1754        106     17     31     4303.7     1069.4
1755        101     19     21      531.7     1066.6
1756        151     19     23     1133.1     1067.4
1757        158     27     29     1229.3     1073.7
1758        142     23     24     2311.9     1067.5
1759        230     26     24     2618.6     1066.9
1760        214     20     29     3096.5     1070.5
1761        189     36     22     3813.4     1066.5
1762        326     48     34     4119.0     1075.7
1763        110     17     17      459.8     1067.7
1764        420     38     37      622.7     1077.3
1765        197     19     33      887.8     1072.6
1766        344     30     37     2489.4     1075.0
1767        146     22     29     3662.8     1069.6
1768        177     16     39     3689.3     1080.8
1769        160     28     19     1294.3     1069.7
1770        335     44     44     1802.1     1080.5
1771        151     25     20     2204.9     1069.9
1772        303     21     43     3190.1     1080.6
1773        155     17     28     3316.9     1071.1
1774        128     19     17     3353.4     1067.0
1775        194     29     30     4516.7     1077.6
1776        121     20     20     2137.8     1071.0
1777        312     22     51     3506.9     1087.0
1778        359     47     36     4419.6     1079.0
1779        214     29     28      766.3     1078.3
1780        124     16     26      962.1     1076.1
1781        109     12     27     1756.1     1077.7
1782        272     21     34     2023.8     1082.9
1783        239     25     36     2592.2     1082.4
1784        183     24     27     4487.8     1078.3
1785        121     15     24       64.6     1077.6
1786        232     43     38      916.8     1085.2
1787        128     26     19     1932.6     1076.0
1788        175     17     33     2395.7     1084.2
1789        128     18     19     3425.9     1075.4
1790        377     33     44     3470.4     1088.7
1791        252     29     36     3550.6     1082.5
1792        555     42     77      177.5     1103.6
1793        203     43     18      457.1     1078.3
1794        126     25     17     1314.3     1077.8
1795        106     14     17     1348.1     1077.6
1796        135     20     20     1652.3     1076.8
1797        124     22     15     2245.8     1076.3
1798        154     23     27     4014.6     1083.3
1799        104     14     21      196.4     1081.4
1800        187     33     21      653.8     1079.8
1801        105     32     15      681.9     1076.4
1802        185     21     24     1836.8     1083.7
1803        104     20     20     2119.0     1079.9
1804        100     17     17     2750.7     1079.3
1805        351     33     36     2972.9     1085.9
1806        113     17     27     3331.2     1084.6
1807        304     36     36     3575.8     1087.1
1808        139     33     20     3827.3     1079.0
1809        119     25     20     3952.4     1078.3
1810        196     26     29      387.5     1087.2
1811        220     28     29      428.8     1087.4
1812        136     24     20      846.2     1080.4
1813        325     27     39     1560.7     1092.1
1814        214     22     35     2004.6     1089.3
1815        125     20     22     2684.8     1081.8
1816        141     15     29     3637.0     1086.2
1817        155     26     23     3903.3     1085.3
1818        143     24     22      115.6     1084.5
1819        213     22     42      970.4     1096.2
1820        540     39     53     2616.4     1103.9
1821        149     26     27     1049.2     1089.5
1822        239     40     37     2355.2     1093.5
1823        107     17     19     3869.9     1085.5
1824        116     22     20     4051.7     1088.4
1825        413     45     32     1306.0     1095.7
1826        250     27     43     1625.5     1101.0
1827        171     24     27     1698.4     1090.8
1828        149     16     27     2102.2     1089.2
1829        106     16     24     2545.2     1092.0
1830        129     20     20     3113.8     1088.0
1831        101     20     15     3133.8     1086.0
1832        100     28     15       93.2     1088.0
1833        113     14     21      513.8     1090.5
1834        186     28     40     2136.2     1100.0
1835        451     27     50     2199.5     1105.5
1836        164     21     29     2798.9     1092.3
1837        302     25     44     2849.1     1103.3
1838        322     31     40     2939.8     1099.0
1839        135     24     28     3239.2     1094.9
1840        131     28     13     3838.8     1088.1
1841        103     25     11     3928.4     1085.5
1842        148     27     21     3967.2     1090.0
1843        139     30     17      270.7     1090.8
1844        340     41     28     1174.3     1093.8
1845        119     16     26     1351.8     1094.4
1846        259     41     22     1467.9     1091.1
1847        182     28     32     3076.0     1097.6
1848        165     21     29     1496.6     1097.7
1849        329     36     36     1766.4     1102.2
1850        164     17     36     2418.8     1102.5
1851        138     12     34     2437.0     1100.0
1852        301     32     40     2741.2     1102.5
1853        167     23     29     3172.7     1094.1
1854        307     35     40     3212.2     1105.4
1855        339     41     27     3618.9     1098.8
1856        127     17     26     3777.5     1096.3
1857        197     35     22     4225.5     1095.9
1858        239     34     20      476.0     1093.9
1859        226     31     35      597.0     1103.7
1860        432     35     40     2177.0     1102.3
1861        127     20     22      810.9     1097.7
1862        182     21     22      838.5     1099.2
1863        423     54     40     2331.9     1110.6
1864        481     40     53     2706.9     1116.3
1865        367     33     41     2771.9     1111.3
1866        260     32     30     3036.2     1102.6
1867        159     22     21     4264.2     1099.5
1868        180     22     28      369.2     1102.7
1869        561     46     39      701.3     1107.4
1870        466     42     62      938.9     1117.2
1871        254     37     42     1510.4     1109.5
1872        169     27     26     1663.8     1105.4
1873        187     24     23     4348.5     1103.2
1874        104     31     15      201.8     1102.4
1875        123     28     17     1150.9     1101.6
1876        161     26     26     1190.1     1105.4
1877        223     35     31     1645.5     1111.8
1878       1170     90     69     2999.2     1122.5
1879        106     17     26     3846.2     1105.5
1880        131     23     22       32.9     1108.1
1881        521     57     45      483.6     1116.0
1882        150     31     23     3263.9     1104.5
1883        100     18     15     3827.0     1103.8
1884        192     21     31     4293.8     1112.2
1885        180     16     43      814.8     1117.7
1886        236     21     26     2679.5     1112.3
1887        197     32     24     2823.6     1113.0
1888        183     20     26       56.8     1110.9
1889        418     59     24      630.2     1113.7
1890        128     14     25      666.8     1111.4
1891        227     27     44      900.1     1122.6
1892        180     26     25     1044.0     1114.4
1893        107     16     15     1709.9     1107.7
1894        527     62     58     2044.6     1126.2
1895        259     33     32     2230.3     1111.4
1896        171     26     23     2532.1     1109.2
1897        248     30     28     2587.0     1114.9
1898        178     26     23     3356.9     1112.8
1899        716     47     53     3389.4     1124.0
1900        157     23     21       80.4     1112.5
1901        112     20     19      384.2     1111.1
1902        213     37     22      757.8     1113.9
1903        193     20     31     1233.5     1117.3
1904        201     33     30     2248.3     1117.3
1905        190     19     27     3340.6     1113.4
1906        114     23     17     1151.3     1113.1
1907        123     25     17     1212.1     1112.8
1908        223     25     34     1395.6     1120.9
1909        299     45     35     1875.6     1118.6
1910        220     40     21     2074.3     1115.6
1911        150     17     29     3076.6     1117.6
1912        196     30     26     3107.9     1119.3
1913        544     46     43     3254.4     1124.3
1914        102     19     22     4242.3     1116.3
1915        161     23     23     4454.4     1116.1
1916        101     13     20        5.9     1113.7
1917        125     25     22     1351.9     1117.4
1918        241     27     25     1926.9     1119.9
1919        141     24     27     3541.2     1121.3
1920        115     19     22      130.5     1118.1
1921        135     22     20      682.0     1119.4
1922        102     18     21      875.1     1117.1
1923        159     16     25     3435.2     1121.7
1924        110     22     24     3839.3     1121.3
1925        131     26     19     4386.8     1120.2
1926        169     22     29      137.2     1127.9
1927        206     29     29     1275.9     1125.9
1928        141     21     21     1723.3     1121.2
1929        320     45     36     1826.0     1124.0
1930        400     40     43     3134.3     1133.7
1931        415     30     44     3166.2     1132.1
1932        216     30     32     3920.7     1128.9
1933        102     16     18     4110.1     1119.6
1934        150     26     19     3300.7     1122.1
1935        954     63     62     3498.1     1140.5
1936        142     25     30     4027.2     1128.9
1937        299     39     37     4686.1     1128.6
1938        103     17     22       47.5     1123.5
1939        130     24     20      563.2     1123.5
1940        212     26     31     2481.7     1129.5
1941        251     25     37     3647.8     1130.3
1942        116     21     18     3867.1     1125.4
1943        131     18     22     1299.5     1126.5
1944        101     20     17     1461.5     1124.0
1945        134     21     21     1633.8     1127.6
1946        281     26     35     2387.0     1135.6
1947        158     30     17      109.2     1124.7
1948        151     22     23      249.8     1128.3
1949        115     19     19      788.0     1126.8
1950        113     20     20     1107.9     1127.1
1951        299     24     41     1171.1     1138.9
1952        105     19     20     1436.8     1127.4
1953        182     26     18     1481.0     1127.2
1954        308     34     38     1790.3     1136.1
1955        162     26     22     2872.0     1128.2
1956        238     32     43     3101.4     1139.3
1957        114     19     28     3185.3     1130.6
1958        249     32     37     3718.0     1139.9
1959        335     60     45      228.5     1144.9
1960        481     41     57     1706.5     1149.7
1961        136     18     24     2957.2     1134.1
1962        168     20     28     3465.6     1131.5
1963        207     32     20     3896.4     1128.5
1964        197     27     30     3972.0     1132.9
1965        115     19     20      166.6     1130.0
1966        101     21     15      305.6     1130.3
1967        102     18     22     1984.9     1133.3
1968        158     27     18      753.9     1132.1
1969        268     27     47     1003.7     1144.2
1970        114     26     19     2602.2     1131.7
1971        182     27     20     2663.2     1135.1
1972        315     43     40     2752.0     1143.8
1973        318     42     47      947.9     1151.7
1974        254     30     33     1913.1     1140.1
1975        258     34     23     2111.7     1138.1
1976        180     24     29     2239.2     1140.8
1977        113     22     18     2643.2     1133.3
1978        139     27     17     2911.7     1134.3
1979        303     38     30     4103.6     1142.2
1980        114     26     17     4371.5     1134.7
1981        335     43     35      515.9     1147.5
1982        247     29     34      704.7     1148.5
1983        170     19     34     1462.7     1146.5
1984        322     35     30     2158.4     1143.3
1985        217     34     28     2203.8     1139.6
1986        226     27     34     2537.7     1143.6
1987        241     32     27     2812.9     1142.8
1988        113     25     14     3436.0     1136.0
1989        136     17     25     3824.9     1140.2
1990        101     22     14       10.2     1137.2
1991        172     23     27      441.5     1144.6
1992        234     28     24      641.8     1141.7
1993        158     26     24     1497.4     1142.8
1994        453     40     48     1846.1     1148.3
1995        108     21     17     1952.3     1139.0
1996        262     33     37     1982.0     1150.7
1997        466     34     60     2265.6     1159.3
1998        307     30     38     2615.1     1147.3
1999        106     13     18     3230.7     1138.4
2000        240     26     28     3679.4     1143.1
2001        190     31     18     3874.0     1139.1
2002        324     22     50     1195.3     1155.7
2003        166     27     17     1247.2     1140.6
2004        120     23     18     1323.9     1141.5
2005        107     19     20     1397.2     1141.3
2006        149     20     21     1667.7     1142.1
2007        156     26     23     1765.3     1144.3
2008        112     20     21     2005.3     1140.6
2009        113     19     24     2332.8     1143.9
2010        117     17     17     2775.4     1140.9
2011        427     61     40     2897.5     1154.3
2012        221     30     28     3539.2     1145.9
2013        138     20     23     3807.3     1144.2
2014        104     15     18      872.0     1143.9
2015        274     30     31     1516.2     1150.9
2016        187     25     28     1614.2     1147.1
2017        155     23     24     2353.9     1149.0
2018        147     19     23     2837.3     1144.5
2019        256     26     42     3997.2     1157.0
2020        103     23     13     4223.2     1139.9
2021        194     23     36     4399.2     1151.5
2022        186     19     37     4480.3     1154.3
2023        109     32     18     4619.2     1143.8
2024        135     23     24       91.2     1148.7
2025        469     52     57     1108.6     1166.8
2026        123     20     26     1879.3     1148.9
2027        142     22     24     2032.6     1147.3
2028        342     27     34     3194.5     1153.0
2029        200     29     22     3225.8     1149.2
2030        139     20     18     3561.7     1144.3
2031        138     18     28     4434.4     1152.6
2032        106     16     16      721.9     1145.3
2033        372     46     42      859.4     1160.7
2034        190     23     29     2476.0     1153.1
2035        220     26     29     2701.6     1147.5
2036        130     26     18     3936.3     1147.5
2037        118     19     17     4035.7     1146.8
2038        265     32     31     2187.8     1154.1
2039        262     38     27     3313.1     1152.7
2040        137     29     19     3353.8     1149.1
2041        137     26     21     3600.0     1151.5
2042        175     21     24      137.0     1153.2
2043        182     23     35     1316.4     1162.8
2044        442     36     59     2130.0     1169.7
2045        245     27     35     2630.1     1162.6
2046        231     30     33     3442.6     1156.7
2047        494     42     46     3625.3     1163.2
2048        456     43     40     3774.4     1161.0
2049        212     34     37     4570.4     1165.7
2050        103     19     22     4893.7     1152.0
2051        516     54     44     1029.4     1163.2
2052        226     27     41     2862.9     1163.5
2053        154     21     24     2958.2     1156.4
2054        111     14     22     4018.9     1154.3
2055        178     31     22     4081.9     1155.3
2056        119     22     12      677.5     1151.6
2057        313     36     44     1074.4     1165.4
2058        137     20     29     1294.1     1160.1
2059        185     24     23     2784.8     1156.0
2060        321     29     47     3397.4     1170.1
2061        109     16     17     3422.1     1155.8
2062        206     26     27     3880.0     1160.1
2063        115     13     27     4466.7     1158.3
2064        155     19     30     4625.7     1163.3
2065        317     31     35      392.5     1163.5
2066        154     21     35      737.2     1167.0
2067        136     23     16      825.3     1154.2
2068        226     24     31     2527.7     1164.5
2069        202     29     21     2724.0     1156.5
2070        149     26     19     4254.1     1156.5
2071        164     25     23     4498.6     1159.0
2072        174     26     24      766.6     1165.7
2073        109     15     19      973.9     1161.0
2074        108     19     19     1782.0     1160.0
2075        161     20     35     2489.5     1168.6
2076        117     19     19     2505.3     1159.4
2077        390     27     53     2664.4     1177.6
2078        158     23     20     2998.1     1161.1
2079        231     31     40     3548.5     1169.9
2080        194     31     20     4175.8     1158.3
2081        104     15     19     4541.5     1158.4
2082        138     20     25      366.2     1164.6
2083        160     31     17     1962.6     1160.1
2084        454     39     37     2819.1     1171.2
2085        197     23     34     3256.8     1167.1
2086        157     17     36     4413.9     1172.8
2087        120     16     21      921.2     1163.9
2088        196     21     34     1618.2     1170.6
2089        201     31     21     1913.8     1165.4
2090        176     21     32     2452.6     1172.7
2091        186     21     29     3140.7     1166.8
2092        102     16     21     3358.0     1166.4
2093        104     13     21     3802.3     1165.6
2094        202     34     21     3826.9     1163.1
2095        141     21     21     3954.1     1165.6
2096        155     20     23      672.6     1168.5
2097        427     46     38     1170.6     1174.9
2098        202     32     27     1819.7     1168.6
2099        131     16     22     3569.0     1164.4
2100        107     24     23     3978.0     1166.5
2101        335     44     37       66.7     1178.3
2102        107     17     16      533.6     1165.9
2103        202     20     43      639.9     1182.2
2104        144     19     26     1276.3     1170.4
2105        127     24     24     1355.4     1171.1
2106        678     54     62     2041.8     1189.7
2107        144     26     19     2943.5     1168.2
2108        172     31     21     3117.1     1169.3
2109        147     20     20     3235.7     1167.6
2110        107     17     18     2649.2     1168.2
2111        296     27     31     2845.6     1173.7
2112        147     19     24     1502.7     1174.0
2113        126     21     23     1549.3     1174.1
2114        102     19     17     1575.1     1170.1
2115        294     29     33     3162.1     1179.2
2116        136     24     20     3209.1     1172.5
2117        259     39     21     3296.2     1174.0
2118        102     19     20     3911.0     1173.3
2119        110     20     15     4039.2     1169.6
2120        107     18     21       21.0     1174.9
2121        149     20     24      340.4     1175.3
2122        105     21     17     2296.5     1172.5
2123        100     21     23     2327.5     1174.4
2124        178     22     34     2439.1     1183.7
2125        119     16     18     2736.6     1172.6
2126        169     24     20     3343.1     1173.4
2127        128     20     19     3415.5     1173.3
2128        466     42     41     4125.1     1183.3
2129        141     32     19     4292.7     1173.3
2130        197     35     26     4691.3     1176.5
2131        152     34     26      476.5     1176.6
2132        188     25     27     1981.2     1178.2
2133        124     29     14     2187.8     1172.8
2134        115     24     20     2470.6     1176.6
2135        232     47     28     3282.9     1185.2
2136        432     66     34     3690.4     1182.6
2137        111     19     18     3733.2     1175.6
2138        211     31     26     3842.2     1177.1
2139        141     17     25     4220.6     1179.5
2140        115     22     15      285.1     1176.4
2141        153     27     23     1525.9     1176.4
2142        182     27     27     1666.0     1180.6
2143        158     30     24     1851.4     1178.6
2144        274     39     31     3080.5     1185.1
2145        114     24     12     3506.7     1172.9
2146        160     28     26     3768.7     1181.6
2147        400     50     54     3789.4     1194.5
2148        117     21     24     4338.2     1177.7
2149        207     24     30      322.2     1186.6
2150        140     26     16      576.1     1177.9
2151        469     62     26     2909.0     1184.4
2152        143     24     18     2994.8     1179.5
2153        121     23     20     3877.1     1177.4
2154        111     19     16     4084.9     1177.5
2155        133     22     20      421.3     1182.4
2156        140     25     23      900.1     1183.8
2157        375     49     36     1127.9     1191.4
2158        332     34     41     1634.8     1191.7
2159        150     22     23     1717.2     1182.0
2160        101     16     21     2206.5     1181.8
2161        111     19     15     3191.4     1178.1
2162        185     26     21     4167.3     1182.2
2163        119     16     27     4400.4     1185.3
2164        127     23     22      207.1     1182.9
2165        294     38     28     1480.5     1186.5
2166        102     14     22     2253.7     1184.9
2167        174     25     21     2618.7     1185.6
2168        124     15     20     3558.4     1182.8
2169        111     20     19     3595.2     1182.3
2170        477     40     48     4479.8     1198.7
2171        208     29     32      826.6     1189.8
2172        108     18     22     2301.7     1185.3
2173        266     41     32     3354.8     1193.8
2174        103     18     15     4240.1     1183.0
2175        129     20     15      495.0     1184.9
2176        106     14     20      756.7     1185.7
2177        160     19     20     1218.7     1186.5
2178        250     34     29     1873.4     1190.4
2179        465     61     33     3308.1     1196.5
2180        145     24     18     3611.6     1185.9
2181        197     25     28      130.8     1195.0
2182        264     21     36      227.3     1197.4
2183        161     22     22      376.1     1191.3
2184        151     27     25      484.8     1194.6
2185        753     61     90     1841.4     1217.7
2186        200     22     29     1945.3     1197.0
2187        104     14     27     2740.6     1195.5
2188        117     27     14     4520.9     1186.4
2189        111     15     22      112.6     1193.8
2190        100     20     14      526.1     1188.3
2191        108     26     11      778.1     1186.4
2192        493     48     45     1371.6     1205.5
2193        531     47     37     1563.0     1198.5
2194        137     31     20     1913.9     1192.4
2195        130     26     24     2498.7     1193.9
2196        275     26     27     2691.6     1193.5
2197        145     21     19     2817.1     1192.7
2198        154     22     23     3007.7     1193.0
2199        104     17     21     4792.1     1189.8
2200        110     23     17       21.6     1191.1
2201        147     19     26       54.7     1194.0
2202        129     24     19      810.7     1193.1
2203        191     21     38     1423.1     1202.1
2204        288     32     44     2278.5     1207.8
2205        721     55     63     2938.8     1213.9
2206        111     18     19     3863.9     1193.1
2207        103     12     30     3915.6     1199.0
2208        179     28     20     4279.3     1195.9
2209        133     19     23     4387.4     1194.8
2210        156     22     26     4762.5     1194.5
2211        294     51     27      173.6     1196.0
2212        294     33     36      252.5     1203.8
2213        142     18     22     1198.5     1197.4
2214        977     40     93     1343.0     1236.2
2215        103     20     18     1601.6     1194.5
2216        102     20     14     4366.4     1194.4
2217        468     40     48      716.6     1215.4
2218        187     21     23      795.0     1199.7
2219        265     41     26     1253.8     1201.6
2220        350     39     38     2094.3     1210.1
2221        163     30     25     2204.6     1203.3
2222        173     40     29     2574.7     1199.9
2223        268     39     21     3483.9     1199.4
2224        259     39     26     3634.8     1199.7
2225        104     20     15      667.4     1195.5
2226        107     27     16     1063.4     1196.6
2227        121     20     19     2351.0     1199.0
2228        463     51     47     2972.7     1209.6
2229        224     41     25     3192.4     1202.1
2230        108     20     13     3941.1     1195.8
2231        116     23     21     4109.1     1201.2
2232        124     20     16      770.2     1199.6
2233        182     23     32     1701.9     1206.1
2234        239     31     30     1783.6     1209.3
2235        162     27     20     4177.4     1203.1
2236        269     33     42      361.5     1212.0
2237        512     48     40      957.0     1216.2
2238        126     25     20     1281.6     1203.5
2239        120     30     15     2767.9     1200.8
2240        231     34     33     2848.2     1214.3
2241        146     29     23     3560.1     1205.5
2242        465     42     51     1501.2     1222.6
2243        375     47     31     1914.5     1210.8
2244        404     38     58     2145.3     1230.7
2245        114     21     15     2233.0     1204.9
2246        300     24     36     2436.4     1215.6
2247        135     16     28     3807.6     1209.6
2248        158     29     26       43.1     1212.1
2249        370     36     39      285.6     1219.5
2250        140     29     25     3351.3     1211.0
2251        109     18     19     3373.3     1206.3
2252        124     20     23     3609.6     1210.2
2253        148     29     22     4374.8     1207.3
2254        129     27     21      487.4     1209.3
2255        101     18     15      522.2     1208.3
2256        115     18     18     2126.2     1207.0
2257        145     34     16     2505.7     1207.8
2258        115     13     27     3076.2     1211.0
2259        136     25     19     3534.8     1210.0
2260        176     24     28     3574.1     1212.5
2261        405     37     41     3650.2     1219.6
2262        218     23     28     3949.5     1213.3
2263        101     15     16     4203.2     1208.7
2264        124     19     28     4243.8     1214.9
2265        212     25     33     4580.5     1218.2
2266        148     17     20      886.1     1210.4
2267        144     21     25     1148.7     1212.0
2268        137     18     26     2347.3     1213.5
2269        225     25     30     2413.9     1218.6
2270        141     28     16      113.6     1212.1
2271        185     18     33      748.8     1219.9
2272        117     17     19      858.0     1213.2
2273        108     17     28     1605.8     1219.7
2274        121     31     17     2044.1     1211.3
2275        767     52     55     2373.0     1229.9
2276        132     34     22     2709.8     1216.2
2277        120     13     29     3196.8     1218.6
2278        174     24     27     3272.6     1218.8
2279        102     29     12     3873.3     1209.9
2280        267     45     23     3917.7     1215.4
2281        100     22     15     4551.3     1211.5
2282        160     31     20      817.3     1214.9
2283        105     21     14     1805.3     1214.6
2284        136     24     22     3393.8     1215.2
2285        144     28     18     3701.5     1216.2
2286        233     25     28     3824.8     1218.2
2287        184     27     30     4020.2     1218.6
2288        515     51     45      162.3     1227.9
2289        130     13     31     1864.0     1221.6
2290        180     27     17     2810.8     1215.0
2291        526     58     37     3239.9     1224.8
2292        109     19     16     3325.3     1214.2
2293        115     22     20      577.3     1219.2
2294        165     28     20      630.5     1219.7
2295        134     24     22     2234.2     1220.4
2296        109     20     15     3010.8     1218.2
2297        174     26     19     3098.0     1219.3
2298        795     68     59     3285.4     1243.3
2299        225     40     30       27.2     1225.4
2300        207     26     31      404.6     1228.2
2301        780     53     54     1218.4     1239.1
2302        153     23     22     1542.0     1223.1
2303        169     21     22     3174.2     1224.5
2304        204     27     30     4118.4     1227.6
2305        117     22     19     4849.1     1220.6
2306        289     37     29      530.4     1230.7
2307        297     39     29      999.8     1231.6
2308        148     23     16     1748.1     1223.4
2309        192     27     21     2896.2     1224.2
2310        190     25     21     3866.2     1223.3
2311        123     18     23     4496.9     1226.2
2312        142     22     17      329.8     1224.3
2313        552     60     46     1798.7     1239.5
2314        257     31     30     3032.0     1230.6
2315        367     38     44     3321.1     1238.5
2316        139     27     14     3360.9     1223.8
2317        109     19     17     3474.6     1222.9
2318        296     35     34     3793.0     1234.0
2319        130     18     19     4275.0     1223.7
2320        113     22     13      192.5     1224.0
2321        103     17     22      444.3     1228.6
2322        256     29     30     1047.5     1230.2
2323        136     24     27     1916.1     1233.8
2324        127     19     21     1946.9     1227.7
2325        291     28     49     2208.8     1246.0
2326        159     22     21     2644.8     1229.0
2327        107     21     22     2753.8     1229.0
2328        110     20     16     2982.9     1224.8
2329        184     23     33     3768.6     1232.5
2330        119     17     24     4782.0     1230.1
2331        135     20     20      484.1     1228.8
2332        364     48     29     1715.1     1237.0
2333        122     22     18     2256.2     1229.2
2334        144     20     32     4386.6     1232.2
2335        118     25     13     4416.6     1228.0
2336        171     19     27      668.3     1234.8
2337        115     20     22      921.1     1232.9
2338        194     26     33     1888.0     1238.5
2339        310     25     42     2275.4     1241.1
2340        127     23     19      232.8     1231.6
2341        108     21     21     1635.0     1233.5
2342        186     24     34     1665.0     1243.6
2343        329     32     61     2509.7     1252.6
2344        201     26     22     3137.4     1232.5
2345        107     25     12     3899.0     1229.6
2346        121     21     14     1142.6     1233.8
2347        323     34     32     1303.2     1239.9
2348        201     39     26     1565.4     1238.5
2349        114     21     18     1996.7     1235.0
2350        284     33     24     2717.1     1239.2
2351        107     16     23     3232.5     1238.7
2352        369     58     29     3715.0     1239.7
2353        137     14     30     4363.4     1243.1
2354        142     25     19      120.0     1236.8
2355        247     33     30      745.1     1243.0
2356        192     27     23      783.4     1236.6
2357        108     20     21     2340.6     1240.1
2358        283     38     33     2562.0     1243.6
2359        106     17     22     3487.1     1238.4
2360        121     19     20     3589.7     1237.6
2361        111     18     19     4053.4     1238.6
2362        158     35     17     4330.8     1236.9
2363        132     27     19     4441.8     1236.9
2364        102     18     15     4536.7     1234.3
2365        134     24     20     1101.1     1240.0
2366        127     22     19     1250.0     1239.1
2367        367     29     42     1378.3     1249.6
2368        123     18     20     2420.8     1239.3
2369        102     15     27     2478.8     1243.5
2370        146     22     25     2534.7     1241.3
2371        120     23     15     3070.4     1236.0
2372        145     20     22     3914.4     1239.1
2373        125     14     21     4035.4     1240.0
2374        258     37     42     4098.6     1248.5
2375        104     16     21     1124.2     1242.7
2376        116     15     22     1274.6     1242.9
2377        158     17     29     1417.4     1245.8
2378        522     44     48     1748.4     1258.1
2379        152     28     20     2065.7     1240.5
2380        371     47     42     2316.4     1251.8
2381        109     15     23     2437.7     1245.5
2382        151     24     19     2462.5     1241.9
2383        182     33     23     2604.0     1242.1
2384        204     30     35     2882.6     1248.9
2385        147     29     16     3566.8     1238.5
2386        108     18     24      258.1     1243.3
2387        212     29     29      396.5     1249.7
2388        178     25     22     1460.3     1245.5
2389        210     23     26     1683.4     1247.0
2390        146     24     22     2629.0     1243.5
2391        441     52     42     2839.2     1255.9
2392        403     43     47     3185.1     1260.3
2393        145     32     24      318.4     1248.8
2394        114     16     16      852.0     1243.5
2395        107     19     23      940.6     1248.5
2396        253     30     30     2038.3     1249.1
2397        642     42     71     3122.0     1271.9
2398        996    106     67     3678.9     1272.1
2399        434     55     37     3847.4     1256.7
2400        191     20     29     4217.4     1250.3
2401        475     39     57      603.7     1272.5
2402        130     25     19     1059.5     1249.3
2403        109     20     14     2252.2     1243.7
2404        209     20     34     2408.7     1255.1
2405        234     37     29     2691.2     1252.7
2406        134     26     19     2785.1     1247.8
2407        177     20     24     3148.2     1249.5
2408        442     62     33     3226.3     1253.5
2409        163     29     22      220.5     1251.0
2410        155     16     28      966.9     1253.9
2411        141     19     24     1602.6     1252.3
2412        141     24     23     1781.4     1251.9
2413        169     23     25     1870.8     1252.1
2414        252     22     38     2117.1     1258.7
2415        189     31     22     2234.8     1253.0
2416        130     28     25     2611.9     1253.0
2417        718     56     63     3532.0     1268.6
2418        149     26     23     3971.3     1252.0
2419        116     23     18      275.3     1251.9
2420        141     11     30      536.3     1259.8
2421        156     18     23     1923.5     1252.4
2422        120     17     24     2764.8     1255.0
2423        104     21     16     3092.7     1249.3
2424        161     18     38     3790.2     1261.7
2425        280     37     34     4331.1     1255.6
2426        190     25     30      108.3     1260.0
2427        163     27     20      139.2     1253.3
2428        208     25     27      823.2     1257.2
2429        157     24     29     2161.6     1256.6
2430        100     18     19     2185.8     1252.0
2431        165     27     15     3579.7     1251.9
2432        116     24     12      708.6     1252.6
2433        208     28     29     1636.2     1259.9
2434        149     28     24     1771.8     1258.2
2435        155     27     21     2388.8     1255.9
2436        356     39     39     3814.2     1266.1
2437        134     20     17      840.6     1256.2
2438        139     14     33     2583.8     1262.2
2439        159     23     20     3944.7     1256.9
2440        187     28     18     4418.5     1256.2
2441        433     40     43       77.9     1272.5
2442        153     26     17     1036.9     1258.3
2443        207     18     45     1535.6     1273.8
2444        126     17     25     2011.3     1263.6
2445        166     16     34     2096.9     1268.1
2446        433     58     35     2448.4     1265.0
2447        175     26     21     2963.6     1260.9
2448        110     17     16     3741.3     1256.8
2449        239     37     29     4382.8     1266.5
2450        128     15     23      491.9     1261.7
2451        236     28     27      676.0     1266.3
2452        233     31     27      898.4     1266.1
2453        599     44     85     2815.2     1294.4
2454        177     22     30     2865.2     1266.2
2455        110     22     16     3164.3     1261.3
2456        325     40     31     3376.9     1264.1
2457        113     21     13     3622.3     1257.8
2458        347     39     33     1070.1     1269.6
2459        185     20     25     1812.9     1264.9
2460        141     32     21     2527.6     1264.8
2461        198     37     21     3010.5     1263.5
2462        122     27     17     3071.7     1261.7
2463        162     27     21      638.1     1268.6
2464        207     37     28     1940.4     1270.6
2465        285     28     32     4011.1     1273.3
2466        134     23     20     1132.5     1266.9
2467        129     16     34     1894.6     1274.4
2468        191     29     22     2355.6     1269.1
2469        269     34     38     3863.3     1277.6
2470        174     26     23     4198.9     1268.1
2471        113     20     21     4409.8     1268.5
2472        200     21     38     2184.2     1281.8
2473        190     27     22     2261.7     1271.6
2474        127     22     22     2735.9     1269.7
2475        130     23     15     3317.4     1267.9
2476        299     34     40     4432.9     1278.1
2477        100     13     19      562.8     1271.8
2478        120     21     24      879.9     1274.2
2479        316     51     29     1268.4     1274.7
2480        177     22     22     1427.4     1272.2
2481        160     25     22     2243.6     1274.7
2482        240     31     25     3221.1     1273.7
2483        366     34     39     3486.6     1279.5
2484        180     23     30     4248.4     1277.8
2485        571     72     34      445.9     1279.4
2486        123     24     18      525.7     1273.3
2487        145     36     16      829.7     1271.6
2488        170     25     26     1096.3     1279.7
2489        142     25     18     1621.0     1274.6
2490        324     57     40     2296.1     1287.2
2491        163     27     26     2376.4     1273.7
2492        166     25     34     2548.3     1280.7
2493        196     23     28     2758.2     1277.2
2494        360     46     31     3624.9     1280.2
2495        138     24     21     4517.7     1271.6
2496        102     23     12     4636.0     1270.0
2497        169     18     24      290.0     1276.2
2498        198     28     28     1386.6     1278.9
2499        294     29     30     1556.7     1280.1
2500        322     27     46     2059.5     1289.0
2501        158     17     27     2612.2     1278.5
2502        124     22     22     2678.4     1278.2
2503        136     28     16     2776.0     1272.3
2504        143     22     25     3072.5     1279.6
2505        209     25     40     3594.8     1284.1
2506        128     23     15     4498.5     1274.1
2507        283     36     33      391.6     1283.3
2508        911     86     78     1688.8     1307.9
2509        113     19     19     2908.5     1278.5
2510        261     34     27      173.6     1283.7
2511        398     36     61      768.8     1301.1
2512        398     39     46      814.1     1293.5
2513        534     34     56     2490.4     1298.1
2514        101     21     17     2793.8     1278.4
2515        216     33     23     3283.5     1280.5
2516        210     29     24     3400.8     1281.6
2517        237     28     27      260.7     1287.0
2518        106     20     18      742.1     1282.1
2519        258     27     53     2129.3     1299.5
2520        149     24     15     4608.3     1280.6
2521        171     27     22     4679.1     1284.3
2522        131     21     21      344.0     1284.0
2523        107     22     22     4033.9     1285.4
2524        120     14     26     4353.0     1285.8
2525        170     19     30     4471.1     1287.9
2526        610     53     63      630.8     1309.6
2527        162     29     24      783.9     1285.3
2528        528     46     51      998.4     1300.7
2529        485     41     49     2002.8     1303.0
2530        119     27     13     2284.2     1283.6
2531        105     14     27     2941.2     1288.8
2532        211     28     32     4118.5     1293.3
2533        289     33     30     4397.0     1288.3
2534        148     22     33     1748.1     1295.4
2535        102     14     21     1990.2     1286.3
2536        164     23     21     2567.3     1287.3
2537        282     20     47     3522.5     1298.6
2538        149     22     15     3738.0     1283.7
2539        102     18     21     3953.8     1288.3
2540        286     27     42     4290.4     1301.7
2541        114     22     19     4445.2     1286.7
2542        107     21     17     4874.7     1285.0
2543        234     29     29      568.5     1296.4
2544        111     19     15      642.8     1289.5
2545        658     61     67     1152.1     1309.2
2546        159     28     26     1704.4     1294.7
2547        155     18     31     2391.4     1292.7
2548        125     21     22     2407.0     1291.4
2549        131     20     20     2590.3     1288.6
2550        112     13     21     2718.1     1290.0
2551        227     31     21     3018.5     1290.1
2552       1042     66     86     3105.8     1322.6
2553        191     27     32     3188.7     1295.8
2554        370     41     38     3306.4     1296.7
2555        253     30     30     4152.0     1297.2
2556        398     46     36     4501.3     1297.7
2557        291     37     32       31.5     1298.7
2558        415     43     29     1249.3     1296.6
2559        315     43     35     1634.6     1298.8
2560        108     20     18     2116.4     1290.1
2561        196     24     39     2772.0     1300.3
2562        112     15     26     3050.3     1295.5
2563        176     29     27     3237.6     1295.4
2564        114     29     18     3352.7     1291.5
2565        256     28     43     3457.1     1302.5
2566        115     16     22     3825.0     1293.0
2567        135     21     20     4166.2     1291.5
2568        124     21     17     4548.3     1290.9
2569        102     16     22     4765.5     1293.2
2570        124     18     22     2215.5     1294.0
2571        165     34     27     2241.4     1298.5
2572        433     56     39     2403.1     1308.8
2573        192     18     33     2700.6     1300.5
2574        242     28     25     3379.5     1294.4
2575        157     25     21     3442.5     1295.1
2576        182     31     24     3979.2     1293.6
2577        101     20     17     4568.3     1294.1
2578        191     32     28      119.5     1297.4
2579        116     15     26      197.6     1297.8
2580        173     21     25     1216.7     1297.2
2581        144     23     23     1332.9     1294.7
2582        137     27     18     1487.4     1294.6
2583        131     16     26     2356.4     1298.2
2584        104     20     19     2435.9     1297.1
2585        173     22     34     2958.4     1301.4
2586        123     21     19     3798.0     1294.7
2587        143     25     20     3853.9     1294.9
2588        367     44     39     4007.1     1303.2
2589        117     16     21       54.6     1298.4
2590        134     21     17      284.5     1294.6
2591        291     31     30     1041.8     1303.6
2592        224     34     22     1097.5     1298.1
2593        339     31     48     1864.8     1314.6
2594        144     18     30     1976.1     1302.3
2595        261     31     34     2338.0     1303.3
2596        239     41     25     2609.8     1299.1
2597        194     21     25     3269.9     1300.8
2598        256     34     29     3929.3     1304.3
2599        159     25     19     4600.8     1297.3
2600        482     36     46      695.7     1311.5
2601        173     28     31      724.7     1305.9
2602        215     25     32      857.7     1303.1
2603        227     27     22     1448.7     1300.6
2604        121     30     19     1611.0     1298.7
2605        479     52     41     1824.9     1310.8
2606        276     40     29     2532.2     1306.1
2607        124     22     21     2751.5     1301.9
2608        415     50     29     2881.5     1306.6
2609        158     22     20     3219.5     1298.7
2610        170     27     23     3415.0     1303.3
2611        115     17     30      149.1     1308.3
2612        106     13     18      610.8     1302.1
2613        182     22     27     1271.2     1305.6
2614        102     21     18     1841.6     1301.6
2615        241     20     51     1928.4     1316.9
2616        149     16     30     2913.3     1309.7
2617        115     18     21     3135.6     1303.6
2618        446     62     39     3762.6     1312.0
2619        279     44     23       87.3     1304.9
2620        326     55     32      548.4     1309.9
2621        230     33     36     1955.3     1308.1
2622        115     19     18     2974.4     1304.0
2623        240     32     42     4335.8     1316.0
2624        342     42     29     4640.4     1308.4
2625        106     18     16      181.5     1304.7
2626        120     22     22      951.4     1305.3
2627        234     24     35     1392.5     1314.2
2628        108     22     20     1469.1     1304.9
2629        166     18     22     3899.9     1306.9
2630        120     15     21      420.3     1309.0
2631        131     14     25     1322.0     1311.3
2632        111     16     25     1431.6     1308.7
2633        127     26     14     1497.7     1304.2
2634        236     25     31     1782.9     1311.3
2635        121     31     16     2294.9     1306.7
2636        144     26     12     3692.4     1302.9
2637        115     17     21     4263.2     1309.6
2638        372     38     44      359.3     1322.3
2639        148     29     16     1069.8     1308.6
2640        128     21     24     1198.5     1311.2
2641        163     22     24     1550.0     1311.9
2642        225     24     32     1756.3     1318.0
2643        241     33     23     2453.4     1312.6
2644        238     24     37     2566.5     1315.3
2645        437     45     33     3828.4     1315.8
2646        134     21     19     3955.4     1309.4
2647        135     22     19     4097.2     1309.0
2648        146     36     11     4538.9     1306.7
2649        198     28     27      110.4     1317.8
2650        205     28     27      220.9     1316.9
2651        219     33     27     1600.3     1319.6
2652        103     17     20     2997.1     1311.5
2653        110     18     17     3551.4     1310.1
2654        223     27     26     3589.1     1314.0
2655        156     25     18     4245.9     1310.9
2656        413     56     40     4583.9     1322.0
2657        213     24     25      505.5     1315.3
2658        103     12     19     2022.2     1314.1
2659        374     27     63     2199.3     1333.3
2660        181     17     31     2429.0     1319.8
2661        127     15     22     3486.7     1314.3
2662        132     24     16     3798.4     1312.4
2663        200     26     30     4739.1     1318.3
2664        169     33     19     4765.1     1312.8
2665        215     32     30     4794.3     1318.2
2666        150     26     23      245.7     1319.0
2667        114     20     17     1368.2     1314.6
2668        434     36     53     2940.8     1334.7
2669        109     20     16     3684.7     1313.8
2670        243     37     20      925.3     1317.5
2671        131     26     18     2223.9     1315.6
2672        105     18     20     2586.3     1316.5
2673        104     26     21     2755.5     1319.1
2674        178     31     18     3055.5     1316.3
2675        117     20     17     3377.0     1315.8
2676        110     18     18     3643.4     1314.2
2677        138     20     23     4213.3     1319.8
2678        281     39     35      820.2     1326.8
2679        108     17     25      982.6     1321.9
2680        188     31     18     1103.6     1319.8
2681        119     27     15     1138.8     1318.9
2682        192     30     23     1484.9     1321.0
2683        293     33     24     2681.6     1322.7
2684        108     13     21     3234.2     1321.0
2685        175     28     27     3300.5     1325.4
2686        147     24     20     3708.0     1317.3
2687        123     19     23     4510.3     1322.0
2688        154     22     22      453.0     1323.0
2689        183     30     33      851.3     1327.8
2690        330     38     56     1287.3     1341.1
2691        106     21     14     2524.8     1319.3
2692        248     36     23     2726.7     1323.2
2693        123     21     20     3024.9     1323.5
2694        179     27     20     3358.8     1322.3
2695        464     35     55     4412.1     1343.5
2696        156     17     29      522.9     1329.0
2697        102     20     18      971.3     1321.8
2698        474     38     39     1202.2     1335.0
2699        113     23     14     2300.1     1320.2
2700        157     22     23     2314.0     1328.2
2701        126     19     31     3625.9     1329.4
2702        411     40     39     4029.3     1334.9
2703        261     24     39     1893.8     1336.9
2704        656     74     61     3912.2     1342.1
2705        298     26     56     4472.0     1342.7
2706        208     32     20      153.0     1328.1
2707        119     31     21      211.5     1328.8
2708        111     18     23      272.5     1330.2
2709        239     23     35      399.9     1333.4
2710        286     32     36      668.6     1332.9
2711        171     32     19     1333.5     1329.6
2712        317     39     32     1418.6     1332.4
2713        481     36     58     1469.7     1348.2
2714        294     34     31     2658.2     1333.0
2715        167     28     20     2807.3     1328.8
2716        177     19     30     3143.7     1334.2
2717        207     25     26     4003.7     1332.6
2718        121     19     20     4065.3     1326.3
2719        423     32     47       65.6     1341.5
2720        134     23     25      870.0     1332.5
2721       1261     63     93     1768.2     1365.7
2722        305     33     31     2010.3     1335.9
2723        359     38     27     2141.3     1331.6
2724        103     20     13     2411.3     1327.5
2725        165     19     31     2750.9     1338.0
2726        210     24     26     3268.8     1332.4
2727        103     15     21     3459.5     1329.5
2728        174     25     24     3738.6     1332.5
2729        163     22     23     3879.9     1333.3
2730        295     27     37     4385.7     1336.2
2731        111     16     28     1222.3     1336.7
2732        137     24     22     2895.3     1331.3
2733        101     15     19     3425.8     1329.4
2734        514     51     46     3488.6     1343.4
2735        399     33     38     3699.9     1341.6
2736        103     23     13     3829.9     1328.8
2737        115     19     19     4180.9     1332.4
2738        118     19     16     4240.4     1328.8
2739        106     21     20     4498.9     1332.8
2740        370     41     38       16.7     1340.1
2741        936     80     80      601.0     1360.5
2742        102     16     17     1004.5     1332.5
2743        397     32     50     1136.9     1352.4
2744        242     29     34     1313.7     1344.2
2745        100     17     25     2219.5     1339.0
2746        322     29     38     2275.1     1343.1
2747        146     20     24     3653.0     1336.0
2748        243     34     27      482.9     1339.6
2749        181     23     24     1023.3     1338.1
2750        111     21     13     3328.9     1332.7
2751        137     32     17     3603.7     1333.8
2752        136     24     20     3977.4     1335.1
2753        475     64     34     4154.9     1342.6
2754        221     35     26      460.7     1341.3
2755        144     26     15     1098.4     1334.9
2756        205     36     18     1691.0     1337.8
2757        155     26     23     2601.6     1338.8
2758        115     19     19     2981.1     1335.6
2759        170     25     19     3797.5     1335.9
2760        207     40     27     4100.5     1339.3
2761        151     30     16     4549.1     1336.3
2762        139     27     17     1642.6     1338.1
2763        114     16     21     1987.2     1340.2
2764        168     26     30     2248.4     1342.1
2765        308     39     29     3009.4     1342.5
2766        110     17     20     4702.5     1338.4
2767        105     18     19      176.6     1342.1
2768        234     38     29     1066.4     1345.8
2769        255     32     23     1829.8     1346.4
2770        247     32     27     2874.8     1346.0
2771        142     24     26     3028.1     1347.3
2772        260     44     32      772.4     1351.6
2773        116     23     17      984.5     1342.9
2774        109     17     17     1537.3     1342.7
2775        292     32     35     1569.8     1353.2
2776        223     29     26     3248.1     1349.1
2777        126     13     30     3517.4     1350.5
2778        121     20     21     4224.9     1342.8
2779        248     30     43      366.6     1360.0
2780        116     19     15     1607.6     1345.7
2781        260     32     38     2317.8     1354.9
2782        169     22     25     2383.7     1345.3
2783        131     21     21     2805.3     1347.0
2784        264     29     36     3285.9     1359.1
2785        162     17     24     3347.9     1345.7
2786        220     29     29     3635.3     1351.9
2787        243     22     41     1334.9     1361.1
2788        325     33     39     1668.3     1356.1
2789        426     44     43     2359.2     1358.6
2790        135     21     24     2548.8     1349.4
2791        246     37     28     2722.7     1350.4
2792        254     34     22     2921.3     1348.9
2793        658     44     48     3574.3     1359.6
2794        739     41     66     4302.0     1372.3
2795        163     33     19     4336.6     1348.2
2796        191     27     36     4766.3     1357.3
2797        150     20     29      500.2     1357.1
2798        114     26     15     1002.9     1348.1
2799        341     33     44     1098.3     1361.8
2800        383     41     41     2583.1     1364.0
2801        233     22     35      312.5     1359.8
2802        234     24     31      862.3     1356.8
2803        147     27     23      955.5     1354.5
2804        102     21     13     1397.9     1348.8
2805        140     29     19     3312.4     1351.2
2806        115     19     16     3602.2     1350.3
2807        165     25     19     3990.6     1352.5
2808        139     18     21     4487.1     1352.2
2809        141     14     26      665.5     1355.9
2810        233     29     23     1361.8     1354.2
2811        116     16     25     1504.8     1355.3
2812        404     28     55     1850.7     1377.0
2813        762     36     87     2016.0     1390.7
2814        169     26     26     2464.8     1353.9
2815        567     64     37     2530.4     1364.3
2816        232     23     34     2832.7     1358.6
2817        103     15     20     2969.6     1353.2
2818        393     55     24     3192.5     1353.4
2819        172     24     21     3776.1     1352.6
2820        118     23     15     4120.7     1352.1
2821        205     23     33     4207.4     1361.4
2822        216     32     32     4555.0     1360.1
2823        115     29     12      415.5     1351.5
2824        182     18     23      535.2     1356.7
2825        181     22     43      693.6     1367.8
2826        106     19     16     1020.3     1353.6
2827        118     21     15     1641.7     1353.6
2828        124     23     16     1716.4     1354.4
2829        111     20     20     2239.3     1356.3
2830        190     42     31     2442.3     1359.8
2831        132     23     19     4270.9     1353.8
2832        316     48     25      238.4     1360.0
2833        122     22     19      516.6     1357.5
2834        180     23     27     3144.0     1359.5
2835        110     19     17     3865.0     1357.1
2836        153     18     25     3946.7     1359.6
2837        137     26     24     4650.2     1358.5
2838        122     26     17      430.2     1359.9
2839        156     31     20      562.1     1358.3
2840        233     34     23      816.8     1363.0
2841        156     19     33     1737.4     1363.0
2842        349     43     26     1920.9     1361.9
2843        145     20     24     2069.9     1362.3
2844        302     40     40     2239.0     1372.2
2845        366     35     36     2623.4     1367.6
2846       1397     93     76     2675.9     1391.7
2847        159     27     26     2990.2     1365.1
2848        166     28     22     3111.1     1362.5
2849        241     18     44     3715.4     1373.8
2850        137     15     27     4044.0     1362.4
2851        106     16     19     4360.6     1358.6
2852        111     24     15      345.3     1357.3
2853        100     17     19      645.8     1360.5
2854        194     32     17     1224.5     1361.3
2855        380     26     55     2158.8     1379.5
2856        302     34     31     2889.3     1366.8
2857        107     21     14     3013.4     1359.4
2858        379     39     34     3062.3     1370.4
2859        433     43     62     4012.4     1386.8
2860        153     19     22      719.8     1364.0
2861        228     31     31     1399.1     1367.7
2862        176     14     38     1531.6     1370.1
2863        223     26     33     1603.6     1367.9
2864        118     21     20     1814.9     1363.6
2865        248     34     48     2416.0     1379.1
2866        198     23     31     2774.0     1368.3
2867        374     31     38     3386.3     1374.0
2868        232     26     34     4119.6     1371.2
2869        110     14     30      710.7     1371.5
2870        117     14     20      965.5     1365.1
2871        104     17     22     1264.7     1366.7
2872        125     16     19     1872.0     1366.2
2873        257     21     38     1890.6     1373.6
2874        352     22     57     2812.9     1386.1
2875        214     23     36     2859.9     1376.3
2876        365     43     36     3237.4     1372.2
2877        126     22     26     3774.4     1370.3
2878        116     15     21     4071.8     1366.2
2879        129     14     25     4227.7     1366.3
2880        113     19     19     4322.8     1364.2
2881        104     15     20     4382.6     1368.3
2882        127     15     22      400.2     1367.3
2883        100     20     19     2482.9     1366.6
2884        101     18     16     3182.2     1366.2
2885        463     38     59     3692.3     1389.0
2886        101     21     14     3754.2     1364.8
2887        102     13     19       37.9     1368.2
2888        109     15     23      298.2     1370.9
2889        192     26     24      472.7     1370.9
2890        155     24     26     1699.4     1373.7
2891        201     32     19     1953.1     1369.3
2892        156     27     20     2182.0     1368.1
2893        195     29     22     2712.5     1370.6
2894        289     32     39     3971.9     1377.5
2895        178     25     17     4171.7     1367.4
2896        858     56     61     4244.4     1394.7
2897        279     33     37     4277.4     1380.6
2898        207     26     30      329.3     1377.8
2899        217     31     24      637.0     1374.4
2900        188     18     31     1159.8     1378.5
2901        113     20     19     1721.5     1370.3
2902        565     37     57     2119.5     1394.3
2903        454     34     50     3034.7     1388.6
2904        115     23     14     3485.4     1370.0
2905        203     34     25     3852.4     1376.1
2906        123     24     12     3912.5     1368.3
2907        567     50     44      442.2     1385.4
2908        199     24     29      853.9     1381.5
2909        231     34     19     1188.7     1373.5
2910        194     25     40     2756.8     1385.7
2911        102     13     23     3442.9     1375.7
2912        101     20     16     3738.9     1372.8
2913        121     18     22     4059.7     1373.2
2914        196     29     24     4573.0     1374.7
2915        105     17     13       15.9     1372.7
2916        144     21     19      786.4     1374.7
2917        110     25     11      989.1     1372.4
2918        119     26     16     1988.0     1374.6
2919        373     28     52     2471.7     1392.8
2920        158     15     27     3356.5     1380.8
2921        231     26     25      382.4     1379.9
2922        149     24     19      759.3     1378.7
2923        226     23     39      808.8     1391.6
2924        148     26     27      831.0     1383.6
2925        129     25     16      938.5     1377.1
2926        107     23     15     1049.2     1379.0
2927        334     46     39     1658.9     1390.4
2928        203     40     31     1948.9     1388.0
2929        207     27     44     2292.2     1394.4
2930        277     42     22     3156.9     1380.8
2931        108     16     22     3272.2     1379.3
2932        102     16     18      131.2     1381.0
2933        154     24     17     1138.9     1381.2
2934        147     18     21     1351.8     1382.1
2935        558     51     37     1379.4     1392.6
2936        394     31     42     2090.3     1391.3
2937        385     36     42     2370.4     1390.5
2938        188     24     23     3119.0     1381.1
2939        523     60     35     3813.5     1390.9
2940        123     21     25     3896.8     1386.9
2941        132     18     20     4037.3     1381.6
2942        103     22     19     4206.6     1381.3
2943        275     33     25      228.8     1385.3
2944        240     28     26      920.4     1386.7
2945        108     18     19     1009.5     1382.7
2946        207     26     25     1213.0     1387.5
2947        123     14     27     1299.8     1387.3
2948        105     21     15     1588.5     1382.2
2949        165     20     26     2053.8     1389.8
2950        223     23     34     2201.6     1394.4
2951        184     23     24     2948.0     1385.0
2952        631     56     50     4155.5     1400.8
2953        126     15     23      252.3     1386.9
2954        227     30     23     2135.6     1389.4
2955        235     27     34     2575.9     1392.1
2956        147     25     19     2970.6     1385.5
2957        147     34     22     3410.3     1385.5
2958        114     22     12     3484.8     1382.2
2959        217     33     29     3632.6     1391.7
2960        125     20     16       39.1     1386.3
2961        138     19     22      275.6     1388.4
2962        191     25     26      502.0     1391.9
2963        209     38     21      570.7     1390.1
2964        121     29     17      681.0     1386.6
2965        206     22     26     1491.9     1390.6
2966        149     23     20     3449.0     1389.3
2967        562     43     53     3515.4     1403.7
2968        291     29     30     4111.9     1394.0
2969        417     35     40     1253.0     1401.9
2970        973     82     65     1532.2     1414.4
2971        145     16     25     2794.7     1393.0
2972        449     46     34     3070.7     1393.2
2973        120     23     14     3253.8     1387.3
2974        251     32     27     3320.3     1391.3
2975        112     17     18     3339.9     1390.1
2976        232     23     30     3566.7     1393.9
2977        110     15     16     3600.3     1388.3
2978        191     26     20     3863.0     1389.8
2979        149     18     22     4633.7     1390.4
2980        707     49     61      103.3     1413.4
2981        189     19     34      196.2     1402.1
2982        169     25     33      636.3     1397.5
2983        118     20     21     2235.5     1393.0
2984        137     19     25     3281.2     1395.8
2985        149     23     19     3424.7     1389.3
2986        107     19     22     3914.6     1391.4
2987        161     27     25     4185.2     1394.4
2988        113     16     21     4373.7     1393.7
2989        614     71     42     1443.1     1403.2
2990        195     32     21     1625.7     1393.1
2991        234     24     33     3543.7     1399.3
2992        138     23     17     3757.6     1393.0
2993        133     19     31     4802.2     1401.5
2994        320     34     38      170.7     1404.8
2995        153     26     17      658.6     1395.1
2996        102     14     18      713.4     1394.6
2997        422     58     29      764.4     1401.3
2998        154     25     19      963.9     1393.7
2999        145     22     20     1042.4     1395.9
3000        377     32     48     1120.6     1406.8
3001        132     17     20     1284.6     1395.6
3002        257     44     23     1703.1     1398.4
3003        104     17     17     2441.7     1396.8
3004        117     23     15     3239.2     1394.7
3005        250     29     53     3621.3     1409.4
3006        199     28     26     3957.8     1397.1
3007        338     34     33     4063.4     1402.7
3008        101     14     21     4420.2     1396.3
3009        156     24     22     4674.1     1397.7
3010        134     19     17      396.5     1396.7
3011        379     44     47      511.6     1413.8
3012        302     33     27     1593.5     1400.5
3013        296     44     29     1811.9     1405.1
3014        111     16     21     2251.5     1397.3
3015        241     32     31     2924.2     1403.7
3016        277     29     30     3110.2     1402.4
3017        693     59     48     3454.2     1410.2
3018        127     18     25     2897.0     1401.5
3019        987     44     87     3181.1     1430.4
3020        256     21     36     3300.2     1406.9
3021        163     20     32     4856.3     1408.1
3022        450     58     41      320.7     1415.8
3023        150     31     16      886.8     1399.9
3024        280     26     23     1884.0     1405.1
3025        336     53     51     3335.5     1417.8
3026        163     24     22     3377.2     1402.0
3027        147     25     20      368.5     1405.4
3028        119     23     17     1147.7     1401.7
3029        224     23     26     2954.9     1407.4
3030        102     18     17     3357.8     1402.2
3031        974     75     76     3409.8     1429.6
3032        143     17     25       29.0     1406.5
3033        105     24     12     1222.2     1403.2
3034        115     23     14     1345.0     1403.3
3035        351     43     39     2066.8     1416.7
3036        149     22     19     3076.8     1404.0
3037        110     20     21     3653.2     1408.1
3038        273     37     35     3713.4     1412.8
3039        109     15     17     3772.7     1405.5
3040        203     29     33       48.9     1411.5
3041        139     25     32     1859.2     1412.4
3042        213     23     33     2648.1     1412.7
3043        148     18     31     4713.2     1412.5
3044        127     16     28       65.9     1417.0
3045        182     29     22      564.5     1409.1
3046        195     27     26      825.4     1413.5
3047        177     15     45      937.3     1425.0
3048        353     42     31     1637.8     1415.2
3049        113     23     20     2531.2     1411.9
3050        292     40     28     2869.9     1412.3
3051        201     32     19     3215.2     1409.0
3052        101     16     14     4411.2     1407.6
3053        102     15     24      981.9     1413.3
3054        103     16     22     1958.1     1414.9
3055       1087     89     49     2323.0     1427.4
3056        283     36     35     2445.7     1420.0
3057        247     33     25     2502.6     1413.5
3058        225     22     31     2977.4     1417.9
3059        206     15     41     3148.4     1423.3
3060        466     51     31     3267.6     1418.1
3061        240     25     38     3739.9     1420.0
3062        204     35     21      658.2     1415.2
3063        145     26     17     1070.0     1413.0
3064        117     17     22     3972.4     1415.2
3065        104     18     19     4035.5     1413.0
3066        163     34     24     4350.9     1415.1
3067        125     17     24      233.0     1419.6
3068        205     36     24     1188.2     1417.1
3069        124     23     18     1569.3     1415.2
3070        431     53     34     2168.1     1421.2
3071        119     16     23     2753.5     1416.1
3072        110     23     22     3023.0     1418.6
3073        120     20     17      382.0     1416.4
3074        136     13     22      887.4     1419.4
3075        126     19     19      962.7     1418.0
3076        358     29     42     1157.3     1428.1
3077        111     17     18     1281.4     1418.2
3078        107     13     21     2238.8     1416.4
3079        509     52     59     4151.3     1437.3
3080        109     21     24     4225.9     1420.5
3081        122     19     17     1372.1     1417.6
3082        146     30     23     1840.2     1417.2
3083        202     39     27     2229.3     1428.2
3084        125     14     24     2737.0     1421.6
3085        104     16     18     3500.9     1419.0
3086        232     33     32     4692.5     1427.1
3087        131     23     24       11.6     1425.3
3088        104     15     20      156.2     1423.4
3089        167     17     28     2720.3     1426.9
3090        145     24     24     3665.2     1424.4
3091        124     17     16     4306.5     1420.1
3092        183     37     16      530.7     1423.0
3093        120     23     17      684.8     1422.1
3094        160     21     28     1663.3     1426.8
3095        224     28     28     2391.2     1428.2
3096        188     30     22     4340.9     1425.3
3097        173     20     35      282.3     1431.0
3098        173     23     27      563.4     1429.1
3099        225     37     27      590.1     1430.2
3100        105     24     14      624.4     1422.5
3101        226     31     27      731.0     1428.6
3102        149     17     28     2457.8     1429.3
3103        231     32     26     2622.5     1429.8
3104        221     32     26     3843.5     1430.1
3105        165     20     31     4398.9     1434.9
3106        101     27     14     4440.0     1423.2
3107        103     25     17       84.6     1425.5
3108        225     34     25      430.3     1431.6
3109        305     38     33     1004.3     1431.7
3110        326     36     31     1719.6     1434.9
3111        246     47     20     2818.4     1427.1
3112        332     45     21     2895.7     1429.0
3113        449     36     56     3325.8     1450.5
3114        100     16     18     3446.8     1426.6
3115        633     51     45     3677.0     1443.4
3116        186     19     24     3927.9     1429.5
3117        118     17     21     4105.8     1426.9
3118        218     18     36     4204.3     1438.5
3119        231     25     30      141.9     1438.0
3120        121     24     18      764.7     1428.3
3121        103     19     20      924.2     1430.7
3122        173     22     27     1253.6     1432.2
3123        175     23     27     1344.3     1433.9
3124        120     18     26     1874.1     1433.3
3125        930     57     67     1908.2     1458.3
3126        129     21     22     1944.9     1429.3
3127        119     20     21     2136.4     1431.0
3128        385     35     38     2555.3     1437.4
3129        969     72     54     3093.0     1446.4
3130        100     23     16     3955.8     1428.5
3131        125     22     16     4062.8     1426.5
3132        120     16     21     4616.0     1431.2
3133        150     28     19      470.0     1431.0
3134        202     21     25     2094.3     1433.8
3135        178     29     27     2476.0     1437.2
3136        163     25     43     4124.0     1446.1
3137        194     24     28     1301.8     1440.2
3138        109     20     19     2702.0     1432.4
3139       1148     72     96     3501.9     1483.6
3140        111     21     24     4118.4     1437.2
3141        130     21     26     4498.2     1435.7
3142        128     22     23      125.1     1436.3
3143        266     24     33      845.6     1444.3
3144        259     32     36     1057.8     1443.3
3145        344     31     40     2862.1     1451.3
3146        174     24     25     3577.1     1440.4
3147        497     43     42     3780.7     1442.3
3148        234     35     31     4336.0     1439.5
3149        141     20     32      526.8     1443.2
3150        105     14     24      715.8     1438.6
3151        128     14     25      789.5     1441.3
3152        337     46     31     1808.2     1441.9
3153        392     43     40     1976.2     1446.0
3154        229     38     21     2654.6     1437.3
3155        317     38     37     2958.6     1445.1
3156        142     27     16     2988.1     1436.4
3157        481     34     67     3742.4     1463.3
3158        103     17     16     3888.3     1437.5
3159        813     86     47     4005.9     1451.5
3160        148     18     28     4284.4     1441.3
3161        109     17     21     4306.8     1439.1
3162        110     19     24     4781.6     1438.7
3163        110     17     24      671.8     1443.3
3164        100     17     15     1604.4     1438.1
3165        145     17     29     1860.1     1447.4
3166        192     25     42     2155.9     1449.0
3167        308     30     37     2365.0     1451.3
3168        139     19     25     3210.2     1442.0
3169        213     34     21     3512.6     1439.7
3170        105     15     19     3907.2     1440.6
3171        119     18     34       17.5     1449.0
3172        182     22     26      165.9     1445.2
3173        319     36     39     1614.1     1450.9
3174        797     86     44     1669.8     1457.8
3175        815     58     53     2929.7     1459.7
3176       1208    101     81     3262.4     1463.4
3177        149     29     25     3711.9     1441.5
3178        298     37     34     3852.2     1448.2
3179        854     55     81     4262.9     1469.4
3180        128     16     23     4550.5     1442.8
3181        316     43     21      308.5     1444.6
3182        556     60     41      954.2     1457.9
3183        109     13     18     1486.8     1442.7
3184        201     28     22     2406.6     1443.4
3185        481     48     51     2610.7     1458.2
3186        138     21     22     4319.0     1446.8
3187        153     32     19     4818.4     1441.9
3188        203     19     37      511.0     1454.7
3189        174     18     28      543.5     1451.9
3190        175     19     27     1127.3     1449.3
3191        167     24     34     1369.0     1450.9
3192        318     35     50     1406.3     1458.8
3193        180     35     25     2679.0     1449.2
3194        159     26     26     3133.2     1450.0
3195        316     36     26     4231.5     1449.0
3196        129     21     29     4709.2     1448.0
3197        114     16     20      251.4     1449.9
3198        107     23     14      818.8     1444.3
3199        136     26     19     1036.5     1449.3
3200        211     20     35     1275.8     1456.3
3201        306     36     36     1775.6     1456.8
3202        298     29     30     2804.5     1451.1
3203        108     20     18     3546.4     1447.2
3204        190     25     29     3568.0     1454.2
3205        293     34     31     4042.5     1453.9
3206        101     24     14     4433.5     1445.0
3207        206     29     20      103.7     1450.1
3208        100     15     22      645.5     1449.6
3209        121     18     21      757.5     1451.2
3210        122     15     24      908.8     1451.4
3211        113     28     15     1547.8     1448.0
3212        120     29     13     3381.9     1446.6
3213        265     27     41     3594.7     1459.3
3214        249     29     36     4104.0     1457.5
3215        253     25     42     4373.2     1460.4
3216        188     24     29     4473.2     1455.9
3217        510     37     58       66.3     1468.7
3218        118     13     28     1006.0     1455.1
3219        133     20     23     1171.2     1455.2
3220        117     23     20     1196.1     1450.2
3221        172     21     22     2489.7     1450.9
3222        107     26     21     3874.0     1452.1
3223        158     21     22      561.4     1455.5
3224        399     36     42     1092.8     1465.3
3225        279     31     28     1577.9     1459.0
3226        107     16     21     1935.2     1455.0
3227        694     55     84     3343.8     1484.0
3228        105     16     13     4169.9     1450.4
3229        135     24     22     4358.9     1457.2
3230        135     20     24     4742.1     1453.5
3231        117     17     19       44.7     1456.1
3232        298     32     42      584.6     1466.5
3233        198     40     25      878.8     1457.0
3234        144     19     19     3229.0     1455.1
3235        528     60     36     3956.7     1462.3
3236        131     24     20     4581.5     1456.5
3237        121     25     18     1476.2     1458.0
3238        132     21     28     1718.3     1464.5
3239        265     25     39     2834.0     1466.8
3240        338     42     36     3843.7     1468.4
3241        227     30     27     3888.1     1461.8
3242        135     30     17      273.9     1458.6
3243        111     14     23     2415.7     1461.3
3244        285     41     34     2466.2     1469.2
3245        181     35     18     4858.5     1459.7
3246        105     19     22      745.1     1462.6
3247        110     15     22     1289.4     1461.5
3248        128     26     15     2105.3     1458.7
3249        114     22     16     2308.5     1459.4
3250        230     35     22     3206.4     1463.7
3251        199     22     23     3294.4     1464.7
3252        170     29     21     4207.1     1463.6
3253        248     34     36     4422.6     1468.0
3254        115     17     23      130.5     1462.6
3255        165     27     21      331.8     1464.0
3256        426     32     45      889.9     1478.0
3257        100     19     24     1202.0     1467.4
3258        131     21     20     2047.7     1463.6
3259        317     39     35     2253.6     1469.0
3260        207     39     20     2649.0     1467.4
3261        702     47     84     3006.6     1496.1
3262       1307     97     54     3421.0     1480.8
3263        242     29     38     1264.4     1478.3
3264        126     23     24     1353.6     1466.6
3265        128     25     24     1950.6     1467.2
3266        109     29     18     2762.6     1463.8
3267        132     25     21     3157.3     1465.8
3268        372     36     43     4182.7     1482.1
3269        274     31     26      228.8     1471.5
3270        286     38     23     1150.6     1470.8
3271        286     33     37     1978.4     1475.8
3272        110     28     16     2430.3     1466.7
3273        201     36     24     3559.6     1471.0
3274        115     20     19     4281.1     1467.7
3275        144     22     27     4299.0     1475.0
3276        101     15     20     4598.0     1467.9
3277        120     16     28       24.7     1474.2
3278        162     24     21      150.2     1469.8
3279        759     60     54      361.8     1486.9
3280        136     16     23     2223.9     1472.2
3281        585     54     57     3138.6     1490.3
3282        134     17     22     4076.3     1471.8
3283        153     16     28     4746.6     1475.2
3284        231     29     29      106.6     1476.5
3285        161     24     21      426.4     1473.9
3286        117     17     21     1065.1     1474.0
3287        174     26     34     1187.1     1481.0
3288        271     47     29     3030.2     1477.4
3289        123     24     16     3787.6     1469.5
3290        177     28     26     1132.0     1478.3
3291        161     22     23     1430.7     1475.8
3292        231     38     23     2016.0     1476.4
3293        106     23     15     2313.4     1469.8
3294        131     19     20     2557.1     1474.8
3295        100     19     15     2716.8     1471.3
3296        161     17     23     3528.0     1476.4
3297        116     22     22     3900.8     1475.6
3298        172     20     28     4541.2     1480.9
3299        116     21     14     4683.5     1469.9
3300        179     24     25      401.7     1479.4
3301        282     46     28      531.2     1477.5
3302        392     35     36      719.8     1485.7
3303        248     24     30     1794.4     1479.2
3304        120     19     24     2521.8     1477.2
3305        255     43     28     4495.7     1479.9
3306        100     16     20     4793.9     1476.5
3307        469     54     36     1626.4     1486.7
3308        113     18     24     2074.9     1479.4
3309        133     16     34     2141.6     1482.9
3310        193     27     23     2805.3     1478.9
3311        286     27     40     2867.7     1490.1
3312        172     20     24     3610.7     1480.5
3313        277     25     32     4017.1     1483.7
3314        155     22     19     4318.8     1476.8
3315        155     30     23     4867.2     1479.2
3316        156     16     26      313.7     1481.3
3317        407     44     43      567.1     1497.5
3318        154     23     20     1049.7     1479.1
3319        238     39     22     1348.2     1482.6
3320        145     34     22     1528.3     1481.1
3321        291     41     24     1822.2     1481.8
3322        111     15     28     1861.0     1485.1
3323        302     35     40     2783.1     1489.4
3324        318     29     42     4087.8     1491.9
3325        118     14     27     4348.5     1483.8
3326        100     19     19     4573.1     1478.3
3327        120     25     21      493.7     1481.8
3328        149     31     17     1290.4     1479.8
3329        162     23     26     1751.7     1483.2
3330        174     15     33     2418.0     1488.6
3331        106     16     19     2440.9     1481.9
3332        113     22     19     2580.9     1478.7
3333        117     18     17     4052.5     1480.6
3334        212     31     21     4149.4     1482.3
3335        213     24     32      450.0     1490.6
3336        318     40     34     1700.8     1490.7
3337        120     14     27     2724.0     1487.5
3338        134     25     17     2885.0     1482.4
3339        167     27     17     3686.8     1483.1
3340        696     50     50     3989.4     1496.9
3341        158     14     33     4730.4     1492.1
3342        120     23     21       36.3     1485.3
3343        162     19     29      216.9     1490.8
3344        183     41     18      274.5     1487.0
3345        100     20     13      757.0     1482.0
3346        192     35     17     1316.9     1486.8
3347        112     20     22     2697.0     1488.5
3348        286     51     22     3564.1     1488.4
3349        155     21     27      620.5     1491.7
3350        119     21     23     1166.2     1490.3
3351        137     16     27     2039.1     1493.1
3352        150     20     30     2306.6     1495.3
3353        109     19     16     2497.7     1487.9
3354        124     17     24     2532.2     1489.8
3355        111     25     15     2562.8     1486.2
3356        104     21     13     3630.7     1484.4
3357        154     29     26     3713.0     1489.8
3358        117     18     21     4460.3     1487.5
3359        153     16     26     4882.2     1491.7
3360        117     17     20     2268.7     1488.6
3361        270     32     28     2372.5     1493.5
3362        107     14     17     3200.0     1489.7
3363        103     14     22     3212.4     1492.0
3364        354     32     44      800.0     1501.4
3365        949     62     82      967.0     1520.1
3366        132     21     19     1413.9     1491.2
3367        491     69     33     1578.6     1500.2
3368        105     22     19     1677.7     1491.6
3369        388     40     42     2391.2     1506.4
3370        203     26     29     2463.3     1495.2
3371        114     21     20     2639.0     1491.1
3372        840     66     75     3185.2     1511.8
3373        203     32     21     4370.6     1492.0
3374        108     17     21        5.7     1492.4
3375        238     33     24       96.0     1496.3
3376        233     42     26      187.5     1498.0
3377        183     17     37      419.6     1500.8
3378        107     16     30      432.5     1496.0
3379        330     43     36      481.9     1502.9
3380        145     21     22      998.3     1495.4
3381        161     21     21     1285.3     1495.9
3382        131     20     25     1944.0     1494.1
3383        113     21     21     2102.0     1496.1
3384        784     54     73     2237.2     1526.7
3385        320     40     27     2932.7     1498.1
3386        768     58     54     3865.5     1512.0
3387        174     36     18     4249.5     1494.4
3388        174     27     24     4418.9     1497.2
3389        124     20     19     5050.7     1491.1
3390        267     28     26      157.2     1498.6
3391        607     62     46      635.2     1511.4
3392        501     56     29     1059.9     1498.3
3393        129     27     20     2615.9     1495.6
3394        289     50     27     3822.1     1503.2
3395        257     35     30     4113.8     1501.9
3396        165     24     30     4225.6     1502.3
3397        105     24     15     4681.1     1493.9
3398        104     20     23     4900.2     1500.0
3399        234     21     38      535.9     1509.4
3400        166     22     25     2584.0     1499.2
3401        293     38     29     3059.1     1501.7
3402        159     27     24     3096.0     1502.5
3403        157     23     20     4037.7     1498.5
3404        192     25     25     4506.5     1503.2
3405        113     17     18       77.0     1499.5
3406        127     19     23      837.7     1500.2
3407        120     24     17      870.9     1497.3
3408        835     78     49     1866.8     1513.9
3409        440     42     50     2068.4     1513.0
3410        102     20     18     2966.7     1500.6
3411        124     20     17     3348.7     1497.8
3412        176     23     24     3672.2     1503.1
3413        219     22     32     3734.9     1506.4
3414        256     24     51     3904.4     1513.6
3415        265     30     47      700.4     1515.1
3416        114     28     12     1547.1     1497.2
3417        316     38     32     3699.5     1503.8
3418        174     39     15       27.0     1500.4
3419        115     16     24      824.6     1505.6
3420        127     27     22      910.1     1503.9
3421        276     30     32     1266.8     1512.6
3422        194     32     29     1312.2     1509.9
3423        192     34     19     1734.0     1504.6
3424        130     25     15     2021.0     1501.0
3425        108     14     24     3428.3     1505.4
3426        111     29     16     4937.7     1501.8
3427        139     22     23      720.9     1507.3
3428        858     63     43     1456.4     1518.0
3429        286     22     57     1818.3     1522.0
3430        142     21     22     2726.0     1509.0
3431        110     17     21     4654.5     1507.2
3432        187     19     30     4697.9     1510.4
3433        118     32     17      246.2     1505.6
3434        211     38     26     1663.8     1509.2
3435        134     35     25     1914.2     1511.8
3436        379     43     28     2350.9     1512.5
3437        111     18     20     2526.0     1507.5
3438        300     36     38     2633.3     1518.1
3439        240     27     24     2903.2     1509.9
3440       2206     65    146     3552.9     1587.4
3441        124     23     20      742.8     1507.7
3442        219     24     29     1225.4     1515.8
3443        224     31     32     2204.1     1513.5
3444        122     26     19     2433.6     1508.3
3445        136     18     26     3552.5     1513.2
3446        326     39     32     3935.0     1514.7
3447        149     23     22     4632.5     1510.7
3448        139     14     33      291.6     1518.9
3449        125     21     19      344.5     1513.4
3450        110     19     21      597.4     1512.6
3451        344     32     30     1186.7     1520.0
3452        268     40     24     4177.3     1513.0
3453        108     15     24     1239.5     1512.4
3454        417     48     32     1385.1     1520.9
3455        209     37     31     1545.7     1520.3
3456        137     30     22     1991.5     1512.3
3457        369     46     31     2029.0     1517.8
3458        186     29     18     2980.9     1513.7
3459        105     15     23     3233.7     1517.0
3460        338     42     42     3418.5     1524.7
3461        103     22     19     3916.2     1513.8
3462       1842     77    107     4136.0     1558.0
3463        468     44     42       28.8     1527.4
3464        120     22     24     1629.4     1518.3
3465        162     21     28     2150.7     1518.8
3466        132     26     23     2684.1     1517.6
3467        165     19     32     2781.5     1520.7
3468        205     22     26     3351.4     1519.1
3469        153     25     24     3753.2     1516.3
3470        973     76     56     4029.9     1534.6
3471        292     54     30     4388.4     1520.4
3472        221     23     39     4590.1     1525.9
3473        168     21     42     4775.6     1524.9
3474        267     33     26     1519.5     1521.8
3475        447     42     40     2588.7     1529.8
3476        113     15     20     3030.5     1517.1
3477        170     23     23     3048.2     1517.1
3478        202     35     23     4221.7     1520.6
3479        388     47     32     4306.0     1523.7
3480        118     20     16      132.9     1518.8
3481        579     48     48      258.6     1536.1
3482        152     23     22      451.5     1522.3
3483        127     18     21      676.1     1521.7
3484        489     48     40      924.7     1529.9
3485        225     30     25     1711.8     1520.0
3486        256     31     22     2122.0     1520.8
3487        302     48     37     2521.3     1530.2
3488        123     27     14     2558.3     1517.7
3489        260     36     27     2710.9     1523.6
3490        109     15     20     3440.2     1519.4
3491        616     50     50     3769.8     1535.2
3492        130     26     12     3793.7     1516.5
3493        138     21     36     3963.7     1531.0
3494        122     21     21     4115.6     1520.6
3495        305     32     34     4476.6     1528.6
3496        139     23     27      393.5     1525.9
3497        114     18     22     1125.5     1523.5
3498        119     28     12     1139.1     1517.3
3499        325     31     34     1577.3     1530.4
3500        269     35     23     2278.4     1522.7
3501        101     14     18     2961.3     1519.0
3502        173     22     22     3810.4     1524.6
3503        152     16     25     4563.4     1524.5
3504        162     20     34     4799.0     1526.3
3505        247     24     32      113.5     1527.2
3506        149     18     21      471.3     1525.1
3507        183     23     31      731.8     1530.1
3508        294     30     49     1065.5     1537.8
3509        140     31     15     2313.8     1523.5
3510        129     19     24     2493.2     1526.4
3511        105     19     19     2665.7     1524.5
3512        296     33     37     2753.5     1531.7
3513        143     29     24     3466.2     1526.9
3514        124     15     25     3496.6     1528.2
3515        289     36     30     3683.8     1530.1
3516        197     16     43     4092.0     1538.0
3517        404     33     53     4168.9     1540.4
3518        327     37     38      781.0     1535.5
3519        164     33     21      861.3     1525.5
3520        163     22     18     1006.2     1523.5
3521        162     29     21     1086.2     1523.0
3522        377     48     57     2562.4     1554.3
3523        219     23     33     3218.7     1532.8
3524        106     15     17     3523.6     1526.3
3525        116     17     22     4076.6     1528.1
3526        150     30     20     4513.2     1524.4
3527        125     18     21       94.6     1528.4
3528        114     26     17      814.4     1529.0
3529        139     22     17      891.6     1527.9
3530        227     35     31     1740.5     1532.4
3531        104     14     21     2479.7     1529.9
3532        442     31     59     3148.6     1549.0
3533        162     28     29     3248.9     1528.5
3534        286     32     42      436.4     1541.3
3535        125     24     22      572.8     1529.9
3536        225     31     30      654.5     1533.9
3537        511     34     67     1608.9     1557.6
3538        265     29     29     2376.3     1533.1
3539        219     33     34     2438.7     1535.5
3540        120     13     28     2508.3     1536.9
3541        211     33     26     2844.5     1534.1
3542        397     35     43     1248.1     1542.0
3543        131     17     20     2193.9     1531.5
3544        134     28     21     2902.6     1533.2
3545        373     27     45     3122.7     1548.6
3546        193     15     36     3621.6     1538.2
3547        155     16     24     4609.1     1533.3
3548        209     24     30      165.7     1540.2
3549        159     17     30      486.5     1538.8
3550        187     35     27     1023.6     1539.6
3551        314     35     35     1154.5     1540.4
3552        346     44     36     1928.4     1540.8
3553        130     14     29     3270.3     1538.9
3554        111     15     18     3281.8     1533.3
3555        223     38     36     3726.8     1540.8
3556        526     44     60     4196.9     1553.8
3557        189     48     18      524.1     1534.9
3558        192     22     31     1342.8     1541.5
3559        121     18     18     2035.8     1535.3
3560        167     20     26     4523.6     1540.8
3561        468     59     31      325.3     1543.5
3562        841     62     55     1213.0     1556.8
3563        117     23     18     1874.3     1538.6
3564        646     51     47     4239.7     1548.6
3565        172     30     27      217.9     1542.2
3566        141     15     29      557.5     1546.5
3567        422     54     36     1712.1     1547.5
3568        109     22     14     2314.1     1536.3
3569        132     23     16     2687.8     1538.1
3570        479     36     51     3451.9     1558.5
3571        377     33     36     3597.9     1547.4
3572        176     24     28     4867.1     1545.4
3573        572     55     68      884.2     1563.0
3574        314     35     30     1367.3     1547.3
3575        378     38     35     1549.6     1546.9
3576        119     22     19     2814.1     1540.8
3577        108     10     21     2954.1     1541.4
3578        144     23     30     2967.5     1545.5
3579        215     24     25     3172.7     1545.0
3580        123     20     18     3252.8     1538.9
3581        348     37     29     3897.8     1548.2
3582        106     18     21     3934.5     1542.0
3583        141     13     27      292.7     1546.7
3584        829     73     53      656.2     1560.5
3585        131     18     20     1178.5     1544.1
3586        224     32     26     1437.6     1544.0
3587        209     37     32     2163.3     1551.1
3588        226     31     30     2458.3     1547.3
3589        566     44     51     2711.9     1560.1
3590        282     34     33     3043.0     1548.9
3591        282     40     30     3288.8     1549.0
3592        138     26     16     3480.3     1541.0
3593        127     14     23     3802.1     1546.9
3594        110     20     20     4289.7     1543.9
3595        102     28     12       23.3     1544.3
3596        124     25     26       65.6     1548.2
3597        222     30     31      709.4     1551.1
3598        130     16     26     1089.5     1548.5
3599        136     29     17     1660.0     1543.5
3600        236     33     29     2194.8     1549.5
3601        124     15     21     2417.9     1548.2
3602        240     42     23     3523.3     1546.5
3603        377     41     32     3706.2     1550.3
3604        182     27     20      755.6     1545.7
3605        188     25     24     1314.7     1551.0
3606        214     22     38     2743.1     1558.6
3607        134     24     17     2921.2     1548.3
3608        193     33     21     3348.4     1549.5
3609        112     23     16     3847.7     1545.8
3610        129     21     17     4074.9     1546.0
3611        375     41     34     4339.3     1555.4
3612        162     20     24     4659.7     1550.9
3613        129     18     17     1105.4     1550.3
3614        437     42     38     1476.5     1557.4
3615        105     20     14     4318.4     1547.8
3616        437     39     42     4583.3     1564.5
3617        345     37     32     1284.5     1557.7
3618        319     22     59     2305.7     1567.1
3619       1188     55    101     2776.2     1591.9
3620        124     25     16     2835.3     1549.3
3621        138     22     19     3224.7     1551.1
3622        138     25     19       86.7     1554.3
3623        147     34     29      398.6     1558.7
3624        302     24     48      533.2     1567.2
3625        214     34     29     1635.4     1556.2
3626        120     24     18     2043.2     1554.2
3627        202     25     39     2598.9     1562.8
3628        283     19     41     2630.4     1561.8
3629        104     23     15     2894.8     1552.0
3630        100     11     18     3665.6     1551.4
3631        151     28     19     3868.4     1552.9
3632       1045     76     62     4013.4     1577.4
3633        103     23     18     4016.8     1552.9
3634        175     25     28     4101.1     1558.4
3635        232     32     28     4386.8     1558.4
3636        487     53     43      955.8     1566.9
3637        115     22     15     1878.9     1553.3
3638        105     14     21     2260.0     1554.8
3639        148     26     25     2397.6     1559.1
3640        441     66     42     2522.0     1568.6
3641        133     17     19     3432.8     1555.2
3642        197     33     24     3644.8     1559.3
3643        468     32     52     4281.0     1571.1
3644        175     31     18      132.5     1558.0
3645        104     21     14      729.5     1555.6
3646        551     51     48     1045.4     1571.8
3647        231     53     15     1413.3     1554.2
3648        123     15     22     1570.7     1557.8
3649        151     17     30     1748.5     1565.1
3650        147     24     26     3093.0     1560.2
3651        493     61     31     3249.7     1564.9
3652        200     28     31     3305.8     1561.3
3653        223     30     27     3475.7     1561.0
3654        291     30     38     3519.0     1565.5
3655        104     24     26      274.9     1563.4
3656        147     24     21      793.4     1559.0
3657        415     29     54     1930.7     1578.0
3658        105     15     18     2067.3     1558.6
3659        377     36     39     3398.1     1570.2
3660        529     66     28     3830.8     1563.4
3661        121     18     19     4256.3     1559.8
3662        130     23     23     4958.0     1563.1
3663        156     18     25      344.2     1562.2
3664        444     38     42     1001.3     1574.8
3665        183     25     26     1507.9     1567.7
3666        215     25     34     1536.3     1571.9
3667        131     19     17     1806.0     1561.8
3668        264     27     30     2277.6     1564.2
3669        136     23     25     2323.1     1564.7
3670        220     26     32     4739.9     1569.8
3671        125     21     23     4769.5     1562.4
3672        178     27     22      196.1     1563.9
3673        185     36     17      255.3     1562.0
3674      11681    392    144     2422.1     1627.6
3675        216     26     40     2876.8     1577.0
3676        185     29     34     4630.2     1567.0
3677        190     33     29     5048.5     1564.7
3678        263     39     27      373.5     1573.4
3679        114     21     21      604.8     1565.2
3680        174     18     28     2912.3     1572.2
3681        126     32     14     3180.3     1563.0
3682        116     18     22     4442.3     1568.3
3683        112     19     21     4682.4     1566.4
3684        161     21     19       84.4     1567.9
3685        134     28     20      307.8     1565.4
3686        165     15     29      470.3     1574.4
3687        275     37     25     1867.8     1570.3
3688        107     13     29     2459.7     1572.6
3689       1282    107     54     3626.3     1580.7
3690        237     30     28     4418.5     1572.3
3691        691     49     50      233.1     1584.7
3692        222     25     31      423.2     1576.7
3693        160     32     13      564.4     1566.0
3694        145     30     14     1162.2     1566.3
3695        136     24     17     1388.1     1568.4
3696        118     18     19     1692.4     1569.4
3697        117     22     19     2044.7     1569.2
3698        338     50     26     2077.8     1573.6
3699        310     35     43     3076.7     1580.4
3700        879     50     75     3355.0     1595.8
3701        103     19     13     3944.6     1566.5
3702        421     32     57     4536.4     1587.8
3703        289     27     36      694.8     1578.7
3704        374     33     50     2806.9     1584.7
3705        575     52     53     3208.3     1591.4
3706        756     55     58     3436.4     1597.7
3707        528     49     43     4502.8     1583.9
3708        111     24     17     4555.7     1568.7
3709        167     22     30       75.8     1582.8
3710        170     27     23      118.2     1576.5
3711        410     38     55     1344.4     1590.9
3712        107     23     17     2115.7     1573.9
3713        132     19     28     2511.3     1577.7
3714        285     30     25     3111.3     1576.7
3715        623     37     68     3690.6     1598.7
3716        663     49     50     3879.4     1590.6
3717        119     14     24     4864.8     1575.7
3718        163     17     26       43.6     1578.6
3719        164     26     26      761.2     1578.8
3720        323     28     39      847.2     1583.2
3721        370     53     37     1191.8     1583.1
3722        154     28     19     1659.7     1577.1
3723        281     33     24     1771.1     1579.7
3724        162     22     30     2862.2     1578.6
3725        286     27     34     3000.7     1583.5
3726        826     53     67     3039.5     1601.9
3727        349     33     40     3715.8     1583.4
3728       1006     74     70     3792.3     1603.0
3729       1783     74    103     3965.4     1620.4
3730        156     29     19     4051.4     1575.2
3731        523     50     54      182.0     1590.1
3732        142     25     19     1330.6     1578.2
3733        226     35     27     1379.8     1580.9
3734        234     32     29     1414.2     1581.8
3735        132     29     19     1906.8     1578.5
3736        281     40     38     2156.4     1582.1
3737        106     23     16     3172.0     1575.6
3738        537     35     70     3269.3     1603.5
3739        173     25     30     3921.4     1582.5
3740        323     26     34     4169.2     1585.9
3741        133     24     15     4802.9     1575.8
3742        269     47     26     1499.8     1584.7
3743        744     46     69     1547.7     1605.0
3744        110     20     16     1637.2     1578.8
3745        115     21     17     1730.1     1580.2
3746        419     47     37     3499.7     1593.5
3747        155     15     33     3758.6     1586.3
3748        635     60     45     4334.1     1591.4
3749        298     29     31      303.1     1587.8
3750        164     36     21      569.2     1582.4
3751        424     41     41     1092.6     1593.0
3752        703     55     55     1701.4     1603.0
3753        154     32     16     2327.3     1579.0
3754        261     23     40     2482.5     1592.7
3755        130     23     18     2933.6     1580.4
3756        119     22     17     4006.0     1580.5
3757        433     51     32     4227.5     1590.5
3758        107     16     21     4372.2     1584.2
3759        194     35     35     4947.4     1589.5
3760        120     15     23      403.2     1585.1
3761        110     21     25     2209.1     1584.9
3762        109     19     16     2257.5     1583.2
3763        381     39     44     2643.7     1597.0
3764        439     44     44     3300.2     1597.7
3765        138     15     31     3846.0     1590.4
3766        388     30     54     4076.7     1601.1
3767        371     32     42      103.5     1599.1
3768        602     60     58      476.9     1603.6
3769        243     38     20     1132.1     1585.7
3770        156     20     27     2135.1     1590.2
3771        121     26     14     3475.3     1583.9
3772        166     34     17     4399.4     1585.1
3773        117     18     22     4822.7     1585.7
3774        126     18     17      545.4     1585.6
3775        255     27     37     1288.1     1594.1
3776        156     19     23     1750.3     1591.0
3777        303     28     39     1976.2     1600.8
3778        501     42     51     2044.0     1606.4
3779        109     20     16     2235.6     1584.7
3780        205     23     48     2591.9     1598.5
3781        331     28     44     3830.2     1601.5
3782        284     30     38     4094.3     1597.1
3783        471     38     46     4195.9     1601.4
3784        245     31     24     4448.9     1588.4
3785        147     25     21      786.0     1589.6
3786        245     33     26      895.4     1592.4
3787        203     33     26     1370.0     1592.2
3788        182     33     35     4611.1     1600.0
3789        140     23     16      335.4     1589.7
3790        698     63     37      656.7     1600.1
3791        803     41     74      715.7     1619.4
3792        149     23     30      962.2     1595.6
3793        389     52     26     1592.3     1596.5
3794        616     51     56     1859.5     1614.4
3795        125     22     25     2116.0     1595.5
3796        293     36     25     3391.8     1593.2
3797        130     25     31     4594.0     1599.6
3798        161     31     16     4891.9     1588.7
3799        115     21     15     5080.8     1590.6
3800        163     17     27      748.9     1598.4
3801        109     28     14     1629.7     1590.7
3802        110     23     17     2059.1     1592.1
3803        103     20     19     4658.3     1593.8
3804        414     38     41      821.6     1606.1
3805        154     23     21      978.9     1597.6
3806        182     27     18     1898.4     1596.3
3807        167     21     26     4734.3     1601.1
3808        223     22     42      868.8     1609.5
3809        184     38     15     2718.4     1596.5
3810        758     68     58     2925.6     1617.5
3811        221     22     33     3141.3     1604.2
3812        289     31     32     1266.4     1604.9
3813        188     39     18     1485.8     1601.3
3814        100     16     26     1771.1     1600.8
3815        101     14     19     1957.5     1599.5
3816        453     48     46     2616.4     1614.7
3817        107     23     19     2967.2     1599.9
3818        122     23     28       30.9     1609.9
3819        167     25     30     1067.6     1605.2
3820        119     20     18     1641.8     1602.7
3821        263     29     30     1803.3     1605.4
3822        193     24     24     1942.4     1602.9
3823        149     25     27     2200.7     1606.4
3824        261     36     34     2517.4     1609.5
3825        516     36     59     3615.2     1622.8
3826        215     25     34     3665.9     1609.5
3827        169     23     27     4118.1     1605.3
3828        346     35     38     4304.7     1612.3
3829        455     42     53     4467.5     1618.7
3830        184     18     26      145.0     1607.0
3831        209     25     27      275.6     1609.1
3832        155     28     22      569.0     1606.5
3833        109     23     15      605.2     1601.2
3834        102     18     15     2019.3     1599.5
3835        193     36     30     2681.1     1606.5
3836        106     18     20     4263.6     1604.6
3837        208     39     21     4428.5     1605.9
3838       1055     70     72       61.1     1632.7
3839        259     21     42      792.9     1615.8
3840        109     21     19      845.8     1605.4
3841        135     16     23     1669.1     1605.8
3842        271     35     28     2094.6     1608.7
3843        155     20     32     2230.1     1613.4
3844        122     28     16     3906.9     1605.2
3845        210     32     31     4650.7     1615.1
3846        104     19     17      294.2     1605.7
3847        162     25     21      935.6     1605.9
3848        104     22     14     1178.3     1604.8
3849        125     24     17     1911.2     1608.5
3850        109     20     15     2835.3     1606.3
3851        735     70     43     3108.4     1619.7
3852        129     18     24     3474.0     1611.1
3853        110     18     17     4138.0     1607.9
3854        152     24     18      163.9     1607.5
3855        234     26     31      533.6     1617.8
3856        256     30     34     2742.1     1619.0
3857        207     24     32     2858.6     1616.5
3858        509     39     53     3000.3     1626.1
3859        229     18     58        7.4     1632.1
3860        149     19     23      410.2     1613.2
3861        143     21     32     1041.9     1621.0
3862        134     19     24     1507.6     1614.7
3863        144     19     25     4352.8     1614.3
3864        154     25     22      304.5     1616.1
3865       1082     82     62     1129.4     1632.8
3866        815     72     60     1257.4     1635.7
3867        103     12     19     1764.3     1613.9
3868        181     19     29     1826.1     1616.8
3869        138     20     18     3246.6     1611.3
3870        137     23     17     3323.8     1612.7
3871        226     40     20     4035.1     1614.7
3872        116     22     13      760.4     1612.7
3873        839     63     65      976.0     1636.0
3874        132     24     16      982.5     1612.2
3875        114     15     24     1158.4     1618.7
3876        202     34     18     1421.4     1614.4
3877        262     35     24     1472.8     1617.0
3878        162     18     26     1733.8     1616.1
3879        672     65     55     3162.5     1636.9
3880        106     16     15     3381.8     1614.3
3881        190     26     18     3717.8     1615.1
3882        776     65     53     3876.7     1630.7
3883        199     18     33     1023.3     1623.6
3884        128     16     29     1961.6     1621.4
3885        320     29     35     2074.1     1624.2
3886        120     21     27     2581.1     1624.1
3887        232     32     32     1777.5     1624.4
3888        717     54     49     3469.2     1634.8
3889        212     28     40     4493.8     1629.8
3890        124     20     18     4521.9     1619.6
3891        196     29     27     1183.7     1621.3
3892        218     22     36     1207.8     1629.5
3893        167     22     25     1289.8     1622.4
3894        269     31     35     1319.1     1626.6
3895        102     19     21     2661.9     1622.4
3896        124     21     17     2979.4     1621.0
3897        271     24     34     3759.4     1629.7
3898        101     13     22     3929.2     1623.1
3899        173     33     19     4102.3     1620.9
3900        232     32     33     4377.4     1629.4
3901        141     20     23      339.4     1626.4
3902        344     37     33      419.7     1631.5
3903        294     27     45      637.1     1638.8
3904        805     73     50      885.2     1643.0
3905        156     26     24     4409.7     1626.2
3906        141     20     18     1399.7     1624.0
3907        160     22     31     2149.6     1631.5
3908        112     13     18     2196.8     1624.8
3909        125     17     18     3300.5     1624.4
3910        343     30     30     3681.9     1629.9
3911        178     24     26     4339.1     1628.5
3912        215     39     23     4572.6     1627.1
3913        296     28     35      120.6     1632.9
3914        210     31     25      756.0     1631.3
3915        196     23     39      835.8     1635.9
3916        149     21     21      910.6     1628.8
3917        120     24     20     1932.2     1625.8
3918        103     20     18     2605.4     1627.1
3919        253     40     32     3235.3     1634.0
3920        103     14     20     3596.7     1626.0
3921        146     26     21       31.9     1629.9
3922        162     25     21      553.3     1630.9
3923        258     34     27     1601.1     1634.4
3924        207     32     29     2709.0     1632.1
3925        194     20     31     3650.5     1635.4
3926        125     22     16     4127.0     1627.9
3927        192     29     23      203.7     1632.4
3928        176     25     23      808.6     1632.5
3929        349     36     30     1077.8     1638.2
3930        110     22     22     2028.5     1632.4
3931        188     23     27     3321.8     1634.7
3932        255     30     27     4641.6     1636.2
3933        198     37     18      298.2     1634.2
3934        116     12     26      442.9     1636.5
3935        431     54     37     1437.0     1638.0
3936        715     47     65     1549.6     1662.0
3937        100     14     20     1753.4     1632.3
3938        393     35     38     1905.7     1644.7
3939        468     39     42     2169.4     1644.8
3940        297     34     39     3382.4     1639.4
3941        514     41     61     3427.8     1650.9
3942        163     23     27     3912.7     1636.8
3943        233     21     36     4038.0     1643.9
3944        199     25     24     4193.4     1634.2
3945        313     40     36     4468.1     1645.3
3946        220     26     30     4550.2     1640.6
3947        101     22     17     4828.9     1630.7
3948        188     28     25      471.2     1639.5
3949        153     20     24      678.6     1635.9
3950        249     41     36     1518.7     1646.7
3951        183     25     41     2005.3     1645.8
3952        177     23     24     4157.2     1638.8
3953        326     38     39     4253.7     1644.1
3954        130     20     23     4762.7     1639.3
3955        270     31     30      174.6     1641.1
3956        190     23     27      363.4     1641.3
3957        117     20     17      616.2     1635.6
3958        165     23     23     2770.7     1640.8
3959        160     26     30     3495.7     1643.8
3960        150     27     18     3513.0     1637.4
3961        805     79     48     3598.9     1652.9
3962        607     42     55     4019.4     1656.8
3963        117     13     27     4962.4     1642.9
3964        142     19     25      274.7     1643.5
3965        309     27     39      502.3     1649.8
3966        496     51     39      597.2     1651.1
3967        100     20     15      950.6     1636.2
3968        120     12     22     2100.9     1641.6
3969        124     16     26     2736.0     1644.5
3970        242     36     26     3055.8     1641.6
3971        264     31     25     3199.6     1641.9
3972        701     75     47     3302.5     1650.3
3973        106     14     19     3358.4     1640.6
3974        295     42     22     4074.9     1639.2
3975        107     18     16     4517.6     1638.2
3976        487     49     39     1717.4     1652.7
3977        107     16     23     2219.5     1643.2
3978        107     16     22     2643.3     1643.6
3979        151     24     20     2681.0     1641.6
3980        103     15     32     1760.3     1651.5
3981        112     21     19     2202.3     1643.3
3982        117     21     21     2828.8     1644.8
3983        169     21     19     2868.1     1644.4
3984        191     31     23     4390.0     1647.3
3985        150     20     36      922.3     1652.9
3986        186     20     36     1201.1     1653.6
3987        229     35     23     1333.8     1649.8
3988        146     26     22     1669.6     1647.3
3989        219     30     37     3068.4     1655.3
3990        103     21     18     3411.0     1643.7
3991        597     45     76     3777.9     1675.7
3992        214     27     28     4415.0     1650.0
3993        191     38     14     4792.0     1641.7
3994        278     49     39      160.3     1656.7
3995        103     17     19      684.8     1647.8
3996        128     18     22     1185.4     1650.4
3997        160     18     23     1390.5     1651.7
3998        165     26     17     1411.2     1646.7
3999        793     51     67     1863.4     1673.6
4000       2489    126     84     2667.5     1682.1
4001        128     21     23     2891.0     1647.4
4002        179     22     27     2948.5     1650.5
4003        393     34     34     4215.1     1655.5
4004        106     34      8       87.5     1642.9
4005        251     33     33      813.9     1658.6
4006        156     20     23     1233.2     1651.4
4007        152     18     28     1574.9     1655.0
4008        402     52     41       85.7     1664.6
4009        154     31     16      329.8     1650.9
4010        224     30     30      945.6     1656.5
4011        403     43     37     2071.8     1659.6
4012        140     17     25     2113.1     1655.9
4013        136     30     19     2856.7     1652.8
4014        707     64     56     3666.7     1672.0
4015        117     20     14     3732.5     1648.5
4016        343     36     34     3826.1     1656.6
4017        112     27     14     4104.4     1651.1
4018        122     22     20     1434.8     1653.7
4019        196     19     30     1790.4     1658.4
4020        231     39     29     4570.7     1659.6
4021        100     15     24      347.9     1659.7
4022        302     39     24     1054.9     1658.6
4023        120     17     26     1500.3     1660.9
4024        149     18     18     3902.9     1654.6
4025        274     33     28     4281.9     1659.2
4026        340     36     38     4529.9     1666.2
4027        110     20     16      212.9     1655.9
4028        295     34     31      393.5     1660.6
4029       1429     79    100     4001.9     1708.2
4030        168     35     14     4725.7     1655.3
4031        377     35     42      141.2     1671.9
4032        163     16     30      306.5     1663.7
4033        102     13     19      368.6     1659.0
4034        139     18     34      656.3     1665.8
4035        126     31     18     2834.2     1658.2
4036        197     27     30     3241.0     1663.4
4037        165     39     19     4892.6     1658.6
4038        153     26     25     2027.9     1663.2
4039        181     22     30     2096.0     1663.4
4040        275     29     32     2964.1     1668.8
4041        194     31     28     3390.8     1664.3
4042        229     38     19     3856.6     1657.9
4043        113     25     16     1340.3     1662.4
4044        103     14     23     2681.6     1666.6
4045        107     11     21     3170.8     1664.4
4046        609     55     42     3538.1     1674.8
4047        239     30     30     4125.5     1670.2
4048        841     47     85      525.6     1704.4
4049        144     21     31     1029.1     1670.9
4050        224     47     28     1112.5     1666.8
4051        103     20     18     1589.7     1664.0
4052        247     30     34     3494.2     1671.0
4053        222     35     23     3623.3     1666.5
4054        187     36     15     4100.7     1663.4
4055        151     23     22      678.4     1667.9
4056        213     40     26     1227.1     1672.7
4057        168     23     21     1825.2     1668.8
4058      85071    613    536     2728.0     1942.2
4059        224     26     28     3015.6     1673.1
4060        574     64     47     3098.1     1681.9
4061        265     22     46     3946.9     1680.1
4062        161     23     32     4394.1     1674.5
4063        691     48     55      482.2     1689.0
4064        110     14     25      646.5     1671.6
4065        855     79     48      988.3     1683.9
4066        344     44     27     1133.0     1674.8
4067        373     46     30     1376.3     1675.5
4068        126     26     18     1409.1     1668.6
4069        479     58     32     1761.0     1675.2
4070        116     20     17     1941.5     1668.0
4071        138     24     15     2895.7     1666.4
4072        108     24     14     3337.2     1667.1
4073        105     18     13     3881.9     1667.1
4074        108     23     19     3910.4     1669.5
4075        149     18     31     4450.9     1675.4
4076        110     18     18      446.9     1671.1
4077        193     28     27      569.5     1674.1
4078       1032     70     52     1298.7     1687.6
4079        177     25     25     1707.0     1674.2
4080        478     52     33     3721.7     1680.2
4081        283     25     36     3804.9     1679.4
4082        970     51     97     4058.1     1703.2
4083        135     18     25     4162.5     1673.3
4084        353     41     40     4296.9     1683.8
4085        274     34     27      329.8     1681.3
4086        201     21     36     1456.2     1679.4
4087        108     20     18     1667.4     1672.8
4088        247     31     27     1916.6     1678.6
4089        109     19     18     3212.3     1672.0
4090        130     18     20     3478.3     1673.9
4091        413     48     36     4594.5     1682.5
4092        198     24     27     4632.1     1677.3
4093        258     32     23     1433.4     1678.2
4094        287     37     33     2868.2     1681.9
4095        183     25     27     3262.2     1677.3
4096        255     37     27     3870.3     1679.1
4097        102     16     25     4134.8     1680.3
4098        197     35     16     4255.7     1673.3
4099        205     20     31     4663.9     1679.1
4100        235     27     35       12.3     1684.4
4101        149     19     30      924.7     1683.3
4102       1132     48    105      958.7     1727.4
4103        365     45     38     1161.8     1689.9
4104        112     21     17     1945.1     1678.1
4105        397     40     39     2739.4     1685.2
4106        126     24     26     2809.1     1682.6
4107        128     16     22     3832.7     1679.0
4108        115     15     21      805.5     1681.6
4109        332     35     44      913.3     1691.7
4110        141     20     22     3370.4     1681.6
4111        152     17     25     4101.4     1682.5
4112        250     23     40     4823.2     1688.0
4113        125     23     22      256.4     1685.0
4114        194     40     24      431.8     1683.9
4115       1000     45     89     2057.4     1712.1
4116        171     23     19     2996.6     1681.6
4117        222     23     28     3419.0     1688.1
4118        111     12     27     3457.5     1683.6
4119       1132     57     76     4250.4     1713.7
4120        118     15     22     4565.7     1683.8
4121        156     28     24     4725.0     1687.1
4122        129     16     20      217.7     1682.9
4123        126     21     21      400.5     1683.0
4124        104     18     16     2906.9     1681.4
4125        250     27     31     3185.1     1689.4
4126        240     36     22     4184.9     1684.3
4127        141     25     22     4216.1     1684.0
4128        130     20     25     4269.0     1688.1
4129        209     22     28     4364.0     1689.4
4130        100     22     16     4752.9     1684.1
4131        110     23     14      739.4     1681.3
4132        209     22     26      787.8     1688.6
4133        578     70     49     3144.2     1704.7
4134        248     36     21     3225.5     1687.2
4135        134     19     22     4976.7     1685.9
4136        100     22     18     5022.5     1684.6
4137        363     48     31      758.2     1692.3
4138        128     34     14     1521.9     1685.3
4139        133     29     22     1608.1     1688.9
4140        237     37     28     1684.7     1691.8
4141        238     22     37     1720.9     1693.8
4142        224     37     32     2840.5     1691.0
4143        435     39     53     2949.5     1702.8
4144       1062     60     86     3614.7     1727.8
4145        197     36     24     3899.3     1688.6
4146        128     17     20     4332.2     1687.5
4147        453     55     43     4466.6     1698.9
4148        169     18     27     1776.5     1694.1
4149      11646    278    169     2411.2     1753.8
4150        104     28     18     2885.4     1689.5
4151        128     10     32     3437.6     1694.4
4152        145     13     25     3789.5     1690.9
4153        627     68     45       86.3     1707.7
4154        121     19     15      203.3     1688.0
4155        128     16     24     1889.4     1691.9
4156        267     31     32     3058.0     1695.8
4157        270     26     35     4619.2     1697.8
4158        173     21     29     4861.1     1699.0
4159        237     22     38       32.5     1702.9
4160        156     30     26      116.5     1697.9
4161        254     21     39      592.2     1705.5
4162        161     18     22      686.9     1695.6
4163        167     30     22      878.0     1694.5
4164        821    119     32     2150.8     1695.4
4165        163     28     22     3631.6     1693.1
4166        263     34     29     3841.6     1698.5
4167        456     46     41     4091.4     1703.9
4168        128     18     21      579.1     1695.4
4169        150     32     13     1473.8     1693.7
4170        325     35     34     2899.9     1705.2
4171        238     34     31     4546.0     1702.6
4172        145     24     22      231.9     1698.4
4173        175     33     22      386.3     1701.0
4174       1414     93     87     1983.4     1731.1
4175        311     36     36     3092.9     1706.3
4176        484     45     44     3336.1     1707.6
4177        121     19     29     2975.0     1704.6
4178        181     41     30     3859.9     1705.4
4179        450     39     49      329.1     1715.1
4180        289     36     32     1588.6     1707.7
4181        237     20     28     3695.5     1705.7
4182        142     16     24     3716.5     1704.1
4183        198     27     19     4015.0     1702.3
4184        594     50     47     4211.0     1716.3
4185        147     19     33     4522.5     1706.6
4186        100     15     22     4681.6     1701.8
4187        158     25     23      197.7     1704.6
4188        213     30     31      250.7     1710.9
4189        105     19     19      887.5     1703.6
4190        202     26     24     3232.3     1706.8
4191        162     18     28     4038.0     1708.0
4192        117     24     16     4331.7     1701.1
4193        128     28     16     1220.3     1705.1
4194       1915     80    112     2993.1     1753.0
4195        135     18     18     3379.9     1705.2
4196        166     30     20     3456.6     1705.5
4197        546     64     43     3559.2     1716.0
4198        666     46     69     4527.3     1740.6
4199        105     12     27     4690.5     1709.6
4200        849     58     64      154.4     1727.0
4201        518     58     46     1064.1     1716.7
4202        164     22     22     1107.8     1708.8
4203        104     17     19     1331.7     1706.1
4204        117     23     19     1379.7     1709.2
4205        382     46     41     1663.6     1713.3
4206        184     24     26     1747.3     1711.2
4207        334     37     36     3057.3     1718.7
4208        127     26     21       11.0     1712.6
4209        294     40     24      660.9     1714.3
4210        430     52     40     1765.9     1723.8
4211        103     14     15     1801.3     1708.3
4212        160     23     25     3400.3     1712.0
4213        126     16     22     3415.5     1711.0
4214        265     45     24     3656.0     1712.7
4215        106     25     13     3930.0     1705.9
4216        296     44     34     4364.0     1716.8
4217        281     30     29     4496.9     1713.9
4218        212     31     29      292.5     1720.4
4219        181     21     27      358.8     1715.8
4220        146     23     27      613.9     1714.1
4221        139     16     21     1822.4     1711.2
4222        850     44     79     3730.8     1742.6
4223        105     15     26     4586.8     1714.3
4224        220     32     22     1136.1     1715.0
4225        287     30     47     1168.1     1725.8
4226        117     18     20     1348.5     1715.9
4227        284     36     32     1856.9     1720.3
4228        167     29     26     3014.9     1716.3
4229        342     29     43     3034.8     1727.1
4230        109     24     15     3755.4     1711.8
4231        184     25     23     4387.5     1715.1
4232        152     23     22      435.2     1715.3
4233        194     28     27      562.4     1719.5
4234        376     39     44     2931.3     1728.9
4235        419     37     41     3369.4     1729.0
4236        124     15     25     3868.5     1717.5
4237        130     16     23     4291.2     1717.1
4238        364     42     36      395.0     1728.2
4239        388     46     42      741.8     1725.1
4240        156     26     31     1414.2     1721.2
4241        117     15     17     1534.3     1715.9
4242        111     22     16     1915.2     1715.3
4243        130     28     16     4768.3     1715.0
4244        110     26     14      413.7     1717.3
4245        189     27     31      854.6     1724.1
4246        227     25     35     1255.4     1728.8
4247        118     15     26     1490.4     1722.7
4248        468     30     69     1541.8     1746.0
4249        117     24     12     1892.5     1715.4
4250        172     25     24     3163.7     1722.0
4251        183     24     26     4090.2     1720.2
4252        120     27     19     4711.3     1719.7
4253        104     27     20      770.8     1722.1
4254       1133     70     62      908.6     1740.8
4255        232     38     20     1457.1     1722.6
4256        237     38     24     3795.0     1724.3
4257       1346     82     95      479.1     1754.4
4258        174     21     26      498.9     1725.9
4259        116     17     22     1274.3     1725.5
4260        180     39     28     1827.0     1727.4
4261        200     28     23     3253.6     1724.6
4262        178     24     21     3909.9     1723.6
4263        569     68     45     1648.2     1736.5
4264        120     18     24     3462.6     1728.6
4265        104     16     12     3930.7     1721.8
4266        118     18     18     4311.6     1722.4
4267        193     28     26      200.1     1730.9
4268        103     18     20      253.5     1727.5
4269        123     16     23     1315.0     1730.8
4270        493     57     44     1572.1     1740.8
4271        203     28     25     3227.1     1729.9
4272        144     26     17     3673.4     1726.1
4273        131     29     13     4167.5     1724.6
4274        105     16     17     1556.0     1728.0
4275        194     26     35     1692.6     1735.8
4276        127     15     26     1787.3     1732.7
4277        195     35     26     3123.5     1732.8
4278        534     45     60     3840.8     1744.2
4279        331     39     25     3884.5     1731.6
4280        263     29     30     4330.6     1735.6
4281        105     19     13     5036.1     1727.0
4282        455     55     54      997.7     1749.0
4283        193     24     25     1227.2     1733.3
4284        169     28     22     1894.2     1733.5
4285        362     38     38     3982.6     1741.7
4286        352     38     48     4067.2     1745.3
4287        269     46     21      788.2     1734.6
4288        202     34     28     1123.9     1735.5
4289        156     28     20     3439.4     1733.9
4290        228     35     18     4571.9     1734.1
4291        118     23     17      129.8     1734.2
4292        104     14     21      377.5     1738.2
4293        104     18     17      517.8     1733.9
4294        439     45     50     1099.6     1746.7
4295        269     34     27     1351.0     1740.1
4296        168     26     23     1721.1     1736.7
4297        104     14     22     3480.3     1737.5
4298        135     16     29     3530.5     1742.4
4299        204     28     20     3726.1     1735.6
4300        137     23     19     4107.9     1736.3
4301        329     20     43     4153.3     1746.7
4302        101     13     26     4187.5     1738.7
4303        108     22     13     4429.3     1732.0
4304        219     21     35     4754.0     1744.9
4305        110     20     23     4899.2     1736.6
4306        127     22     24     4948.7     1736.7
4307        161     21     30        7.4     1743.2
4308        144     20     26      278.5     1739.9
4309        324     40     44     1281.7     1753.6
4310        167     33     19     3558.5     1738.0
4311        127     18     23     4476.0     1739.5
4312        235     34     30     1049.9     1746.1
4313        328     34     32     2900.9     1745.4
4314        137     20     30     3090.7     1746.3
4315        135     31     13     3934.2     1735.3
4316        206     44     25     4587.8     1742.8
4317        683     65     67     4672.2     1762.7
4318        403     26     55      563.0     1760.4
4319        390     33     43     1146.1     1754.1
4320        171     22     22     1383.6     1744.7
4321        147     20     27     3330.9     1743.6
4322        101     13     21     3778.7     1741.2
4323        478     42     39     3811.2     1753.1
4324        293     37     40     4732.5     1756.8
4325        197     25     22       34.1     1743.8
4326        328     37     34       85.9     1752.3
4327        210     18     41      420.8     1748.3
4328        101     20     13      687.9     1739.5
4329        126     26     20     1823.4     1742.5
4330        126     22     21     3243.0     1746.3
4331        163     24     25     4810.3     1746.9
4332        107     21     22     4839.9     1745.4
4333        263     30     48      366.6     1757.7
4334        104     18     16      643.0     1745.6
4335        154     20     25      658.7     1748.0
4336        115     31     12     1746.3     1742.1
4337        239     25     30     1931.6     1752.2
4338       1046     79     68     2079.8     1763.4
4339        127     22     19     3061.5     1745.1
4340        123     21     20     3146.2     1746.3
4341        253     33     31     3263.0     1752.5
4342        101     16     16     3312.6     1745.2
4343        325     47     24     3674.7     1746.2
4344        273     21     44     4079.9     1756.8
4345        119     17     16     4132.0     1744.0
4346        106     21     18      301.0     1745.1
4347        173     23     20      545.5     1745.6
4348        192     27     21     1479.4     1747.7
4349        108     17     24      630.0     1753.9
4350        179     26     26     1311.9     1754.2
4351        156     39     20     1868.9     1750.4
4352        188     31     16     3931.2     1747.3
4353        179     30     36     4231.4     1756.1
4354        173     23     21     4387.8     1752.1
4355        100     17     14     4458.7     1746.3
4356        109     22     15      792.6     1749.8
4357      23213    495    224     2343.0     1860.4
4358        142     22     22     3283.2     1750.8
4359        297     41     29     3389.1     1756.5
4360        475     52     42     4109.9     1761.9
4361        187     21     33     4285.2     1758.8
4362        158     24     23     4421.9     1754.3
4363        362     25     49      215.8     1768.4
4364        373     62     24      852.1     1756.1
4365        120     20     19     1611.4     1751.8
4366        165     16     30     1659.8     1759.8
4367        133     17     22     3037.7     1756.1
4368        141     21     17     3079.5     1752.7
4369        264     25     43     3191.6     1766.8
4370        364     48     37      594.4     1763.6
4371        596     38     55     1496.4     1775.4
4372        117     21     16     2925.4     1753.4
4373        177     29     21     3219.9     1755.5
4374        160     22     34     3876.4     1765.8
4375        109     15     24     3917.0     1758.9
4376        168     23     20     4171.1     1757.5
4377        132     24     15     4310.0     1755.3
4378        462     70     40     4326.1     1767.3
4379        173     30     21     4590.9     1757.6
4380        105     24     15     1560.7     1758.0
4381        944     67     83     1771.6     1794.3
4382        183     27     22     3322.6     1761.8
4383        350     40     48     3575.2     1772.2
4384        221     22     35     3889.7     1768.5
4385        614     52     44     4475.8     1773.5
4386        286     42     36       38.4     1768.0
4387        221     37     19      141.8     1761.3
4388        146     20     25      253.7     1765.9
4389        117     15     21     1097.1     1762.4
4390        113     12     36     1909.6     1768.2
4391        353     39     34     3465.5     1767.6
4392        186     28     26     3603.3     1764.5
4393        116     25     14       15.9     1759.3
4394        121     20     17     1333.2     1761.6
4395        318     48     22     1376.9     1766.7
4396        194     36     27     1880.7     1767.5
4397        120     24     25     1952.0     1766.9
4398        627     41     52     3516.9     1779.4
4399        793     58     44     3932.5     1778.6
4400        250     24     32     4012.3     1772.5
4401        169     21     27      467.6     1771.2
4402        176     32     23     1184.4     1766.9
4403        277     37     28     3694.1     1771.7
4404        201     35     20     4265.1     1766.0
4405        141     14     22      766.0     1769.4
4406        180     27     28     1039.1     1772.1
4407        155     23     30     3280.5     1775.9
4408        411     40     45     3657.4     1778.7
4409        124     21     14     3958.7     1763.8
4410        214     35     30      170.2     1776.0
4411        123     24     20      717.9     1770.9
4412        137     18     29      812.0     1773.6
4413        192     38     21     1072.1     1770.6
4414        309     49     23     3067.2     1769.0
4415        167     26     20     3147.6     1769.1
4416        359     40     37     3980.7     1775.2
4417        375     37     40     4199.7     1778.9
4418        615     66     45       96.3     1777.4
4419        126     20     27      344.6     1771.2
4420        108     20     18     1164.2     1771.9
4421        411     47     49     1550.8     1785.7
4422        334     30     46     3220.6     1790.9
4423        110     17     19     3232.3     1770.7
4424       1486     72     84     3401.1     1809.6
4425        114     19     15     3774.0     1768.1
4426        101     13     19     4578.0     1772.4
4427        106     18     23     4616.8     1774.8
4428        240     27     22      271.3     1775.4
4429        188     37     18      864.7     1774.1
4430        167     23     22      947.7     1773.4
4431        222     23     37     1006.3     1782.4
4432        238     38     29     1292.4     1775.4
4433        187     16     39     1470.8     1782.4
4434        520     49     52     1600.2     1790.8
4435        120     27     17     1637.4     1771.6
4436        102     21     17     2215.9     1773.1
4437        274     33     31     3111.1     1778.0
4438        160     18     33      197.7     1782.7
4439        738     68     43      624.9     1789.3
4440        387     40     37      681.1     1783.7
4441        154     29     18     1315.4     1773.4
4442        343     38     38     2946.4     1783.9
4443        190     22     27     4224.8     1778.5
4444        297     32     34     1246.5     1786.2
4445        272     32     29     1451.9     1781.9
4446        112     23     19     1525.4     1778.1
4447        174     25     23     1965.1     1781.5
4448        286     29     38     3085.1     1785.4
4449        195     25     23     3340.5     1779.2
4450        120     18     16     4030.0     1775.5
4451        275     35     33     4432.9     1786.2
4452        224     22     30      236.2     1784.3
4453        203     28     34     1214.3     1787.7
4454        346     32     40     1845.1     1792.0
4455        177     22     27     3034.8     1781.1
4456        482     41     44     3259.7     1793.3
4457        380     47     38     3298.9     1788.6
4458        230     19     44     3449.5     1790.0
4459       1881    117     87     3778.9     1811.3
4460        133     16     21      909.3     1782.2
4461        536     33     51      925.4     1797.3
4462        162     26     22     1739.6     1781.4
4463        171     32     19     4349.7     1782.6
4464        128     35     16     4559.0     1781.2
4465        227     24     42      391.9     1794.7
4466        503     41     47     1330.5     1795.0
4467       1227     78     80      302.0     1818.2
4468        168     21     26      552.9     1790.0
4469        260     34     33      987.7     1791.0
4470        823     59     65     1697.5     1805.6
4471        436     38     46     3063.1     1800.0
4472        124     21     18     4115.4     1784.6
4473        262     40     19     4253.4     1785.1
4474        139     21     29     4274.2     1789.8
4475        667     57     59     4368.7     1807.2
4476        127     21     15      113.5     1785.6
4477        201     30     21      436.6     1790.5
4478        164     30     25      774.0     1789.7
4479        195     47     19     1134.8     1785.6
4480        100     21     16     1664.2     1787.4
4481        423     44     49     3706.8     1800.6
4482        584     66     30     4023.0     1793.8
4483        183     22     30     4300.6     1794.6
4484        187     34     28      150.9     1793.0
4485        182     26     25      860.1     1793.4
4486        124     19     20     1105.7     1791.7
4487        128     28     16     3754.1     1786.7
4488        184     23     34     4806.7     1794.4
4489        115     19     19       25.4     1791.1
4490        144     19     22      456.5     1790.3
4491        195     23     31      879.5     1799.5
4492        670     78     47     1414.7     1805.2
4493        187     27     26     2113.1     1795.7
4494        503     51     33     3155.8     1801.6
4495        663     56     46     3333.7     1803.3
4496        116     13     24     4149.1     1793.1
4497        133     17     20     4519.7     1791.7
4498        375     35     41      524.9     1801.3
4499        307     34     43      955.0     1804.1
4500        112     19     27     1191.5     1796.2
4501        102     17     15     4137.3     1790.8
4502        603     61     58     4590.1     1813.7
4503        340     41     43     1932.4     1809.8
4504        130     26     31     3545.2     1803.6
4505        177     20     33     3606.3     1800.8
4506       3977    180    157     3771.0     1875.1
4507        316     32     38       79.3     1809.6
4508        118     14     26      843.0     1799.2
4509        119     23     19     1279.0     1797.2
4510        144     23     16     4458.3     1796.0
4511        205     23     35      166.7     1807.2
4512        243     32     30     1162.1     1802.4
4513        139     18     24     1624.7     1800.4
4514        154     16     24     1878.6     1802.8
4515       1024     56     96     3460.2     1841.0
4516        279     23     35     3889.7     1805.8
4517        314     35     31     4099.6     1806.6
4518        125     20     20     4163.8     1799.5
4519        110     18     20     4232.3     1800.1
4520        105     23     14     4537.8     1798.0
4521        177     17     29     1359.9     1805.3
4522        111     16     27     1914.2     1807.1
4523        135     27     21     1978.6     1800.0
4524        137     15     23     3302.0     1803.9
4525        116     23     24     4958.8     1804.3
4526        173     23     26     4251.8     1804.9
4527        102     20     16      756.2     1804.5
4528        378     55     26      800.6     1807.8
4529        287     21     45     1088.7     1821.7
4530        183     31     19     1656.1     1803.7
4531        278     34     42     1809.2     1817.2
4532        146     27     26     2118.5     1808.6
4533        160     22     31     4868.5     1813.2
4534        102     13     17     3037.7     1806.4
4535        280     31     37     3836.1     1818.3
4536       4282     90    210     3872.2     1907.0
4537        131     19     20     3922.7     1806.8
4538        375     37     39       20.0     1817.2
4539        135     19     26      305.7     1813.2
4540        352     41     53      536.4     1828.3
4541        109     21     19      616.5     1812.8
4542        141     24     15      673.5     1807.3
4543        337     42     28     1021.7     1812.8
4544        320     46     27     3965.7     1814.8
4545        470     33     52     4066.3     1826.0
4546        112     20     20     4179.9     1808.9
4547        275     34     26     4323.2     1814.2
4548        245     32     29      722.3     1816.2
4549        343     41     33     1288.5     1819.5
4550        126     24     22     1516.5     1811.3
4551        288     29     49     1852.0     1825.4
4552        198     31     26     2004.9     1814.9
4553        149     28     19     3637.9     1811.3
4554        134     20     22     1106.3     1813.3
4555        108     16     18     1135.6     1813.6
4556        114     26     20     1189.8     1814.7
4557        301     37     31     1222.6     1818.9
4558        150     23     22     3431.1     1814.7
4559        244     25     28     3492.4     1817.9
4560        122     19     25     4729.5     1817.4
4561        455     39     55     2044.1     1830.6
4562        200     39     18     2981.6     1814.9
4563        172     23     18     3124.2     1815.6
4564        213     28     27     3198.9     1819.4
4565        191     31     21     3227.2     1815.5
4566        162     21     27     3620.9     1818.2
4567        186     31     27     4143.2     1816.7
4568        147     22     24     4300.6     1815.1
4569        122     24     24     4830.5     1814.3
4570        208     31     34       56.6     1829.2
4571        112     21     23      237.8     1820.2
4572        170     20     30     1250.8     1819.9
4573        188     28     19     3281.0     1817.7
4574        405     47     33     4026.7     1826.8
4575        116     18     24      219.3     1820.3
4576        142     22     19     3012.5     1817.5
4577        176     22     28       99.8     1827.1
4578        145     28     20      428.3     1823.3
4579        227     26     30     1586.5     1826.4
4580        162     23     21     1819.3     1822.0
4581        112     16     22     2944.2     1822.1
4582        159     23     21     3926.6     1823.7
4583        103     15     22     4742.2     1822.1
4584        317     44     51     4782.1     1840.1
4585        152     32     21     4818.5     1820.7
4586       1447    103     92      467.3     1854.5
4587        181     37     26      687.4     1824.5
4588       1812     78    128      815.7     1882.9
4589        132     14     26      874.1     1827.9
4590        115     25     29     1395.6     1829.0
4591        216     26     26     3511.5     1825.9
4592       5377    149    217     4077.9     1929.1
4593        395     38     43     4273.0     1834.5
4594        333     31     29     4352.3     1829.7
4595        137     32     15     4489.5     1822.4
4596        103     12     24     5060.8     1825.6
4597        215     33     26      195.3     1830.4
4598        158     13     32      906.9     1832.0
4599        635     57     55     1469.6     1846.0
4600        611     44     44     3562.2     1835.2
4601        221     32     21     4174.4     1826.9
4602        234     29     26      632.4     1830.7
4603        325     55     34      722.4     1834.7
4604        195     18     39      789.4     1834.5
4605        104     15     26      846.5     1832.3
4606        105     20     18     1124.5     1827.4
4607        144     22     22     1502.5     1829.2
4608        110     19     16     1835.6     1826.8
4609        349     40     29     1900.7     1833.5
4610        238     28     26     3048.0     1831.2
4611        123     24     24     3341.2     1830.4
4612        273     24     40     4244.6     1834.6
4613        247     36     27      569.4     1832.6
4614        117     17     18     3147.8     1827.9
4615        333     39     30     3251.0     1834.8
4616        130     22     24     3317.8     1832.9
4617        135     22     21     4674.2     1829.5
4618        137     20     22     4693.0     1831.8
4619        405     47     36      153.3     1838.1
4620        622     65     52      684.9     1848.9
4621        450     62     39     1012.5     1835.7
4622        176     21     29     1339.5     1838.2
4623        188     19     27     1728.1     1835.1
4624        163     22     21     2998.3     1832.9
4625        320     31     37     3967.6     1836.6
4626        110     13     25     4919.8     1836.0
4627        105     20     16      812.5     1830.6
4628        119     17     31     1061.6     1836.8
4629        181     32     19     1186.0     1832.9
4630        169     24     29     2003.1     1842.0
4631        104     23     20     3021.6     1834.1
4632        105     11     23     3589.7     1836.4
4633        936     56     62     3778.7     1855.0
4634        144     28     18     4467.2     1832.3
4635        117     19     22     4521.4     1832.4
4636        163     30     20     4575.4     1832.2
4637        676     46     74      230.0     1865.1
4638        578     50     60     1233.1     1852.0
4639        144     18     23     1770.8     1839.3
4640        234     28     30     3139.5     1840.0
4641        115     18     25     3157.5     1839.5
4642        279     32     34     3291.3     1843.1
4643        123     15     25     4218.6     1838.3
4644        521     56     51     4378.0     1848.9
4645        252     23     37      762.8     1848.2
4646        253     31     29      963.5     1843.7
4647        229     22     42     2188.9     1848.3
4648        121     21     19     3355.0     1835.1
4649        185     25     33     3489.3     1844.0
4650        171     22     20     4857.6     1837.8
4651        213     32     23      435.9     1840.0
4652        334     31     33     1162.2     1847.6
4653        107     15     19     1742.9     1840.8
4654        196     27     31     4445.4     1845.3
4655        105     17     17      333.2     1840.4
4656        144     20     24     1679.8     1844.9
4657        100     13     26     1860.8     1841.5
4658        214     20     33     1938.1     1848.7
4659        971     69     67     3212.6     1867.9
4660        233     34     24     4169.2     1842.4
4661        151     14     24        5.9     1846.5
4662        270     41     30      126.9     1852.0
4663        385     33     41      584.4     1852.9
4664        147     29     26     1384.5     1848.8
4665        135     20     19     1560.7     1844.7
4666        111     21     17     1790.5     1844.6
4667        288     32     35     3059.8     1851.3
4668        263     52     26     3105.5     1845.3
4669        547     42     47     3622.7     1859.4
4670        158     20     27     3919.1     1849.0
4671        123     21     22     4965.7     1843.1
4672        381     28     34       38.2     1852.3
4673        264     30     29       71.7     1848.7
4674        220     21     39      176.3     1854.4
4675        101     16     21      609.4     1846.3
4676        208     24     27     1076.6     1851.4
4677        222     31     27     1528.7     1846.8
4678        221     32     28     2439.3     1847.8
4679        174     25     23     3687.2     1850.0
4680        867     95     58     3964.6     1867.1
4681        125     20     21     4740.1     1848.0
4682        147     26     21      357.1     1849.7
4683        304     42     41      968.9     1860.0
4684        174     22     31      998.9     1852.9
4685        305     40     30     1038.0     1848.1
4686        255     27     29     1608.8     1853.8
4687        114     26     18     1918.3     1850.0
4688        113     17     24     1958.8     1847.6
4689        216     32     20     2105.7     1847.4
4690        296     46     22     3185.5     1846.9
4691        153     30     16     3320.5     1848.2
4692        211     22     30     4189.8     1852.7
4693        207     34     29      405.2     1852.4
4694        112     22     23      534.7     1851.7
4695        100     19     19     1631.2     1846.4
4696        131     25     18     1646.1     1851.5
4697        165     22     27     3351.7     1853.7
4698        755     48     65     3908.4     1875.6
4699        123     16     19     4659.9     1848.2
4700        207     18     34      191.5     1855.4
4701       1577     82    118     4242.9     1904.3
4702        289     27     32     4582.3     1858.2
4703        113     27     15     1100.6     1850.9
4704        122     23     16     1820.1     1851.9
4705       1121     82     60     3681.1     1878.1
4706        375     27     44     4335.4     1863.0
4707        275     32     26     4530.8     1858.4
4708        182     36     24     4675.0     1856.0
4709        215     19     38      742.6     1863.8
4710        170     22     29     2055.4     1863.0
4711        158     25     18     3601.1     1853.1
4712        280     44     25      268.8     1859.6
4713        281     29     45     1310.3     1867.1
4714        377     32     56     1399.9     1872.2
4715        233     28     41     3588.1     1868.6
4716        140     14     28     4215.1     1862.5
4717        377     28     45      653.6     1871.4
4718        128     19     21      866.8     1859.8
4719        697     73     49      905.2     1874.7
4720        134     25     20     1713.0     1859.2
4721        108     19     25     2138.5     1862.9
4722        622     52     55     3027.5     1877.9
4723        115     18     26     3161.6     1863.1
4724       1147     52     92     4001.5     1899.0
4725        283     40     21     4421.9     1861.0
4726        185     29     22     4723.8     1861.3
4727        102     15     27     5256.3     1861.9
4728        277     25     38      373.1     1872.7
4729        177     26     20      936.3     1862.9
4730        186     25     23     3368.3     1865.1
4731        104     24     17     3675.6     1860.5
4732        356     28     54     4164.9     1877.3
4733        466     37     41     4307.0     1870.5
4734        363     25     45     4600.4     1878.3
4735        107     11     18     4912.5     1860.0
4736        197     32     26      631.2     1866.5
4737        205     30     27     2165.3     1865.2
4738        126     18     21     3102.3     1863.0
4739        115     24     13     3129.3     1862.1
4740        463     55     30     3314.0     1865.8
4741        340     36     44     3400.9     1876.0
4742        208     36     31       95.7     1868.6
4743        399     52     29     1840.4     1871.2
4744        255     33     33     3456.0     1877.0
4745        114     14     22     4202.2     1867.3
4746        117     24     16     4274.6     1862.7
4747        184     32     22     4643.0     1866.7
4748        172     43     13     1645.6     1865.3
4749        101     15     27     1872.8     1871.8
4750        356     45     26     4456.1     1870.7
4751        136     34     15     4498.1     1865.6
4752        427     31     57       25.8     1890.2
4753        178     26     25      113.4     1872.2
4754        172     32     18      338.6     1868.1
4755        598     69     45      513.1     1883.9
4756        232     30     29     1032.2     1874.2
4757        349     42     39     3162.2     1881.2
4758        453     42     39     3253.2     1877.4
4759        107     19     21     4369.8     1869.7
4760        348     34     38     4867.4     1875.7
4761        176     35     33     1430.1     1877.7
4762        135     18     21     1542.0     1871.7
4763        182     40     19     1902.8     1871.9
4764        134     23     25     4753.0     1872.9
4765        104     18     15     4892.5     1869.8
4766        147     25     26     5041.6     1874.6
4767        212     28     25     1124.8     1875.9
4768        123     18     24     1523.0     1873.8
4769        980     74     66     1711.2     1898.6
4770        144     14     27     3561.6     1879.7
4771        915     75     56      163.7     1889.4
4772        116     19     23      295.4     1874.8
4773        211     30     26     1501.5     1878.8
4774        354     41     29     1685.1     1878.8
4775       1155     89    113     1792.5     1915.7
4776        189     32     22     2041.2     1877.7
4777        152     28     17     3503.5     1875.8
4778        417     36     41     3531.5     1885.5
4779        119     15     19     4626.1     1875.6
4780        326     33     36       56.9     1884.6
4781        107     14     26      408.3     1881.7
4782        164     27     23      993.9     1879.7
4783        113     12     23     1199.3     1878.6
4784        171     23     22     1472.8     1880.5
4785        142     25     21     1629.4     1878.3
4786        236     51     33     2127.2     1882.4
4787        341     39     31     2194.1     1882.9
4788        125     16     29     4058.2     1881.2
4789        200     21     27     4414.8     1882.7
4790        124     27     13      539.4     1876.7
4791        152     25     23     2220.6     1879.2
4792        117     15     23     3100.2     1882.1
4793        120     20     19     3135.9     1879.8
4794        117     31     10     5237.2     1875.2
4795        299     28     48      583.3     1893.4
4796        144     22     21      865.8     1881.1
4797        158     27     26     1651.3     1884.1
4798        180     26     23     2994.7     1885.3
4799        208     27     27     3411.7     1887.0
4800        143     21     18     4184.7     1880.1
4801        210     28     30     4673.7     1887.2
4802        307     39     35      490.6     1894.4
4803        306     40     28     1072.8     1888.5
4804        191     21     35     1325.1     1893.9
4805        198     26     37     1915.2     1891.2
4806        595     66     44     3312.6     1894.7
4807        149     30     16     3615.1     1881.3
4808        210     18     30     3842.8     1889.6
4809        569     30     83     4143.4     1917.8
4810        140     15     29      675.5     1889.8
4811        120     16     19     1007.1     1886.1
4812        191     23     27     1287.5     1890.5
4813        332     22     46     1436.3     1900.9
4814        220     22     28     3371.3     1890.2
4815        131     17     27     4040.4     1886.8
4816        110     25     12     4564.5     1882.0
4817        103     16     18      348.0     1886.0
4818        109     13     21      556.9     1889.2
4819        194     30     21      961.2     1889.6
4820        168     32     23     1849.3     1890.0
4821        203     27     23     1886.0     1889.0
4822        112     23     18     4090.7     1887.1
4823        119     32     15     4206.7     1884.2
4824        109     16     18     4542.3     1885.4
4825        442     36     45     4771.3     1898.0
4826        201     24     30      265.6     1896.2
4827        108     17     16      391.3     1886.5
4828        198     33     25      632.3     1890.9
4829        198     28     27     1546.1     1892.0
4830        835     64     64     1948.3     1910.8
4831        213     27     29     3635.6     1893.9
4832        130     21     14     3987.1     1885.1
4833        338     39     31     4064.1     1898.4
4834        141     22     22     1185.7     1889.8
4835        217     18     35     3263.3     1900.5
4836        115     17     21     4653.4     1891.7
4837        646     45     68       90.4     1918.8
4838        126     20     20      314.5     1893.6
4839        114     23     14      821.7     1889.7
4840        458     52     34     1244.3     1896.7
4841        113     19     19     2067.2     1893.9
4842        130     29     15     2239.3     1890.6
4843        218     31     29     2933.1     1899.3
4844        169     28     23     3579.5     1897.1
4845        483     43     42     3938.1     1904.9
4846        219     34     23     4699.2     1894.7
4847        105     19     18     4831.5     1894.2
4848        110     24     11      128.0     1892.5
4849        173     21     27     1022.8     1898.3
4850        117     18     18     1596.9     1894.3
4851        215     23     33     2264.0     1902.4
4852        169     26     23     3613.6     1898.3
4853        384     38     49     4508.6     1908.7
4854        515     41     42     4551.8     1910.2
4855        153     23     26     4933.7     1899.7
4856        108     21     13      291.9     1894.2
4857        119     20     19      567.4     1899.1
4858        118     20     19     1207.6     1897.7
4859        204     20     31     1354.5     1902.2
4860        166     35     18     1661.0     1899.5
4861        121     17     20     2107.9     1896.2
4862        993     47     89     3490.2     1930.8
4863        149     15     29     4022.9     1901.8
4864        122     27     16     4628.9     1893.2
4865        884     46     64     4735.3     1919.3
4866        171     34     22      382.9     1900.2
4867        357     38     29     1467.2     1905.3
4868        350     47     40     3341.9     1914.2
4869        265     37     38     3391.4     1910.2
4870        145     30     14     4182.2     1896.6
4871        272     30     34     4323.3     1907.1
4872        237     27     32      208.4     1907.4
4873        163     30     25      353.2     1902.7
4874        208     30     26     1384.0     1906.9
4875        170     28     33     2088.1     1911.6
4876        289     25     47     2161.0     1911.8
4877        311     44     32     3155.9     1905.0
4878        284     26     44     3291.2     1912.2
4879        282     32     56     4388.6     1918.6
4880        166     19     30     4579.0     1903.6
4881        196     32     20     4905.5     1901.5
4882        138     21     22      115.6     1904.8
4883        450     38     45      410.4     1918.4
4884        192     30     20      623.5     1903.2
4885       1211     97     82     3694.2     1942.9
4886        101     27     13     4813.0     1900.0
4887        197     35     21     5253.1     1905.6
4888        124     21     27      452.1     1909.2
4889        278     31     31      966.4     1912.0
4890        248     37     21     2211.1     1904.5
4891        215     30     25     3416.2     1907.8
4892        123     18     21     4232.1     1907.1
4893        105     18     19     4383.9     1907.1
4894        296     47     26     4432.8     1908.8
4895        212     31     20      232.8     1906.9
4896       1737     98    105      282.7     1948.8
4897        273     21     30      434.3     1914.2
4898        198     31     24     1057.6     1909.4
4899        134     26     21     1851.0     1911.3
4900        135     22     16     4616.1     1906.4
4901        237     39     24      550.7     1911.5
4902        109     17     21      885.5     1908.0
4903        101     33     15     1191.7     1910.3
4904        145     22     22     1646.7     1911.6
4905        255     33     33     3027.8     1918.7
4906        256     28     35     3183.6     1920.3
4907        408     38     43     3667.4     1923.2
4908        382     40     38     4348.6     1918.7
4909        129     15     28     1590.0     1913.2
4910        377     40     33     3583.8     1919.5
4911       2530    128    132     3576.8     1972.6
4912        111     17     22     3965.3     1914.4
4913       1192     90     72      364.2     1943.8
4914        299     32     37      585.6     1923.9
4915        110     17     18      996.5     1912.8
4916        162     27     21      191.6     1916.2
4917        115     23     17     1508.2     1913.4
4918        557     54     38     3109.4     1924.4
4919        618     35     72     3539.7     1937.9
4920        102     23     14     4815.8     1913.8
4921        326     32     38      490.8     1925.3
4922        183     30     20      666.7     1916.9
4923        176     24     25      790.0     1923.5
4924        124     26     24     1560.1     1919.1
4925        330     35     37     2137.7     1927.1
4926        113     18     16     3367.2     1916.8
4927        393     39     40     3434.2     1924.1
4928        134     20     16     3908.8     1916.8
4929        471     44     42     4167.1     1926.5
4930        154     35     20     4585.8     1921.2
4931        170     20     32       39.4     1926.6
4932       1338     74     86      119.7     1957.6
4933        111     19     17      603.2     1919.4
4934        573     49     59      630.5     1939.1
4935        181     26     25      705.3     1921.6
4936       1221     88     74      774.7     1950.3
4937        103     23     24      769.6     1922.9
4938        322     43     23      944.2     1921.7
4939        122     25     23     1397.5     1917.5
4940        113     13     26     1659.7     1922.4
4941        101     16     17     2247.0     1919.0
4942       1678     89     78     4470.5     1944.7
4943        249     29     33     4706.3     1927.3
4944        214     26     30     1079.8     1926.2
4945        139     23     19     1240.3     1923.4
4946        126     17     21     1262.6     1923.9
4947        154     20     18     3218.4     1920.0
4948        119     20     20     3695.6     1922.9
4949        293     36     29     4030.5     1925.9
4950        164     27     20     4772.8     1923.2
4951        114     24     14     4953.3     1917.8
4952        182     27     24      517.7     1925.3
4953        151     25     19     1098.4     1921.9
4954        169     23     26     1156.2     1924.6
4955        240     26     33     3065.6     1933.5
4956        238     35     18     4063.6     1923.2
4957        233     22     28     1175.0     1930.1
4958        244     36     20     1526.7     1925.8
4959       1431     73     66     1898.1     1948.4
4960        125     23     16     2300.1     1923.7
4961        108     17     29     3150.6     1928.7
4962        140     27     14     3755.7     1921.6
4963        130     17     22     4121.6     1926.8
4964        277     32     44     4804.6     1936.0
4965        101     20     17       11.2     1924.1
4966        354     35     40     1007.1     1939.8
4967        125     23     23     1140.5     1929.6
4968        341     37     27     1312.7     1929.4
4969        234     23     31     1367.3     1931.1
4970        110     15     18     3465.4     1924.8
4971        270     30     29      186.1     1933.2
4972        443     49     39      219.6     1937.7
4973        148     19     21     1444.3     1930.5
4974        267     26     35     1577.9     1938.2
4975        227     23     33     1600.2     1936.7
4976        393     25     43     1849.8     1942.0
4977        258     33     24     3360.9     1931.8
4978        127     17     17     4371.2     1929.8
4979        173     26     28     4647.5     1935.2
4980        109     21     24     1636.9     1934.6
4981        226     29     30     2196.2     1938.3
4982        760     61     50     3760.9     1943.1
4983       1299     89     61     4290.1     1953.9
4984        133     21     18     4615.4     1931.5
4985        101     27     12     5040.5     1928.4
4986        151     19     21       63.5     1935.9
4987        127     19     21      294.3     1937.9
4988        188     18     30     3135.0     1938.7
4989        111     17     20     3244.5     1933.0
4990        325     24     50     3914.5     1946.9
4991        152     17     32     3947.0     1936.9
4992        574     61     46     3988.4     1945.9
4993        101     22     14      832.1     1932.6
4994        112     24     20      862.5     1935.2
4995        179     26     30     1047.2     1941.8
4996        110     13     24     1287.6     1937.4
4997        609     60     84     1696.9     1971.8
4998        170     15     29     3520.9     1943.0
4999        114     17     18     4194.2     1935.2
5000        145     28     25     4670.7     1937.9
5001        110     20     18      906.2     1935.8
5002        121     18     30     3290.2     1947.1
5003        125     31     19     3317.7     1937.9
5004       1470     89     67     3384.8     1955.5
5005        137     17     23     1235.1     1941.5
5006        329     42     30     2049.7     1944.3
5007        629     44     64     3267.1     1960.3
5008        368     30     52     4349.0     1954.8
5009        322     32     34     4593.4     1948.0
5010        122     15     18     1027.4     1940.8
5011        221     22     31     1431.7     1947.1
5012       1206     55     87     3157.1     1975.2
5013        124     15     20     3201.2     1943.6
5014        106     20     14     3470.5     1940.5
5015        161     24     24     4549.6     1942.2
5016        115     25     22      302.1     1944.8
5017        313     36     34     1476.1     1952.6
5018        786     39     59     1630.4     1963.3
5019        260     33     25     4391.8     1946.1
5020        120     23     21     2270.2     1947.6
5021        211     31     23     3307.9     1948.6
5022        101     25     17     3458.4     1946.0
5023        110     19     16     4114.3     1943.9
5024        227     19     27     4852.1     1948.3
5025        130     21     18      449.5     1947.0
5026        168     31     21      514.3     1948.5
5027        191     23     32      701.5     1954.2
5028        810     63     71      863.4     1968.0
5029        147     16     34     2085.4     1955.2
5030        144     21     23      924.4     1951.8
5031        190     17     35     1179.4     1961.4
5032        126     22     17     1253.7     1946.4
5033        262     25     43     1321.1     1960.7
5034        178     30     28     1529.3     1955.3
5035        166     23     27     1582.3     1958.5
5036       1191     89     61     4195.3     1970.1
5037        239     34     29     4874.9     1958.9
5038        111     21     19     4927.6     1951.2
5039        355     34     47     4944.8     1965.7
5040        146     26     22      974.3     1957.1
5041        390     38     40     4762.3     1964.0
5042        477     43     47      429.2     1972.8
5043        361     29     40      725.2     1965.6
5044        206     22     21     1555.2     1956.8
5045        204     27     29     2108.0     1961.9
5046        345     36     37     2335.7     1965.2
5047        104     15     25     3073.7     1962.1
5048        184     32     27     3101.2     1960.6
5049        382     40     38     3804.1     1961.6
5050       1430     69     88     3969.8     1990.9
5051        350     41     32     4118.9     1963.2
5052        153     16     28     4373.7     1960.7
5053        169     25     22     4427.9     1957.7
5054        126     18     22     4685.1     1954.5
5055        417     46     34       28.4     1963.1
5056        286     41     36     1149.9     1964.4
5057        359     41     41     1216.8     1970.4
5058        112     17     22     1503.0     1959.2
5059        177     29     21     3012.0     1960.6
5060        132     12     29     3051.1     1964.8
5061        125     31     12     3724.8     1954.4
5062        112     26     15     4644.6     1954.1
5063        170     28     34     4820.2     1966.1
5064        120     28     18     5040.6     1958.8
5065        116     20     20     2416.2     1961.7
5066        139     23     29     4517.8     1966.9
5067       1685    101    101      264.3     2003.3
5068        107     11     23     1049.7     1963.8
5069        426     39     30     1250.4     1967.0
5070       1112     75     76     3214.8     1979.9
5071        367     29     47     3934.5     1976.1
5072        368     39     44     4734.9     1972.4
5073       2050    101    105      547.1     2003.5
5074        217     23     26      946.7     1966.5
5075        488     34     64     3429.3     1992.6
5076        164     16     35     3513.7     1970.0
5077        649     44     75      448.4     1994.0
5078        138     12     30     1736.7     1972.2
5079        782     56     48     1974.4     1979.9
5080        167     30     29     2074.6     1972.7
5081        148     21     20     2312.4     1967.9
5082        246     37     33     4641.4     1970.9
5083        129     26     18       72.1     1964.8
5084        156     30     24      479.6     1967.7
5085        130     30     15      573.5     1966.9
5086        100     15     20      670.4     1967.2
5087        258     30     35     1414.1     1976.9
5088        109     28     20     2402.7     1970.1
5089        591     53     42     2421.9     1981.8
5090        123     25     15     4249.6     1964.1
5091        155     22     25      208.0     1971.5
5092        122     19     20     1004.2     1970.6
5093        181     16     27     1849.5     1973.6
5094        360     42     55     4137.4     1985.6
5095        278     37     38      192.2     1980.4
5096        184     28     25      655.2     1977.8
5097        166     21     36      747.7     1978.9
5098        132     27     20     1451.4     1972.9
5099        210     25     32     1871.3     1977.2
5100        330     36     38     2162.9     1979.2
5101        111     21     24     2186.0     1975.1
5102        192     23     20     3447.8     1972.4
5103       1100     80     56     4336.8     1988.5
5104        114     19     16     4585.1     1971.7
5105        104     17     20     5080.2     1972.7
5106        199     26     39     2125.3     1982.4
5107        191     30     26     2986.2     1975.9
5108        185     17     36     3089.3     1980.0
5109        563     49     48     3313.0     1986.8
5110        213     19     30     3465.4     1978.5
5111        758     61     46     3756.7     1988.4
5112        675     62     47     4545.8     1984.7
5113        101     16     24     5226.2     1978.1
5114        692     73     67     1346.6     1996.4
5115        124     21     25     2364.2     1974.4
5116        150     15     21     2384.8     1975.1
5117        120     16     19     3065.2     1975.4
5118        366     26     41     3406.4     1984.7
5119        125     19     27     3552.3     1979.8
5120        202     26     28     3995.9     1980.6
5121        124     23     27      912.2     1981.1
5122        158     36     16      976.8     1974.1
5123        342     40     38     1102.8     1991.9
5124        109     31     14     1108.0     1974.8
5125        114     18     26     1583.0     1980.8
5126        174     33     25     3492.1     1980.9
5127        100     12     22     3668.3     1979.4
5128        278     36     26     3910.6     1981.6
5129        273     28     33      486.9     1987.9
5130        106     24     18      583.1     1978.2
5131        306     28     35      682.5     1988.6
5132        210     28     32     3118.1     1985.2
5133        609     46     59     3251.1     1995.6
5134       1073     64     65     3623.8     2003.6
5135        103     20     20      153.7     1983.3
5136        420     47     36     1541.1     1989.3
5137        105     16     28     1565.5     1986.5
5138        142     28     29     1924.9     1988.2
5139        168     18     30       33.7     1989.2
5140        444     52     31      607.5     1989.8
5141        130     29     15     1121.8     1982.8
5142        195     24     29     3679.7     1986.7
5143        125     18     17     4019.0     1982.4
5144        256     29     37     4599.9     1993.3
5145       2959    120    113     1496.1     2037.0
5146        270     28     30     3355.2     1989.7
5147        673     45     50     4245.6     2000.4
5148        219     34     30     4926.1     1992.5
5149        104     13     19     4998.7     1986.5
5150        122     20     17      764.7     1987.5
5151        121     24     18      977.1     1986.1
5152        259     43     14     1011.9     1985.1
5153        211     27     28     4490.6     1989.3
5154        296     39     27     1054.3     1992.9
5155        139     30     13     1472.2     1986.1
5156        510     40     50     4150.3     2008.4
5157        115     14     27     4793.3     1992.6
5158        108     24     22     5049.8     1991.0
5159        256     39     20      386.3     1989.2
5160        488     59     45      723.4     2003.9
5161        124     17     21      840.2     1992.7
5162        322     48     40     3014.0     1997.0
5163        475     56     40     3827.5     2001.6
5164        190     28     25     4403.6     1996.9
5165        114     29     12      639.8     1991.2
5166        269     49     61     1596.6     2011.7
5167        338     31     43     3069.9     2008.7
5168        971     99     56     4702.7     2013.6
5169        132     12     36       13.1     2006.6
5170       1681     71     99       76.9     2030.9
5171       1053    101     50     1812.5     2010.5
5172        279     35     34     2028.5     1998.9
5173        856     70     48      148.9     2010.1
5174        202     33     26      367.5     1999.5
5175        153     23     20     1461.3     1999.1
5176        237     44     23     2285.8     2000.3
5177        646     65     53     2120.4     2010.6
5178        215     31     29     2388.2     2004.0
5179        983     85     88     3206.1     2032.3
5180        111     16     20     3718.2     1998.7
5181        346     33     43     4648.6     2011.1
5182        125     30     12     1143.4     1997.5
5183        189     18     32     1441.2     2008.4
5184        168     19     37     3483.4     2006.7
5185        123     24     21     1162.7     2006.0
5186        109     18     18     1197.6     2002.7
5187        119     23     22     1213.6     2002.4
5188        109     21     26     1414.3     2006.9
5189        171     31     29      199.3     2005.4
5190        153     21     23      245.5     2007.8
5191        502     60     48      465.5     2018.4
5192        475     54     39     3289.4     2018.0
5193        142     22     23     3366.9     2009.0
5194        842     74     52     4532.3     2025.6
5195        234     40     20     4821.4     2005.8
5196        253     29     34      318.8     2012.7
5197        265     26     33     1237.0     2013.6
5198        105     14     20     1902.9     2009.9
5199        192     24     29     3341.1     2012.1
5200        121     12     27     3916.0     2011.6
5201        518     35     55      214.2     2028.9
5202        171     29     26      835.2     2012.8
5203        219     30     29      854.2     2015.7
5204        140     19     24     1255.4     2012.3
5205        116     33     22     1366.3     2012.0
5206        184     16     33     3394.1     2016.8
5207        202     33     26     1948.5     2014.8
5208        331     43     36     2307.9     2020.8
5209        135     25     24     2943.2     2011.7
5210        121     22     20     3795.2     2010.0
5211        230     39     27     4493.2     2018.5
5212        271     38     29      511.9     2018.7
5213        186     32     20      694.7     2015.2
5214        563     40     60      918.8     2035.7
5215        244     43     28     3693.0     2017.9
5216        115     27     15     3755.8     2013.2
5217        207     37     27     4110.9     2018.0
5218        180     33     22     4206.7     2014.8
5219        388     22     65     4359.7     2042.6
5220        198     28     22     4756.2     2013.9
5221        186     27     28      870.7     2022.8
5222        150     22     26     1040.7     2017.7
5223        145     32     18     2369.4     2015.3
5224        116     16     24     3735.8     2019.7
5225        115     17     18     3940.3     2013.6
5226        304     40     27     4331.3     2020.1
5227        263     26     38     4623.9     2026.1
5228        176     25     28      118.0     2020.9
5229        382     35     55     1287.6     2035.6
5230        135     19     25     1473.4     2018.9
5231        106     25     20     2157.5     2017.8
5232        177     23     27     3443.2     2021.3
5233       1871     97    103     4245.0     2062.7
5234        283     40     29      364.2     2021.5
5235       1024     58     75     1171.4     2049.4
5236        227     23     32     1318.6     2025.5
5237        103     15     17     1915.0     2017.9
5238        207     29     36     3107.6     2031.1
5239        126     19     17     3720.7     2020.1
5240        293     46     28     4429.3     2022.1
5241        182     28     25     1067.6     2025.4
5242        484     50     36     1362.6     2028.1
5243        188     22     32     2044.4     2030.1
5244        150     29     18     3094.2     2019.0
5245        150     21     31     3383.6     2027.1
5246        272     20     41     3769.5     2035.4
5247        642     46     56     3847.2     2037.5
5248        403     34     55     4170.4     2042.0
5249        138     19     30     4946.0     2027.1
5250        655     48     54       21.6     2040.3
5251        131     19     26     1142.5     2026.7
5252        190     23     26     3136.1     2025.5
5253        154     33     19     3601.6     2024.3
5254        261     40     25     4725.1     2026.2
5255        121     20     25     1033.3     2027.6
5256        121     24     19     1211.8     2026.3
5257        221     42     37     1654.0     2031.0
5258        785     96     52     1980.7     2040.3
5259        199     24     32     3236.7     2034.7
5260        166     31     25      484.9     2030.4
5261        254     45     34      248.8     2041.2
5262       1119     75     66     1729.9     2056.7
5263        210     23     30     3359.0     2038.3
5264        289     28     37     3471.6     2038.0
5265        249     23     34     4008.9     2035.4
5266       1967    102    136      440.6     2094.6
5267        149     25     22     1123.3     2033.0
5268        167     17     34     1550.6     2039.7
5269        192     19     32     2183.3     2039.7
5270        202     39     25     3045.1     2035.8
5271        108     24     16     3543.6     2030.6
5272        502     45     48     4038.6     2043.2
5273        165     23     21     4120.9     2031.0
5274        103     14     22     4593.5     2033.5
5275        493     58     50     4761.6     2044.0
5276        160     37     21      685.7     2035.4
5277        111     16     21     2401.8     2032.3
5278        180     29     27     3445.0     2038.7
5279        176     22     26     3658.7     2035.9
5280        374     37     33     3885.1     2041.6
5281        114     22     14     4199.5     2030.5
5282        139     23     21     4579.2     2034.0
5283        295     30     42      615.7     2047.1
5284        124     23     22     3564.1     2038.7
5285        335     38     30     3593.0     2039.4
5286        126     25     15      384.0     2035.3
5287        300     38     28     1411.3     2040.7
5288        203     25     35     1805.6     2044.2
5289        321     32     45     2100.3     2053.4
5290        216     34     24     2944.6     2040.9
5291        136     23     25     3087.4     2042.0
5292        702     67     39     3699.0     2043.4
5293        140     21     17     3953.0     2035.7
5294        361     48     33      715.6     2048.3
5295        118     19     22      786.9     2042.4
5296        294     28     38     1781.1     2048.8
5297        199     19     37     2766.0     2047.8
5298        309     43     28     3169.5     2044.4
5299        540     45     34     3260.8     2047.0
5300       2208     72    116     3323.5     2093.4
5301        347     36     34     3808.5     2046.1
5302        282     26     30      114.4     2048.0
5303        102     19     15      660.8     2039.7
5304        101     19     16     1096.2     2037.2
5305        100     24     18     1870.5     2043.0
5306        206     27     37     2418.3     2052.8
5307        221     27     26     3917.7     2045.2
5308        319     36     26     4427.4     2044.2
5309        160     26     32     5154.0     2050.6
5310        288     27     39      745.3     2051.3
5311        106     18     19      945.6     2043.0
5312        130     26     14     1346.4     2040.7
5313        210     39     19     2248.2     2044.0
5314        155     41     16     2374.9     2040.4
5315        156     28     22     2460.2     2044.3
5316        231     33     32     2992.5     2046.7
5317        147     17     25     3121.4     2046.3
5318        488     32     55     3650.1     2063.8
5319        510     78     28     3968.2     2046.0
5320        201     23     33     4400.2     2050.2
5321        732     45     74      156.6     2067.3
5322        340     28     54      233.0     2062.3
5323        304     38     31      321.5     2049.2
5324        126     17     25     2487.1     2047.4
5325        101     22     15     3191.3     2043.7
5326        331     34     56     3404.2     2062.1
5327       1068     89     61     3460.6     2064.2
5328       2635    117    114     3536.6     2085.9
5329       1879     95    133     3796.8     2108.3
5330        545     51     41     4085.6     2053.9
5331        114     25     14     4377.7     2042.5
5332        111     20     20     4454.2     2045.2
5333        235     34     28     4962.8     2051.2
5334        477     58     42      474.2     2059.9
5335        124     26     14      976.8     2044.9
5336        247     28     27     3298.9     2052.7
5337        302     28     43     3736.3     2058.6
5338        805     68     54     4131.0     2068.9
5339        288     35     31      348.8     2056.5
5340        121     21     27     3838.0     2054.7
5341        409     41     46     4837.4     2068.4
5342        114     17     19     4864.2     2050.7
5343        104     10     26      195.4     2054.8
5344        342     45     34      398.9     2059.5
5345        116     17     16      502.8     2049.9
5346        177     32     27      581.9     2057.3
5347        531     49     44     1278.5     2064.0
5348        636     48     53     1835.0     2064.2
5349        111     19     16     1903.6     2051.1
5350        119     32     13     2437.8     2048.1
5351        163     23     22     3052.7     2052.9
5352        338     34     38     3620.6     2059.4
5353       2004    135     64     4021.1     2075.2
5354        118     17     16     4774.1     2049.2
5355        115     22     12     4808.5     2047.3
5356        195     26     34     4895.6     2059.3
5357        370     38     43     1382.2     2065.8
5358        122     22     20     2277.8     2052.8
5359        109     19     17     2372.2     2052.3
5360        104     21     12     4571.1     2051.4
5361        266     37     38      551.1     2064.2
5362        102     25     17     2333.8     2055.1
5363        943     66     58     2960.1     2073.1
5364        144     22     15     4658.7     2053.2
5365        115     20     24     4673.9     2058.3
5366        150     26     22     5004.6     2056.4
5367        298     19     37      890.7     2066.3
5368        305     47     28     1014.2     2059.1
5369        109     19     18     1761.4     2054.8
5370        126     24     15     2204.5     2056.2
5371        149     26     15     3747.8     2055.6
5372        277     30     49     3861.4     2073.1
5373        143     24     15     4117.4     2054.7
5374        131     25     19     4191.4     2057.9
5375        124     20     16     4325.7     2055.0
5376        270     38     38     5039.1     2066.8
5377        391     42     31      270.9     2063.7
5378        229     18     38      381.8     2070.4
5379        285     36     36      820.2     2065.4
5380        114     23     18     2504.6     2060.2
5381        260     36     25     3179.6     2062.5
5382        132     19     27     3213.9     2064.9
5383        225     43     25     3902.2     2061.2
5384        719     54     71      211.6     2093.7
5385        243     27     51     2238.1     2072.1
5386        165     13     40     3593.3     2071.1
5387        296     27     33     4487.6     2068.9
5388        106     17     25      654.7     2065.4
5389        102     13     19     1244.9     2062.6
5390        114     22     18     1534.0     2061.2
5391        136     29     25     2159.9     2063.7
5392        117     20     30     2189.3     2068.8
5393        146     23     23     2466.2     2065.9
5394        131     21     21     4705.1     2063.4
5395        352     31     45     1092.7     2077.5
5396        389     38     45     1559.2     2078.0
5397        115     19     18     1938.8     2064.6
5398        404     36     43     4340.4     2077.1
5399        617     55     56      520.1     2089.8
5400        331     36     34     1066.7     2073.3
5401       1038     54     55     1322.3     2083.9
5402        229     76     42     1632.3     2075.3
5403        408     36     41     3142.6     2079.3
5404        453     49     41     4302.9     2072.8
5405        232     35     22     4383.4     2068.4
5406       1399     78     58     4599.4     2086.2
5407        256     26     27     4762.8     2072.3
5408        129     24     17      116.0     2067.4
5409        267     28     37     1799.9     2077.4
5410        114     17     19     1882.1     2068.4
5411        275     24     45     3071.3     2081.2
5412        604     53     40     3764.0     2084.0
5413        156     33     25     5182.1     2074.9
5414        340     27     38      300.8     2081.5
5415        152     25     18      635.3     2070.7
5416        116     20     27      761.6     2077.7
5417        312     33     37     4435.5     2078.0
5418        101     21     16     4543.5     2069.3
5419        113     29     17     5374.6     2068.6
5420        117     19     26      870.3     2076.1
5421        133     26     16     1122.2     2071.4
5422        147     28     16     1205.2     2071.3
5423        150     24     21     1356.0     2074.6
5424        239     25     24     1447.0     2075.1
5425        189     31     26     2046.0     2076.1
5426        106     16     23     2551.5     2076.2
5427        229     29     29     3272.9     2080.0
5428        106     16     18     3420.9     2073.2
5429        137     39     12     3495.2     2069.5
5430        251     28     28     3685.1     2079.5
5431        273     18     49     3947.0     2085.4
5432        105     20     13     4511.4     2068.8
5433        140     29     15      192.2     2075.3
5434        610     74     41      337.7     2087.1
5435        114     15     25      751.6     2078.8
5436        116     30     22     1141.4     2078.0
5437        176     27     38     2503.5     2081.7
5438        178     25     24     3049.5     2077.2
5439        146     19     29     3196.6     2080.5
5440        477     46     37     4401.5     2085.7
5441        124     17     29     4749.0     2084.5
5442        391     43     33      606.1     2086.2
5443        161     19     20      981.1     2075.6
5444        107     23     17     1016.7     2079.4
5445        196     13     43     1524.4     2085.2
5446        328     31     42     1913.5     2090.4
5447        175     24     26     1994.4     2081.1
5448        196     21     33     3905.2     2085.0
5449        202     28     40     4777.8     2090.0
5450        111     24     14     4964.8     2076.6
5451        323     37     34     1220.9     2088.1
5452        173     26     39     2258.4     2089.6
5453        129     18     20     2844.2     2078.7
5454        180     20     38     3168.0     2088.5
5455        135     23     17     3369.8     2078.6
5456        243     37     25     4170.3     2082.4
5457        411     53     50     4901.8     2098.6
5458        117     20     20       29.5     2082.1
5459        112     22     23     1042.0     2083.4
5460        110     23     14     1416.0     2078.3
5461        101     20     22     2248.8     2082.8
5462        120     23     21     2432.1     2082.1
5463        124     16     28     3179.5     2083.4
5464        370     45     35      477.1     2090.6
5465        114     15     16      660.7     2082.6
5466        295     33     39     1958.4     2094.4
5467        411     43     51     3233.7     2095.1
5468        153     20     24     3635.3     2085.1
5469        599     49     55     3849.4     2100.3
5470        181     27     21     4930.5     2083.0
5471        181     30     25       43.8     2088.4
5472        219     24     25      566.6     2087.3
5473        103     16     18     1692.7     2084.9
5474        116     12     29     2210.5     2092.6
5475        101     20     20     2455.5     2086.8
5476        134     23     22     2521.5     2087.9
5477        354     29     42     3092.0     2092.7
5478        371     37     36     3926.9     2091.7
5479        168     19     28     4278.7     2087.9
5480        192     28     25     4537.0     2087.4
5481        289     29     36     4735.1     2092.9
5482        435     52     43     4824.0     2099.0
5483        500     34     48      252.2     2100.4
5484        346     34     32      648.3     2093.8
5485        111     20     16      904.6     2085.9
5486        265     25     38     1240.3     2094.7
5487        486     46     57     1847.1     2108.6
5488        225     38     21     4255.0     2088.8
5489        424     33     45     4658.2     2101.0
5490        103     23     18     5227.1     2086.1
5491        178     26     31      841.0     2098.0
5492        482     41     57     1481.4     2109.2
5493        127     17     25     1888.7     2093.1
5494        575     45     63     2071.6     2111.9
5495        125     23     26     2189.8     2093.1
5496        210     24     33     2401.0     2092.3
5497        132     18     24     3878.7     2090.7
5498       1163     69    101     3951.8     2140.3
5499        180     24     31     4488.0     2096.8
5500        136     18     17       66.1     2090.8
5501        177     18     26      179.0     2094.7
5502        385     58     35      730.4     2099.0
5503        166     24     32     1377.7     2096.0
5504       1397     98     79     1766.4     2123.2
5505        244     29     24     1814.4     2094.6
5506        114     16     23     2030.2     2092.0
5507        597     55     66     3397.0     2111.0
5508        535     41     52     4098.3     2107.7
5509        134     22     19     4364.1     2092.4
5510        186     20     27      111.5     2097.1
5511        165     29     24     1460.5     2094.5
5512        133     13     30     1929.7     2099.0
5513        261     37     35     3989.5     2102.1
5514        149     14     26     4441.2     2096.5
5515        163     16     33     4453.1     2104.2
5516        135     33     22     4986.9     2095.7
5517        109     25     25       92.9     2099.5
5518        469     42     39     1030.4     2106.0
5519        136     20     29     1056.7     2098.4
5520        194     27     22      131.4     2098.2
5521        335     38     40      272.3     2109.1
5522        313     84     34     1633.3     2105.3
5523        177     26     19     2125.3     2098.8
5524        192     26     31     2873.3     2106.6
5525        105     14     18     2989.5     2095.5
5526        184     24     25     3365.5     2097.9
5527        384     28     56     3667.3     2114.6
5528        165     33     21     4175.6     2097.8
5529        162     36     24     1168.0     2102.8
5530        118     24     16     1288.3     2099.5
5531       2174     76    156     3591.6     2161.9
5532        368     37     39     3640.7     2109.4
5533        220     25     33     4074.9     2105.9
5534        338     26     35     4127.8     2109.3
5535        114     13     27     5378.0     2103.0
5536        173     27     18      698.8     2102.5
5537        136     21     23      982.5     2102.6
5538        102     15     17     2479.3     2099.8
5539        374     49     52     3426.5     2121.0
5540        295     64     24     4528.1     2102.9
5541        104     21     20     5285.5     2102.0
5542        256     28     34      773.1     2109.8
5543        115     15     17      800.8     2100.9
5544        182     20     28     1870.1     2108.0
5545        102     16     20     2154.2     2105.4
5546        391     42     52     3115.2     2118.3
5547        188     26     24     3462.7     2105.2
5548        928     80     78     4245.1     2133.1
5549        227     34     31     4487.6     2113.6
5550        223     28     27     4704.1     2106.1
5551        117     25     13      409.9     2102.5
5552        451     29     59      617.9     2125.5
5553        165     26     15     1357.5     2103.3
5554        212     21     34     2438.8     2112.6
5555        212     28     34     3272.5     2113.7
5556        142     19     24     3482.0     2108.0
5557        208     27     31     4638.9     2112.7
5558        213     27     26     4881.9     2109.2
5559        163     20     31     5202.3     2112.4
5560        361     28     48       25.2     2124.6
5561        199     32     27       53.7     2113.3
5562        109     20     19      574.2     2107.4
5563        662     64     58      800.4     2128.5
5564        135     19     29     2374.3     2113.4
5565        282     26     30     2537.6     2112.6
5566        165     29     28     2906.4     2113.6
5567        146     22     17     3140.9     2106.2
5568        207     26     32     3686.7     2113.2
5569        104     20     16     3701.1     2106.3
5570        244     25     31     3730.5     2112.0
5571       1061     57     69     3886.4     2133.2
5572        540     50     59      289.5     2128.2
5573        148     25     22      929.0     2108.5
5574       1511     75     79     1539.4     2137.3
5575        258     29     47     1953.7     2124.5
5576        104     12     29     4018.4     2113.3
5577        112     20     16     4411.1     2107.6
5578        307     27     36      593.8     2121.4
5579        199     28     27      886.8     2114.4
5580        268     27     36     3748.2     2122.6
5581        106     20     18     4309.2     2109.7
5582        593     58     53      683.1     2127.4
5583        104     21     15      752.8     2112.4
5584        101     17     19     1079.7     2110.9
5585        143     23     20     2042.3     2113.9
5586        124     18     30     2929.3     2116.5
5587        122     16     20     2952.0     2112.2
5588        201     22     29     3619.4     2117.3
5589        723     58     59     4061.0     2134.2
5590        341     53     23     4179.7     2114.4
5591        446     50     50     4514.5     2129.9
5592       1010     94     65     4791.3     2144.9
5593        382     36     40      373.0     2126.7
5594        151     18     16      841.3     2114.0
5595        236     32     25     3558.2     2120.1
5596        116     14     24     3769.7     2117.5
5597        128     31     19     3919.3     2114.2
5598        175     27     23     4823.9     2118.0
5599        691     86     44     1175.8     2127.3
5600        224     34     27     1243.3     2123.7
5601        365     44     41     1356.7     2130.2
5602        667     45     78     1667.6     2143.1
5603        138     25     19     2460.3     2116.7
5604        326     37     49     2992.5     2128.8
5605        121     24     24     3201.2     2119.1
5606        104     17     23     4385.1     2119.0
5607        214     24     38     4584.2     2128.0
5608        100     18     19     4938.0     2118.4
5609        270     34     38      405.7     2131.8
5610        197     36     19     1095.0     2119.1
5611        124     33     15     1126.1     2116.6
5612        261     31     44     2210.7     2128.2
5613        170     16     35     3048.0     2126.0
5614        143     26     16     3439.5     2116.9
5615        374     26     47     4149.0     2135.4
5616        213     19     39     4348.6     2127.9
5617        100     25     15     4560.5     2119.1
5618        256     24     35      199.5     2132.2
5619        101     16     16      543.0     2119.6
5620        688     60     59     1393.4     2144.7
5621        209     24     30     1915.6     2124.1
5622        151     29     21     2562.4     2120.5
5623        177     32     16     3530.9     2119.9
5624        114     18     17     3845.6     2120.5
5625        157     17     30     3939.0     2127.6
5626        209     30     35     4438.8     2130.1
5627        107     28      9     4532.5     2116.4
5628        439     60     32     4732.4     2125.8
5629        269     45     22      515.3     2125.8
5630        125     22     26     3147.8     2129.5
5631        103     14     18     4037.5     2122.9
5632        994     70     59     4305.9     2142.3
5633        106     16     16     5152.7     2121.9
5634        297     28     33     1016.4     2133.1
5635        189     24     20     3232.5     2125.9
5636        191     20     32     3489.5     2130.2
5637        673     62     53     3714.9     2146.6
5638        142     18     22     3916.0     2128.0
5639        378     32     38     3989.6     2135.8
5640        107     26     17     4328.5     2122.6
5641        273     34     26     4472.9     2128.4
5642        825     47     75       73.7     2152.2
5643        393     41     34      167.3     2134.1
5644        121     22     16     2051.6     2126.4
5645        485     57     46     3180.2     2134.9
5646        123     22     21     3391.7     2127.8
5647        550     51     61     4018.6     2151.8
5648        166     21     26     4167.5     2128.8
5649        306     23     39     4215.3     2136.5
5650        194     28     30     4364.6     2131.1
5651        203     20     27     4413.2     2131.4
5652        166     24     24     4861.5     2132.9
5653        121     13     32     2857.7     2136.3
5654        114     13     25     3020.0     2130.2
5655        128     14     26     3217.8     2134.2
5656        138     18     28     3694.3     2134.9
5657        147     17     16     4596.0     2126.4
5658        186     25     30     4666.7     2137.6
5659        166     24     24      920.0     2135.0
5660        221     49     54     1589.6     2150.8
5661        356     24     56     3634.3     2144.7
5662        374     40     38      746.9     2142.0
5663        107     18     22      851.7     2133.0
5664       2034     88     97     1441.9     2169.5
5665        118     30     10     2116.2     2129.5
5666        266     34     30     2936.8     2140.7
5667        103     24     13     3257.7     2130.5
5668        138     15     25     3848.2     2136.6
5669        179     20     28     4182.9     2138.4
5670        187     23     24     4628.3     2133.2
5671        106     25     19     4948.9     2134.8
5672        577     40     80     2161.6     2163.3
5673        161     19     23     2398.2     2137.2
5674        175     20     34     2592.5     2143.6
5675        427     46     41     2680.5     2144.8
5676        935     74     64     3382.2     2159.6
5677        127     18     24      119.8     2139.3
5678        698     50     84      326.6     2172.5
5679        242     35     32      378.5     2145.0
5680        582     43     51      538.9     2153.9
5681        114     26     11      653.3     2133.7
5682        377     47     37     1153.9     2148.0
5683        169     22     20     2979.3     2136.5
5684        512     44     49     4125.9     2151.9
5685        129     17     26     4334.9     2140.6
5686        112     19     22      989.6     2140.9
5687        118     21     23     1496.5     2139.2
5688        101     15     18     1832.3     2138.8
5689        104     20     24     2373.5     2143.8
5690        172     15     28     4198.8     2144.5
5691        110     17     20     3404.4     2141.2
5692        101     18     17     4272.7     2138.5
5693        136     16     28      480.7     2147.8
5694        157     28     15     1879.2     2142.1
5695        167     26     30     3473.2     2149.2
5696        123     21     17      343.2     2143.5
5697        440     38     45      823.6     2158.2
5698        107     23     12      865.1     2140.5
5699        102     26     11     1854.4     2140.3
5700        223     21     24     3089.8     2148.2
5701        184     27     24     3247.2     2151.0
5702        898     76     55     3511.7     2166.5
5703        164     27     26     3562.5     2147.4
5704        135     18     25     3673.9     2147.9
5705        109     13     25     1255.9     2149.9
5706        229     28     30     2823.2     2151.1
5707        330     36     34     2960.3     2156.7
5708        100     17     19     3267.8     2147.8
5709       1407     74     95     3649.8     2192.1
5710        152     28     32     4679.8     2153.0
5711        210     23     31      906.2     2157.0
5712        146     21     30     1315.0     2153.5
5713        615     50     57     1350.9     2169.5
5714        118     21     23     1928.0     2150.9
5715        263     37     42     1983.7     2157.1
5716        104     26     12     2632.4     2146.0
5717        700     59     52     3121.3     2167.0
5718        118     24     15     3286.6     2147.8
5719        186     27     23     4406.7     2151.2
5720        375     43     39     4468.8     2163.0
5721        274     33     35     4999.5     2155.8
5722        143     24     17       47.1     2150.0
5723        121     21     19      148.6     2151.7
5724        128     19     17      599.0     2150.9
5725        135     18     24     1816.5     2153.2
5726        139     29     14     1950.3     2149.4
5727        183     27     22     2084.5     2152.8
5728        219     31     27     2417.7     2155.9
5729        207     21     37     4363.4     2160.9
5730        251     23     24     4434.3     2153.8
5731        144     22     17     4709.5     2149.7
5732        127     28     29     5191.7     2155.1
5733        286     32     42      405.7     2164.2
5734        130     20     19      510.0     2153.3
5735        107     25     15     1045.7     2153.5
5736        120     27     13     1127.6     2151.2
5737        189     27     21     3022.4     2155.5
5738        329     39     28     3184.3     2158.2
5739        107     16     20     3350.4     2153.6
5740        418     34     41     3844.5     2165.1
5741        140     21     21     4456.5     2153.1
5742        143     20     18     4521.3     2152.0
5743        156     33     14     4544.2     2151.5
5744        117     24     20      250.8     2156.1
5745        338     36     33      266.5     2165.5
5746        130     17     27      306.2     2161.1
5747        319     35     33     1846.2     2161.2
5748        236     30     29     2667.8     2162.5
5749        158     27     23     2365.9     2159.5
5750        106     20     15     2532.4     2155.5
5751        100     19     19      175.7     2159.2
5752        102     15     17      340.7     2159.8
5753        241     36     21      623.4     2160.5
5754        244     31     32      655.3     2164.4
5755        108     16     27     1065.5     2165.1
5756        133     24     21     1888.8     2159.6
5757        183     35     20     2628.8     2159.3
5758        153     32     16     2857.4     2159.9
5759        395     38     36     4095.2     2166.3
5760        100     11     25     4730.3     2162.3
5761        140     26     28     5236.1     2164.0
5762        328     50     27       23.1     2166.1
5763        197     25     31      792.3     2164.8
5764        149     27     20     1718.0     2163.3
5765        289     41     31     2464.5     2167.6
5766        143     19     28     2511.8     2164.2
5767        212     24     27     3307.4     2166.6
5768        110     20     15     3404.3     2158.2
5769        116     23     26     3542.7     2160.3
5770        506     42     53     3811.3     2175.8
5771        191     28     24     3908.9     2164.7
5772       1069     63     56     4223.8     2178.5
5773        100     20     11     4282.5     2156.8
5774        180     18     28     4499.5     2164.8
5775        102     16     16     4883.1     2160.1
5776        167     36     24     1114.8     2164.6
5777        160     17     25     2280.1     2166.8
5778        514     87     31     4584.5     2168.0
5779        185     15     34     4845.0     2171.9
5780        163     22     31     4961.0     2168.5
5781        577     56     38      222.2     2173.5
5782        517     42     44      735.5     2178.8
5783        121     15     25     1185.4     2169.6
5784        343     38     39     1226.5     2178.0
5785        124     19     25     1303.7     2168.5
5786        197     30     25     2393.9     2168.0
5787        109     17     24     2541.6     2167.2
5788        899    115     50     2899.4     2181.7
5789       1927     91     84     3200.6     2198.5
5790       1283     74     73     3726.8     2191.4
5791        105     22     14     4639.9     2163.6
5792        114     13     27     4784.8     2169.7
5793        159     30     17      126.8     2167.0
5794        123     17     22     1033.1     2168.8
5795        212     36     26     1165.1     2168.3
5796        215     20     34     1781.9     2174.6
5797        229     29     31     2135.0     2176.6
5798        126     19     21     2780.3     2169.9
5799        315     41     25     4052.7     2171.5
5800        100     10     21     4535.8     2170.2
5801        153     23     19     4803.0     2168.7
5802        226     33     29      449.0     2173.4
5803        109     29     21     1613.0     2169.6
5804        299     36     49     1676.7     2184.4
5805        360     35     44     1810.0     2182.2
5806        168     28     25     2562.5     2171.3
5807        129     20     19     2639.8     2170.5
5808        242     33     28     2816.9     2173.0
5809        115     26     14     3328.2     2165.2
5810        624     53     44     4425.3     2181.2
5811        190     26     34     4867.2     2178.8
5812        759     63     52      405.8     2186.1
5813        466     43     49      554.5     2186.0
5814        140     25     15     1079.3     2169.8
5815        148     21     23     1697.1     2171.8
5816        473     47     40     1961.1     2181.8
5817        140     25     18     2050.7     2172.9
5818        581     51     56     3039.2     2185.9
5819        121     15     21     3456.5     2171.7
5820        274     31     26     4181.2     2174.9
5821        209     25     24     4297.2     2175.2
5822       2930    113    136     4540.9     2242.0
5823        274     33     29     1909.4     2180.6
5824        100     23     20     5294.5     2173.5
5825        127     26     23      626.9     2180.7
5826        149     24     25     1878.0     2179.3
5827        206     22     28     2684.4     2179.3
5828       1092     66     69     3775.9     2194.2
5829        912     69     55     4165.1     2199.8
5830       1060     72     67     4293.0     2202.5
5831        151     23     27     4687.7     2179.3
5832        278     31     31      100.3     2180.8
5833        128     25     21     1411.9     2175.7
5834       8523    189    197     1533.7     2271.8
5835        101     22     14     2204.2     2176.0
5836        247     27     28     2709.0     2181.4
5837        137     16     27     3283.4     2179.1
5838        262     23     33      679.1     2186.1
5839        100     24     19      866.6     2179.6
5840        332     36     33     1329.7     2186.5
5841        144     34     17     1746.4     2179.5
5842        114     14     22     2242.5     2180.4
5843        607     59     71     2963.7     2208.3
5844        555     47     50     3264.9     2198.7
5845        172     25     26     3436.9     2181.7
5846        328     32     30     3857.4     2185.3
5847        211     29     27     4083.9     2183.8
5848        126     26     16     4822.4     2179.5
5849        220     20     31      121.1     2187.3
5850        331     33     43      158.1     2194.1
5851        238     30     32      883.6     2188.7
5852        366     47     33     1110.8     2189.7
5853        113     20     14     1204.1     2178.2
5854        103     15     21     1263.2     2183.6
5855        161     31     24     1495.5     2184.6
5856        196     20     36     1856.5     2191.8
5857       1091    121     43     3344.2     2193.8
5858        145     21     25     3486.4     2185.6
5859        293     23     44     3690.0     2193.3
5860       2063     93     93     3944.1     2226.6
5861        167     31     18     4327.9     2182.3
5862        301     25     41     4645.6     2192.2
5863        125     15     23       48.8     2185.7
5864        208     36     21      289.2     2185.9
5865        101     14     18      510.7     2182.7
5866        275     37     24      590.9     2185.8
5867        100     12     25      647.3     2185.8
5868        261     34     38     1997.9     2196.4
5869        104     19     17     2347.9     2181.7
5870        103     16     17     3596.1     2181.5
5871        101     16     19     4735.0     2185.7
5872        169     40     24     4921.8     2184.4
5873        242     31     26       13.9     2188.1
5874        204     22     34      794.2     2191.9
5875        147     22     23     1075.7     2188.0
5876        127     25     14     3899.7     2184.1
5877        124     28     16     4119.3     2184.8
5878        443     33     48     4390.7     2200.7
5879       1558     86     70     4468.3     2207.8
5880        105     24     23     1575.7     2191.1
5881        533     43     40     3100.2     2196.8
5882        106     15     21     3922.8     2190.6
5883        635     43     46     4577.1     2199.9
5884        312     42     32     4709.5     2194.5
5885        825     62     62      494.1     2210.5
5886        116     22     18      815.6     2188.3
5887        260     35     27     1168.9     2191.0
5888       1179     53     90     1297.7     2216.9
5889        414     52     47     1692.4     2200.9
5890        112     21     17     2521.7     2189.6
5891        135     19     24     2863.7     2192.3
5892        113     19     19     3008.3     2189.2
5893        170     22     16     4053.0     2187.6
5894        122     28     13     5101.6     2185.7
5895        156     30     22     5131.6     2190.3
5896        222     44     18      466.2     2192.7
5897        246     26     30      839.8     2194.3
5898        107     22     18     1462.3     2191.0
5899        271     27     42     2410.1     2200.9
5900        135     19     26     2764.3     2195.7
5901        101     29     13     2800.7     2185.8
5902        127     18     18     2880.7     2190.5
5903        410     51     35      253.7     2200.0
5904        167     31     26      969.9     2196.4
5905        143     15     25     3408.2     2196.4
5906        105     14     27     3429.9     2197.3
5907        115     28      9     4773.9     2187.2
5908        104     17     15     5030.2     2191.2
5909        127     20     21       84.4     2196.9
5910        190     21     24      701.3     2196.6
5911        134     25     22      904.7     2197.9
5912        237     34     23     2442.8     2197.8
5913        120     18     21     2796.1     2197.1
5914        208     28     31     2818.0     2204.6
5915        677     38     59     3551.4     2210.8
5916        323     31     28     3936.8     2202.0
5917        106     18     18     5084.1     2194.2
5918        148     31     20     1018.5     2196.0
5919        164     37     20     1751.3     2195.7
5920        365     40     37     3834.3     2204.4
5921        290     34     33     4255.0     2206.6
5922        202     35     26     4349.9     2202.5
5923        752     49     52     4612.6     2213.7
5924        490     57     43     4812.2     2205.3
5925        149     19     23     1150.2     2199.4
5926        131     24     23     1193.7     2200.6
5927        109     19     26     2898.4     2203.3
5928        171     25     16     3893.9     2198.6
5929        119     21     25     4073.1     2200.8
5930        641     49     49     4128.9     2215.5
5931        264     29     32     5012.0     2205.1
5932        135     18     31       33.0     2207.6
5933        185     27     26      200.9     2204.4
5934        165     21     23      222.5     2202.4
5935        471     42     47      650.9     2217.0
5936        164     25     25     2665.5     2203.4
5937        143     20     26     2856.7     2204.7
5938        658     55     43     4669.1     2214.9
5939        162     32     26     4973.8     2204.4
5940        203     35     22     1259.3     2204.3
5941        172     25     27     2782.9     2206.1
5942        211     28     21     3446.3     2203.3
5943        132     21     18     4747.2     2200.3
5944        114     26     17     4855.5     2203.3
5945        107     16     24     4995.5     2207.1
5946        158     24     29      283.9     2209.3
5947        413     45     35     1629.1     2213.5
5948        113     18     18     1794.4     2204.4
5949        157     19     19     2626.6     2204.8
5950        194     24     28     2648.0     2208.5
5951        110     16     19     3148.1     2205.1
5952        336     35     47     4366.7     2216.1
5953        205     21     30     4776.5     2209.5
5954        135     24     22      364.8     2208.5
5955        120     19     18     3527.5     2205.8
5956        169     24     28     3864.9     2213.0
5957        102     14     17     4238.0     2207.4
5958        121     20     20      455.8     2208.3
5959        160     22     22     1060.6     2210.7
5960        134     31     16     1464.3     2207.2
5961        104     24     18     2030.9     2209.4
5962        743     58     47     2742.4     2225.8
5963        158     29     25     2989.1     2211.4
5964        533     52     48     3362.6     2224.0
5965        275     28     30     3470.5     2215.3
5966       3833    138    127     4084.1     2256.0
5967        258     21     39      550.6     2221.4
5968        103     14     28      782.1     2215.8
5969        349     40     28      953.1     2215.4
5970        167     23     24     1167.1     2214.6
5971        113     21     21     1802.1     2213.5
5972        169     24     20     2123.6     2214.7
5973        160     20     36     2309.7     2221.5
5974        132     35     17     2489.7     2210.1
5975        264     29     44     3006.8     2226.2
5976        268     29     25     3321.6     2215.2
5977       1771     77     93     3482.0     2252.5
5978        124     21     24     3570.4     2214.3
5979        451     59     33     4892.3     2217.4
5980        156     39     17     5038.9     2209.7
5981        135     27     22     1015.8     2216.6
5982        100     12     24     1109.4     2214.4
5983        306     45     33     1757.3     2217.5
5984        242     41     24     1886.9     2214.9
5985        241     26     33     4419.2     2219.5
5986        139     15     23     4963.7     2214.8
5987        124     19     17     5137.3     2210.9
5988        116     20     16     5190.6     2212.6
5989        168     28     27       80.3     2219.3
5990        975     65     62      182.5     2242.5
5991        231     20     39      843.1     2225.7
5992        147     17     24     1125.7     2216.9
5993        198     37     21     1709.2     2215.6
5994        154     22     26     1913.4     2219.1
5995        336     36     49     3145.6     2232.3
5996        123     26     19     3681.7     2216.9
5997       2705    129    101     3848.4     2254.9
5998        692     50     42     4208.8     2227.9
5999        127     14     29      146.0     2223.7
6000        224     37     27      420.6     2223.4
6001        152     26     22     2279.9     2220.2
6002        123     27     16     3889.6     2213.8
6003        237     30     42      373.5     2235.1
6004        100     17     18      568.2     2219.1
6005        127     15     24      587.0     2223.7
6006        994     61     88     1390.9     2245.7
6007        253     29     29     2800.9     2225.1
6008        326     27     44     3391.2     2231.6
6009        135     16     25     3762.1     2223.4
6010        106     22     15     4478.7     2218.1
6011        152     28     19     4926.3     2219.0
6012        142     18     29     4947.8     2224.8
6013        198     24     30      111.5     2226.6
6014        298     54     22      316.3     2221.4
6015        132     17     26      535.5     2225.2
6016        112     24     18      620.3     2219.0
6017        113     20     16      736.7     2217.8
6018        213     26     23     1661.4     2224.4
6019        181     26     30     1928.5     2226.4
6020        233     39     24     2913.1     2224.2
6021        530     41     50     3297.5     2237.9
6022        183     20     27     3523.7     2225.5
6023        177     33     28     3572.8     2228.0
6024        127     20     24      351.9     2229.5
6025        197     34     23     2166.1     2226.6
6026        210     24     40     2642.3     2233.9
6027        323     37     30     2878.2     2227.8
6028        151     26     19     2935.5     2224.2
6029        214     29     21     3444.0     2225.3
6030       1248     74    121      517.2     2281.2
6031        179     19     32      765.8     2229.7
6032        135     20     29     1002.7     2229.4
6033        125     18     25     2463.1     2229.5
6034        230     38     26     2499.8     2227.8
6035        153     18     18     3117.0     2225.6
6036       2112     95     95     4003.8     2269.0
6037        394     36     54     4749.1     2242.4
6038        124     17     26     1842.5     2232.5
6039        166     38     28     1961.9     2233.4
6040        259     36     28     2194.4     2230.4
6041        183     24     25     3266.8     2232.8
6042        104     15     18     3613.0     2227.1
6043        168     34     22     4779.1     2231.5
6044        129     24     29     5250.6     2229.9
6045        322     31     39      449.0     2239.0
6046        282     24     37      742.9     2239.3
6047        107     14     18     1182.9     2229.4
6048        128     22     21     2676.1     2230.5
6049        231     27     29     2829.8     2234.7
6050      26566    531    315     3745.0     2372.1
6051        102     17     18     3875.1     2229.1
6052        162     27     14     4245.2     2227.7
6053        109     18     19      391.1     2232.6
6054        220     28     32      711.2     2238.0
6055        127     22     17     1066.1     2229.7
6056        145     18     29     2109.1     2236.5
6057        131     24     15     2547.6     2229.3
6058        175     24     24     2851.1     2233.7
6059        287     35     31     4168.3     2236.3
6060        130     22     18     4335.6     2231.0
6061        126     18     17     4386.9     2231.0
6062        233     33     22     4711.8     2234.6
6063        316     32     40     4988.3     2241.4
6064        130     21     28     5141.4     2232.8
6065        301     32     31     1337.7     2238.7
6066        114     20     19     1711.0     2232.5
6067        452     36     47     3242.2     2247.3
6068        141     20     19     3714.2     2234.4
6069        330     41     30     4287.3     2239.3
6070        144     23     21     5008.6     2232.4
6071        106     14     23      102.4     2237.6
6072        367     45     33     1270.9     2240.8
6073        161     24     21     3691.8     2238.0
6074       2124    111     87     4454.7     2269.9
6075        140     19     27     4457.5     2240.2
6076        117     22     22     4807.9     2237.6
6077        107     11     22      608.6     2237.5
6078        112     32     12      795.5     2234.0
6079        115     17     18      951.8     2237.0
6080        327     52     50     1115.5     2251.0
6081        131     27     14     2053.1     2233.9
6082        174     19     39     2708.3     2248.7
6083        263     33     23     3414.5     2238.7
6084        102     22     15     4924.5     2236.0
6085        132     26     17      261.2     2239.9
6086        126     30     16     1437.7     2236.2
6087        799     74     49     1797.4     2256.0
6088        267     24     42     3175.7     2251.6
6089        151     14     26      284.6     2245.3
6090        312     34     40      415.7     2252.8
6091        428     55     48     1216.4     2257.4
6092        132     22     21     1756.7     2242.7
6093        273     37     30     1914.6     2246.7
6094        599     55     50     3049.3     2261.4
6095        243     28     33     3728.4     2251.1
6096        137     19     22     4354.7     2244.2
6097        110     19     20     4396.9     2241.3
6098        130     20     21       67.8     2245.6
6099        224     22     28      564.8     2248.3
6100        146     24     21     1463.7     2243.7
6101        490     50     42     3641.3     2252.2
6102        155     28     24     3901.8     2243.5
6103        118     23     16     4242.1     2242.0
6104        106     15     16     4372.8     2241.8
6105        106     25     11     5029.9     2239.7
6106        101     15     25     5413.5     2250.1
6107        167     33     20      141.7     2245.9
6108        120     15     24      241.4     2248.1
6109        140     25     18      314.2     2243.3
6110        108     22     13      630.4     2241.5
6111        183     35     28      806.4     2249.3
6112        177     25     23     1046.5     2248.7
6113        173     34     27     1180.8     2247.8
6114        626     50     58     1658.6     2269.6
6115        462     38     48     2922.4     2257.8
6116        109     21     16     3085.5     2244.4
6117        571     51     54     4260.2     2263.9
6118        135     14     23     1688.5     2250.2
6119        119     20     21     1997.8     2248.6
6120        121     23     16     2660.8     2245.2
6121        129     17     28     4964.2     2252.5
6122        100     21     15       44.2     2246.0
6123        104     11     22     1102.8     2249.6
6124        121     13     23     1709.3     2251.1
6125        146     19     24      665.3     2253.7
6126        137     32     15      889.0     2248.7
6127        112     14     23     1677.2     2252.5
6128        170     34     21     2960.3     2252.9
6129        252     29     36     2998.0     2260.5
6130        119     21     25     3612.9     2253.9
6131        246     40     23     4622.8     2252.5
6132        123     23     19     5016.8     2250.8
6133        133     35     14       17.2     2250.9
6134        113     18     20      398.4     2253.6
6135        321     44     45      624.9     2269.5
6136        399     33     45      966.4     2272.7
6137        155     27     23     3104.5     2256.4
6138        108     30     17     3209.9     2252.4
6139        360     39     38     4190.0     2261.9
6140        275     47     22     4219.6     2253.7
6141        151     19     26     4863.3     2260.5
6142        103     15     25     5205.2     2255.9
6143        104     21     21     5232.1     2253.3
6144        203     28     20     2236.9     2256.5
6145        140     16     32     3019.0     2262.3
6146        220     38     29     4671.3     2257.3
6147        105     18     19     4720.3     2253.3
6148        150     23     25     4882.6     2259.5
6149        409     64     35       66.7     2268.4
6150       1065     94     56      221.6     2273.9
6151        122     16     20      492.8     2256.8
6152        139     22     18      951.9     2257.1
6153        111     22     31     2025.6     2264.4
6154        110     23     15     2331.7     2256.5
6155        121     14     29     2387.1     2260.9
6156        199     28     18     3963.0     2256.2
6157        299     33     33     4323.1     2268.1
6158        172     27     22     4368.9     2259.4
6159        118     27     22      915.6     2259.9
6160        237     23     39      935.9     2272.5
6161        109     24     14     2108.8     2256.2
6162        103     19     16     2213.8     2257.0
6163        130     28     22     2591.5     2260.8
6164        304     31     44     3150.5     2274.7
6165        477     37     65     3264.3     2289.0
6166        195     30     24     3307.8     2263.1
6167       1194     42     92     3384.1     2298.0
6168        301     47     20     3426.6     2259.9
6169        117     19     24     4948.6     2261.3
6170        253     32     20      318.2     2263.3
6171        149     26     23      995.8     2260.4
6172        205     23     34     1136.3     2269.6
6173        423     34     46     1420.9     2274.5
6174        167     41     23     2288.0     2265.9
6175        102     18     17     2748.8     2259.5
6176        384     46     40     2828.2     2270.6
6177        119     19     28     3362.3     2263.1
6178        176     24     28     4290.0     2267.9
6179        180     27     20     4342.4     2261.9
6180        215     26     36     4389.3     2267.6
6181        264     39     26     4643.9     2266.2
6182        228     21     34     4904.3     2268.9
6183        106     26     15     5328.7     2259.6
6184        271     35     32      367.3     2269.7
6185        280     19     41      714.6     2273.5
6186        146     17     24     2435.2     2264.6
6187        628     46     60     3799.2     2285.8
6188        126     12     24      646.8     2268.5
6189        254     34     32     1452.9     2273.8
6190        103     23     13     1982.7     2262.0
6191        100     20     18     5018.8     2265.3
6192        150     20     28     5042.9     2269.1
6193        253     22     44      590.7     2277.8
6194        528     43     36      869.9     2273.9
6195        190     21     29     2582.3     2272.5
6196        167     16     26     3656.4     2271.4
6197        121     25     24      459.2     2267.2
6198        106     23     15      562.1     2266.8
6199        153     26     23      823.4     2272.3
6200        116     24     18     1252.5     2267.9
6201        295     40     35     1263.8     2279.5
6202        263     34     29     1340.5     2275.0
6203        269     45     16     3927.2     2268.2
6204        114     18     17     1685.9     2269.1
6205        140     38     17     2177.2     2272.9
6206        210     37     20     2238.7     2272.3
6207        133     23     24      111.0     2274.7
6208        214     20     28      262.6     2277.9
6209       1009     47     95      351.0     2314.2
6210        155     16     20      803.5     2273.9
6211        196     20     39     1700.2     2284.0
6212        132     21     17     1746.7     2272.7
6213        205     24     44     2683.4     2285.8
6214        159     29     33     2873.6     2282.7
6215        298     39     30     3190.2     2279.3
6216        439     46     45     3227.4     2282.6
6217        138     14     38     3770.2     2282.0
6218        109     16     19     4732.1     2274.4
6219        130     33     14      159.8     2274.2
6220        172     22     31      395.4     2284.1
6221        149     20     25      450.5     2277.1
6222        243     37     27      738.6     2279.0
6223        101     19     26     2552.2     2277.0
6224        126     22     17     2742.7     2276.6
6225        163     42     18     2803.4     2275.1
6226        211     29     35     3752.9     2285.6
6227        123     16     20     4179.3     2276.7
6228        206     36     23       39.7     2278.2
6229        155     13     35      504.3     2284.0
6230        108     18     25      696.8     2279.3
6231        143     14     33     1792.9     2283.1
6232        187     25     36     2454.0     2283.4
6233        107     17     17     2642.7     2275.2
6234       1309     92     88     3022.4     2306.4
6235        119     19     20     4366.7     2277.5
6236        436     62     29     4682.5     2284.1
6237        209     32     25     5139.0     2279.4
6238        112     17     21      313.9     2282.8
6239        431     28     45      480.7     2291.9
6240        121     23     26      669.3     2282.9
6241        191     26     30     1599.7     2281.7
6242        245     33     34     1899.1     2290.2
6243        120     17     28     2202.1     2284.4
6244        225     25     29     2365.9     2284.6
6245        348     31     56     2757.6     2296.5
6246        153     19     22     3093.3     2282.5
6247        169     19     24     4161.8     2279.9
6248        159     29     23      133.3     2286.0
6249        201     18     31     2143.0     2289.5
6250        140     34     18     2973.9     2281.1
6251        192     39     16     3427.8     2280.6
6252        279     34     27     3933.4     2284.7
6253        135     20     26     4305.6     2286.2
6254        167     28     24     2513.4     2288.0
6255        112     14     24     2857.6     2285.1
6256        135     24     27     2943.9     2289.8
6257        857     77     66     3136.8     2303.6
6258       4861    152    191     4209.3     2361.8
6259        132     19     23     4800.4     2286.9
6260        174     35     29     5187.0     2286.1
6261        160     20     26      840.7     2287.4
6262        194     29     25     1078.4     2291.3
6263       2294     75    121     1400.0     2338.1
6264        104     30     14     1858.5     2281.0
6265        128     18     21     2712.6     2286.7
6266        185     22     29     4752.2     2290.8
6267        246     34     34     4775.7     2289.9
6268        232     23     33     5109.7     2292.7
6269        179     34     19     5321.5     2285.9
6270        168     24     23     1715.1     2289.3
6271        158     29     21     2229.3     2288.2
6272        212     27     39     2387.7     2300.4
6273        132     18     26     4348.8     2291.4
6274       2109    100    102     4510.3     2329.8
6275       1473     66    108     4647.4     2330.2
6276        165     25     18      430.0     2289.6
6277        159     21     24      778.0     2292.0
6278        314     37     33     1036.6     2296.5
6279        115     15     25     1781.7     2291.8
6280        216     26     35     1990.6     2295.9
6281        142     22     22     2162.1     2290.2
6282        179     21     37     2821.6     2299.3
6283        404     29     57     3312.6     2306.2
6284        117     19     22     3643.8     2289.3
6285       1211     55     75     4137.3     2318.2
6286        108     17     26     4709.4     2292.7
6287        160     26     26     4889.7     2291.2
6288        147     24     30      563.8     2297.1
6289        190     25     25     3293.9     2294.3
6290        292     38     25     4194.1     2294.7
6291        346     49     23       52.8     2296.8
6292        316     42     31       93.8     2297.5
6293        821     73     45      637.5     2307.3
6294        137     16     30      762.6     2297.7
6295        250     34     43     1349.6     2302.3
6296        297     31     33     3867.4     2299.1
6297        134     21     20     4295.7     2295.5
6298        111     16     20     4724.3     2294.3
6299        139     24     30     5067.2     2298.1
6300        138     25     16     3474.2     2293.0
6301       1242     69     83     3757.6     2326.9
6302        135     23     22     4611.1     2295.5
6303        108     20     17     4841.1     2295.2
6304        208     32     23      121.4     2302.8
6305        454     37     50      251.7     2309.7
6306        109     17     16      291.6     2297.9
6307        114     13     23      516.4     2298.0
6308        109     21     14     1455.4     2295.8
6309        224     37     29     1623.2     2302.1
6310        245     35     27     2548.7     2301.6
6311        653     35     67     3187.0     2320.0
6312        159     34     18     3208.9     2296.7
6313        237     33     23     3422.6     2299.3
6314        331     32     47     3833.0     2313.6
6315        155     18     22     4360.1     2298.2
6316        122     20     15     4583.0     2297.3
6317        133     17     22     4923.8     2298.8
6318        298     34     45     1103.7     2310.2
6319        153     26     15     1189.7     2296.6
6320        111     21     16     1572.2     2298.9
6321        112     19     20     4056.5     2299.5
6322        194     26     21     4163.2     2301.9
6323        199     20     27     4944.3     2305.3
6324        370     57     33     4991.9     2306.8
6325        326     41     38      722.0     2311.5
6326        253     28     43     1064.8     2317.5
6327        107     20     19     1268.9     2303.6
6328        136     19     24     1729.5     2302.9
6329        139     15     26     4547.2     2304.5
6330        910     86     39      187.4     2314.3
6331        165     31     17      311.0     2302.2
6332        271     36     30      454.1     2308.3
6333        160     26     24     2034.6     2303.7
6334        212     25     36     2328.2     2313.0
6335        101     14     23     2425.9     2304.7
6336        155     23     20     2779.1     2305.8
6337        212     31     26     3003.1     2308.7
6338        131     18     23     3730.6     2306.9
6339        103     19     21     4863.7     2301.7
6340        113     24     19     2300.8     2307.7
6341        160     22     21     2845.5     2304.8
6342       2041    119     94     3836.2     2340.8
6343        770     49     68     3992.1     2332.6
6344        137     15     22     4315.3     2307.0
6345        365     29     54       26.0     2327.4
6346        176     23     24      690.0     2310.2
6347        157     27     23     1002.8     2309.1
6348        519     64     39     1810.3     2315.3
6349        109     20     30     2272.1     2311.8
6350        501     44     41     2971.2     2320.0
6351        112     15     26     4682.0     2313.0
6352        180     35     30     5035.7     2310.8
6353        136     20     18      372.8     2309.5
6354        101     17     32      417.9     2315.6
6355        128     21     21      926.4     2311.8
6356        330     30     42     1238.9     2322.8
6357        276     27     30     1596.2     2314.3
6358        163     20     25     2008.6     2312.2
6359        101     14     23     2646.3     2311.0
6360        103     16     27     3353.6     2313.6
6361        104     22     18     4334.9     2309.0
6362        264     33     33     4565.2     2317.5
6363        185     28     25      755.2     2315.6
6364        153     26     20     1080.5     2311.8
6365        138     18     28     1489.8     2314.9
6366        158     29     18     2245.0     2312.6
6367        135     19     19     2583.2     2310.3
6368        171     25     22     3232.3     2312.4
6369        114     23     14     3432.2     2309.4
6370        246     32     33     4829.4     2315.3
6371        166     22     28     4849.6     2318.1
6372        249     32     34       55.4     2322.2
6373        212     27     22      396.4     2314.9
6374        193     24     29     1174.3     2315.9
6375        424     36     50     1921.6     2329.3
6376        150     25     25     3217.3     2318.7
6377        226     31     22     3281.3     2315.4
6378        292     44     28     3454.1     2316.8
6379        234     39     20     4019.0     2312.5
6380        130     19     23     4908.0     2314.1
6381        180     27     22      275.2     2314.9
6382        140     19     24      299.0     2318.6
6383        198     36     25      322.6     2319.7
6384        279     33     46      431.5     2333.1
6385        189     13     35     1119.7     2323.6
6386        258     29     35     2410.1     2324.4
6387        114     13     29     2800.3     2318.6
6388        157     30     20     4607.3     2313.5
6389        138     23     22     4924.4     2316.3
6390        180     31     17      590.0     2316.1
6391        106     17     21      952.8     2320.1
6392        135     17     22     2442.1     2320.1
6393        334     27     56     4890.4     2339.1
6394        111     15     20     2919.7     2319.9
6395        139     24     15     3097.7     2317.6
6396        485     54     33     3420.4     2330.4
6397        191     23     22     3913.4     2319.2
6398       3076    193     86     4397.2     2355.0
6399        314     45     32     4432.6     2327.0
6400        109     24     14       98.6     2318.0
6401        356     35     31      130.5     2326.7
6402        367     40     52      536.7     2335.8
6403        239     26     32     1145.3     2325.0
6404        101     21     15     2551.8     2318.1
6405        205     24     27     2864.4     2327.8
6406        130     21     20       80.6     2324.0
6407        276     35     39     1009.6     2328.7
6408        100     14     21     1437.8     2324.3
6409        201     28     27     1719.5     2326.9
6410        103     20     23     2224.8     2324.5
6411        160     18     24     2288.0     2324.0
6412        119     16     25     2905.8     2326.2
6413        258     22     29     4169.8     2325.0
6414        102     17     19     4593.8     2322.5
6415        147     28     18     5095.1     2321.4
6416        101     23     21      663.8     2323.8
6417        248     29     35      739.4     2337.1
6418        128     25     17      910.4     2324.7
6419        248     40     26     1756.4     2328.4
6420        224     33     26     1892.3     2331.5
6421        137     29     20     1948.0     2324.7
6422        635     65     62     2159.0     2347.8
6423        159     25     18     4247.2     2325.5
6424        112     17     18     4760.3     2324.7
6425        161     27     21     4807.2     2326.8
6426        134     20     26     4860.7     2330.6
6427        356     47     31     4957.6     2330.9
6428        148     22     25     5019.5     2329.7
6429        248     38     19      402.2     2329.9
6430        127     20     17     1363.2     2326.2
6431        155     20     28     3346.4     2333.4
6432       1157     51     75     4039.3     2353.9
6433        108     19     19     5113.4     2328.8
6434        130     14     24      884.9     2332.3
6435        476     52     51     4722.8     2346.7
6436        192     18     32     4789.6     2337.1
6437        122     19     19      155.8     2331.4
6438        122     20     18     1326.7     2330.2
6439        144     35     14     2726.7     2327.8
6440        140     22     18     3317.7     2329.6
6441        568     48     49     4091.3     2339.6
6442        122     22     19     5312.2     2331.7
6443        433     38     38      108.8     2343.7
6444        204     26     39     2044.8     2339.0
6445        347     34     51     2743.3     2346.5
6446        102     19     21     2885.5     2332.8
6447        168     21     29     3127.9     2336.3
6448        167     37     22     5346.8     2333.9
6449        164     33     18      294.0     2335.1
6450        153     18     26      587.8     2336.8
6451        280     45     23      652.1     2338.1
6452        210     26     30      767.7     2339.4
6453        122     18     22      991.2     2335.6
6454        103     20     24     1656.6     2337.3
6455        203     27     29     1949.1     2339.5
6456        178     24     33     2364.9     2345.2
6457        150     19     29     2500.8     2339.9
6458        130     25     16     2574.6     2334.7
6459        668     72     47     3081.4     2351.3
6460        546     56     31     4246.7     2342.9
6461        101     25     13     5162.6     2333.1
6462        170     21     28     5436.3     2340.6
6463        196     24     23       84.6     2338.4
6464        149     27     19      941.8     2337.5
6465        166     29     25     1064.2     2339.5
6466        149     21     20     1283.8     2339.5
6467        252     39     34     2552.9     2347.1
6468        103     18     20     2852.5     2340.1
6469        140     23     19     3046.3     2337.5
6470        385     36     55     3156.6     2360.7
6471        117     19     24     3212.9     2341.4
6472        122     16     31     3224.9     2344.0
6473        103     12     21      320.8     2341.0
6474        222     22     32      454.5     2348.0
6475        119     15     22      795.7     2340.1
6476        117     19     22     1083.9     2343.3
6477        240     30     29     1479.3     2345.0
6478        280     25     37     2218.0     2349.1
6479        100     21     16     2447.5     2337.1
6480        116     18     24     5069.4     2341.0
6481        395     31     43      190.4     2350.3
6482        126     20     23     1603.7     2344.2
6483        208     27     26     1707.3     2344.8
6484        213     27     25     3289.2     2342.4
6485        125     16     27     3946.3     2343.2
6486        111     17     25     1350.1     2345.3
6487        102     17     19     1387.7     2342.5
6488        154     33     17     1972.6     2344.1
6489        163     23     28     2326.1     2347.9
6490        183     28     35     2480.3     2350.1
6491        465     48     37     4596.0     2351.5
6492        158     30     23     5040.6     2344.5
6493        120     23     16      467.3     2346.2
6494        113     17     20     1188.5     2348.2
6495        243     22     43     2056.6     2358.8
6496        101     23     15     2306.8     2343.3
6497        191     23     29     4060.6     2348.3
6498        810     62     62     4303.4     2367.5
6499        236     28     29     4465.5     2349.0
6500        296     29     37     4815.3     2352.6
6501        218     36     20      212.4     2348.0
6502        328     42     22      399.3     2347.1
6503        376     29     48      567.1     2361.0
6504        172     38     22      628.0     2350.4
6505        129     25     18     2805.8     2345.7
6506        117     22     17     2923.2     2344.4
6507        201     41     19     3331.4     2347.7
6508        181     33     20      251.7     2352.3
6509        178     29     28      956.7     2354.8
6510        144     20     20      335.6     2353.3
6511        301     39     34      538.3     2363.2
6512        113     19     20     1052.5     2354.6
6513        170     23     21     1250.3     2355.3
6514        200     18     41     1730.9     2361.7
6515        103     22     22     1755.4     2354.8
6516        122     28     18     2851.9     2354.5
6517        242     22     43     3283.0     2367.9
6518        660     57     43     3423.0     2362.2
6519       3439    139    103     4568.3     2401.9
6520        104     11     25     4778.4     2355.6
6521        937     82     68     5023.0     2378.4
6522        165     26     17      301.5     2354.1
6523        125     29     19      740.1     2354.4
6524        104     19     17     1449.2     2354.9
6525        119     23     18     3004.0     2356.5
6526        499     60     33     3473.1     2362.2
6527        153     29     19     4350.2     2353.0
6528        102     14     19     4932.9     2353.9
6529        986     62     73       55.4     2393.4
6530        101     23     14      670.3     2355.0
6531        129     29     20      795.5     2358.5
6532        151     32     19     1560.4     2356.2
6533       1678     82     86     4121.1     2391.7
6534        295     35     37     4871.3     2365.6
6535        100     13     18     4946.1     2356.4
6536        137     19     22     5062.6     2357.0
6537        159     28     20     1076.0     2359.9
6538        254     32     42     1675.7     2371.1
6539        133     31     18     2276.0     2359.2
6540        247     30     40     2874.7     2370.4
6541        389     31     46     4242.0     2374.5
6542        147     23     25      837.5     2363.1
6543        114     24     22     1273.5     2363.1
6544        142     20     23     1621.4     2364.9
6545        183     24     28     1813.9     2365.9
6546        113     16     22     1889.4     2362.9
6547        103     16     16     2409.5     2359.7
6548        101     14     21     4259.0     2362.6
6549        134     20     22     4964.2     2364.0
6550        141     18     23     5301.0     2364.7
6551        115     18     18     5418.8     2362.5
6552        151     22     22      320.8     2367.1
6553        201     35     26      486.6     2367.6
6554        101     22     17      997.1     2361.9
6555        151     23     21     1135.0     2364.5
6556        105     17     26     1483.6     2364.0
6557        101     19     18     2390.8     2361.7
6558        118     19     20     2624.0     2362.0
6559        667     66     51     3218.0     2379.7
6560        100     16     22     5364.2     2366.0
6561        326     31     48      423.5     2379.2
6562        291     32     46      504.3     2383.8
6563        103     18     25      662.7     2368.5
6564        267     40     32     2472.0     2371.8
6565        170     29     18     3185.9     2364.4
6566        125     22     14      143.5     2363.5
6567        148     26     25     1199.9     2372.6
6568        192     26     32     2026.3     2373.4
6569        233     20     36     2197.3     2375.7
6570        297     22     49     3567.7     2380.4
6571       1018     69     57     4744.9     2388.0
6572        127     17     24      183.0     2372.6
6573        212     35     21      353.8     2368.1
6574        121     15     27     1877.4     2375.7
6575        117     20     15     2669.7     2366.3
6576        888     65     60     4067.5     2387.2
6577        109     16     23       73.4     2373.9
6578        100     26     16      252.3     2367.1
6579        253     41     28     1550.8     2375.5
6580        114     14     23     2903.7     2373.2
6581        271     30     32     3842.4     2376.2
6582        159     21     26     4894.7     2376.4
6583        243     30     24      100.0     2372.7
6584        248     27     28      230.0     2377.7
6585        142     18     30      449.4     2382.2
6586        178     20     31      742.6     2380.7
6587        131     16     24      942.6     2375.2
6588        209     19     39     1753.2     2382.2
6589        173     20     22     1861.5     2375.3
6590        236     23     38     2773.1     2383.2
6591        110     15     22     2810.5     2375.2
6592        478     55     43     2926.7     2391.0
6593       1115     90     74     3407.0     2403.7
6594        310     38     24     3772.9     2376.9
6595        563     48     49     4649.4     2388.9
6596        246     42     22     5221.9     2374.3
6597        597     59     69      390.4     2398.4
6598        344     45     46      613.8     2388.7
6599        101     17     18      882.1     2375.9
6600        608     67     45     2738.0     2389.5
6601        766     67     69     4358.4     2398.5
6602        175     31     21     4568.7     2374.7
6603        192     31     27     5085.2     2380.4
6604        134     15     24      207.8     2380.1
6605        117     14     29      299.5     2384.1
6606        104     16     19     1512.7     2377.7
6607        151     26     28     2656.4     2385.4
6608        240     37     23     3102.8     2377.4
6609        163     26     23     3172.7     2380.9
6610        219     23     25      716.8     2382.1
6611        126     17     19     1372.4     2382.0
6612        324     35     34     1608.9     2385.0
6613        109     14     25     3817.5     2383.3
6614        171     30     16      282.1     2379.2
6615        139     16     30      310.5     2387.2
6616        124     30     15     1280.0     2379.6
6617        193     21     28     1435.3     2384.9
6618        788     87     59     2982.2     2400.1
6619        109     24     15     3403.0     2379.9
6620        111     19     17     5045.3     2378.3
6621        105     22     17     1582.3     2381.5
6622        149     22     28     2135.4     2390.6
6623        217     32     26     2463.3     2387.7
6624        116     16     17     2846.4     2383.2
6625       1725     98     66     4258.9     2407.2
6626        293     31     32      366.1     2391.6
6627        219     26     32     1129.5     2390.4
6628        201     22     43     1632.5     2397.6
6629        129     18     23     2794.6     2387.4
6630        595     43     53     3476.4     2401.1
6631        313     34     30     3500.6     2390.9
6632        189     31     22     4989.3     2387.2
6633        393     36     52      155.0     2406.1
6634        133     17     19      477.5     2386.3
6635        149     18     27      546.5     2391.8
6636        155     27     18      585.2     2388.9
6637        187     24     38      994.3     2398.6
6638        370     33     43     1685.7     2398.8
6639        154     33     18     2823.6     2388.1
6640        368     35     42     3033.1     2398.6
6641        319     32     30     3253.8     2393.2
6642        138     28     31     4022.7     2393.6
6643        143     23     20     4684.2     2389.1
6644        117     17     25     5283.9     2387.8
6645        117     23     18     5353.3     2386.2
6646        171     20     25      524.1     2394.6
6647        200     31     26      827.9     2392.0
6648        386     53     36     1326.9     2400.4
6649        104     25     13     1526.0     2387.5
6650        125     18     25     1898.1     2391.1
6651        158     29     25     1967.6     2391.6
6652        138     22     21     3132.0     2389.3
6653        111     28     12     3450.8     2385.2
6654        181     40     14     4818.5     2386.4
6655        150     15     33      200.7     2402.4
6656        106     16     17      333.8     2390.5
6657        169     26     20     1715.8     2391.2
6658        173     16     34     2629.7     2397.1
6659        135     24     23     3179.2     2395.7
6660       1205    114     66     3300.7     2416.3
6661        108     22     18     3308.0     2391.9
6662        160     27     17     3366.8     2391.7
6663        265     47     23     3722.8     2393.3
6664        539     32     58     4912.5     2411.0
6665        259     30     30     4934.8     2395.2
6666        126     19     17     1223.6     2391.9
6667        104     20     15     3829.1     2392.9
6668        588     35     50      240.7     2409.7
6669        362     33     39      667.7     2404.8
6670        166     24     18      876.1     2393.7
6671        137     25     23     1789.4     2400.3
6672        113     20     24     2151.5     2397.3
6673        302     37     34     2230.8     2404.5
6674        173     22     25     2861.3     2397.2
6675        388     43     36     3628.6     2403.1
6676        115     20     26     5188.2     2395.7
6677        466     51     35     3538.5     2409.9
6678        205     21     29     4711.3     2402.2
6679        106     18     25     5154.8     2400.8
6680        193     27     39      274.4     2411.7
6681        337     33     30     1555.7     2403.8
6682        122     20     20     2103.5     2400.0
6683        220     33     26     2349.7     2404.0
6684        169     22     27     2384.1     2400.5
6685        112     23     12     3851.0     2397.3
6686        244     23     33     4309.8     2407.7
6687        138     22     16      743.1     2398.7
6688        128     18     22     1026.1     2401.8
6689        154     22     24     1150.6     2403.0
6690        145     27     23     1519.4     2404.6
6691        218     23     36     2262.3     2411.5
6692        146     20     22     4585.4     2403.2
6693        133     20     23      644.8     2405.1
6694        101     13     19      783.9     2402.7
6695        255     51     23     1992.7     2404.8
6696        115     27     15     2660.4     2400.1
6697        136     23     18     2813.1     2402.6
6698        565     58     40     3093.6     2410.8
6699        643     61     56     3570.8     2424.5
6700        196     30     25     4400.4     2406.7
6701        506     48     48     4430.5     2414.7
6702        108     17     16     4498.1     2402.5
6703        382     34     38     4693.3     2415.2
6704        101     18     18     1849.3     2404.7
6705        103     23     18     3157.4     2404.2
6706        121     20     19     4452.2     2406.0
6707        118     26     17     4476.1     2403.7
6708        513     36     44     4983.9     2417.6
6709        140     35     17     5095.1     2405.3
6710        109     23     16     5412.3     2405.1
6711        230     34     25      327.5     2411.4
6712        270     33     31     1056.8     2413.5
6713        100     10     30     1234.1     2410.7
6714        188     37     24     1371.3     2411.4
6715        153     25     26     1931.8     2412.1
6716        133     23     16     3720.3     2406.4
6717        200     25     28     4001.2     2412.5
6718        147     17     23     4822.3     2408.8
6719        380     34     49      351.9     2425.1
6720        219     35     23     1407.4     2412.6
6721        112     18     23     2774.9     2412.3
6722        197     24     37     2160.2     2421.5
6723        121     20     20     2490.3     2412.1
6724        134     30     18     2535.2     2412.2
6725        214     20     32     4654.9     2421.9
6726        650     62     55      575.6     2428.5
6727        125     25     24      952.7     2415.3
6728        108     20     16     1163.2     2413.0
6729        123     22     22     1595.6     2414.9
6730        192     30     23     2429.0     2413.5
6731        126     23     23     3446.0     2418.7
6732        132     16     20     3889.8     2413.4
6733        139     16     27       92.6     2418.7
6734        242     29     25      836.2     2418.6
6735        311     31     41     1833.7     2426.1
6736        179     24     20     3674.3     2416.8
6737        425     29     47     4098.5     2430.9
6738        118     29     14     1795.4     2414.3
6739        178     28     23     1914.2     2418.8
6740        142     18     23     3512.1     2419.7
6741        427     34     34     3654.6     2423.6
6742        116     22     18     5064.8     2418.6
6743        511     41     43      515.9     2429.9
6744        109     20     17      698.1     2420.9
6745        123     20     23     1667.3     2423.2
6746        509     58     44     3169.2     2431.0
6747        329     30     33     3977.3     2424.9
6748       3143    187    115     4422.9     2471.0
6749        349     41     44     5060.8     2433.0
6750        783     56     63      302.6     2438.3
6751        170     29     27     1336.9     2425.2
6752        352     37     41     1702.5     2433.2
6753        148     27     16     2569.8     2420.0
6754        220     25     30     2813.5     2428.8
6755        254     55     25     3121.9     2424.9
6756       1829    107     78     3642.4     2456.3
6757        228     26     26     4757.2     2425.1
6758        132     22     18      429.9     2422.0
6759        135     27     16      463.3     2422.0
6760        248     22     34     1296.3     2432.0
6761        170     31     28     2226.8     2429.0
6762        122     18     17     2449.9     2423.1
6763        307     29     37     3220.5     2432.0
6764       1250    102     68     4317.5     2442.9
6765        290     44     23      619.5     2428.3
6766        122     18     28     1430.8     2428.9
6767        150     27     18     2098.0     2426.2
6768        179     29     30     2325.7     2431.8
6769        118     25     18     2414.6     2424.5
6770        120     20     21     2641.7     2428.5
6771        205     32     22     3001.2     2427.2
6772        278     44     30     3368.7     2432.6
6773        303     40     28     4398.1     2430.0
6774        122     17     24       31.1     2431.4
6775        328     39     33      784.9     2434.6
6776        151     25     22      981.6     2425.8
6777        108     24     19     1113.8     2429.2
6778        120     21     16     2010.6     2425.8
6779        186     31     22     2612.5     2432.1
6780        103     16     19     2677.3     2429.5
6781        162     32     25     2698.5     2426.3
6782       1267     91     73     4042.4     2452.4
6783        147     27     23      165.5     2431.7
6784        289     26     45      406.4     2442.5
6785        113     18     28     2437.0     2435.8
6786        139     20     17     2792.8     2428.8
6787        181     28     24     4960.0     2431.1
6788        105     17     21     5369.7     2429.3
6789        163     16     22      127.2     2431.9
6790        155     20     35      257.9     2437.6
6791        202     30     20     1507.1     2433.8
6792        117     20     27     1859.8     2437.8
6793        103     11     28     1886.4     2435.6
6794        207     33     33     1931.1     2439.0
6795        137     24     30     2737.5     2440.2
6796       1851     69     93     4701.5     2462.2
6797        249     22     43     5317.2     2442.3
6798        219     21     28     5351.7     2434.5
6799        137     22     26      215.8     2439.8
6800        102     14     23      887.0     2434.7
6801        104     19     25     1963.4     2438.1
6802        287     40     30     2574.2     2439.3
6803        108     16     16     4800.9     2430.4
6804        124     19     21     1253.8     2437.4
6805        113     22     17     1461.1     2433.7
6806        128     28     24     2039.4     2436.4
6807        169     23     23     2889.1     2436.9
6808        429     50     28      446.6     2441.3
6809        261     33     31      478.1     2443.3
6810        349     40     29      954.5     2441.7
6811        131     43     11     1400.1     2432.8
6812        181     35     25     3126.4     2441.6
6813        623     61     54     3183.0     2458.9
6814        363     41     43     3332.6     2452.5
6815       1546     93     98     3434.2     2485.5
6816        233     28     32     3450.8     2444.0
6817        530     63     42     3516.0     2447.8
6818       6440    162    200     4101.0     2518.3
6819        105     21     16      656.3     2436.8
6820        189     20     33      836.3     2443.1
6821        131     19     28     1285.8     2445.6
6822        155     33     23     3036.5     2442.7
6823        100     15     20     3295.7     2439.3
6824        163     28     19     3477.6     2440.6
6825        191     29     17     4022.0     2437.6
6826        158     19     23     4423.1     2443.2
6827        241     36     27     4536.3     2442.6
6828       1038     66     53     4625.8     2458.9
6829        111     19     20     4815.8     2439.9
6830        311     43     39       52.2     2451.4
6831        306     43     39      234.6     2455.6
6832        434     53     37      912.9     2449.4
6833        270     44     31     1002.1     2446.6
6834        116     23     17     1062.3     2440.1
6835        209     16     43     2631.2     2455.4
6836        176     33     17     2981.0     2441.1
6837       5839    155    287     3800.9     2555.4
6838        800     46     70     4758.6     2471.9
6839        196     33     25     4916.5     2444.1
6840        155     21     22       98.3     2442.9
6841        170     24     29     1208.5     2446.9
6842        127     32     17     1732.9     2441.9
6843        181     21     29     2843.3     2447.5
6844        253     29     31     2914.4     2448.1
6845        158     22     19      609.7     2445.1
6846        114     26     15     2788.7     2443.5
6847        255     43     40     2981.8     2454.3
6848        111     16     14     3401.9     2442.0
6849        658     74     44     3987.4     2455.1
6850        168     19     25     4129.8     2448.2
6851        118     20     19     4947.3     2447.4
6852        166     18     33      626.2     2454.9
6853        103     19     19     1189.6     2448.9
6854        383     42     37     2016.2     2454.0
6855        152     21     19     4595.6     2447.6
6856        113     14     25     4799.5     2453.7
6857        367     29     35       21.4     2457.1
6858        121     22     22       84.5     2448.7
6859        150     38     12     1570.6     2444.5
6860        112     19     16     2381.6     2447.8
6861        135     22     17     3254.7     2448.5
6862       1296     78     63     4488.9     2472.2
6863        107     15     27      388.0     2456.1
6864        111     19     16      580.3     2449.4
6865        284     41     26     1050.5     2455.2
6866       2167    112    108     3271.0     2494.1
6867        143     19     27     1514.2     2456.1
6868        182     38     22     1651.7     2452.5
6869        121     24     27     2058.3     2456.4
6870        191     21     30     2206.7     2459.4
6871        133     27     23     2417.7     2452.2
6872        815     70     49     3359.4     2467.7
6873        392     56     33     3459.8     2461.3
6874        143     29     13     3550.4     2450.8
6875        322     51     29     3574.9     2458.1
6876        423     42     37     4570.2     2460.0
6877        110     20     17     5346.3     2452.1
6878       1184     94     90      182.6     2493.3
6879        471     45     35      186.5     2465.7
6880        168     26     19      352.5     2454.7
6881        171     23     29     1089.5     2460.1
6882        132     23     24     2290.2     2456.7
6883        106     15     20     2817.3     2455.9
6884       1016     69     74     3088.3     2482.1
6885        438     40     46     4270.1     2470.1
6886        321     39     39      364.3     2469.5
6887        151     23     20      724.0     2458.0
6888        159     33     22     1356.8     2458.0
6889        455     56     32     2743.2     2466.0
6890        438     40     44     4352.7     2470.2
6891        119     20     20     5193.8     2458.4
6892        149     25     21       53.2     2459.6
6893        153     28     17      777.1     2455.9
6894        107     14     21     4734.5     2462.0
6895        118     20     17     5240.0     2458.7
6896        100     22     15      112.2     2459.0
6897        135     21     19      646.3     2462.0
6898        168     25     22     1565.9     2462.2
6899        124     27     22     1891.6     2462.5
6900        122     19     26     1985.4     2468.5
6901        310     18     54     4538.4     2479.4
6902       1654     96     83     4805.2     2495.1
6903        117     21     26     5429.5     2463.9
6904        120     19     26      270.8     2466.8
6905        252     39     24      321.7     2467.0
6906        103     15     23      456.0     2464.1
6907        148     26     19      873.0     2465.4
6908        401     40     35     1302.3     2473.6
6909        148     25     18     2375.1     2462.8
6910        650     75     51     2927.8     2478.8
6911       1532     66     67     4206.3     2487.2
6912        140     15     25     4652.4     2467.2
6913        105     15     23     5152.5     2465.5
6914        115     13     26     5365.8     2466.8
6915        270     37     28      944.4     2467.8
6916        117     20     21     1105.8     2468.1
6917        169     28     18     1718.8     2464.3
6918        124     19     18     1925.4     2465.1
6919        171     30     20     1958.2     2463.5
6920        126     26     21     2336.9     2465.2
6921        217     32     31     2401.7     2471.0
6922        128     18     22     2441.4     2465.5
6923        465     33     79     2852.1     2496.5
6924        147     20     29     2973.8     2472.8
6925        117     15     21     4373.4     2465.4
6926        585     38     61     4976.6     2485.8
6927        242     24     31       73.2     2472.4
6928        324     34     41      534.8     2480.5
6929        225     33     33      591.5     2477.9
6930        257     31     36     4888.6     2477.0
6931        193     33     20     5029.0     2467.0
6932        135     20     23     5297.3     2472.2
6933        199     46     16      417.3     2468.6
6934        318     43     35      976.0     2476.8
6935        229     28     33     1337.4     2474.1
6936        126     22     26     2534.0     2475.3
6937        136     21     26     2554.4     2473.7
6938        155     15     28     3003.2     2474.7
6939        204     24     28     3128.9     2474.5
6940        112     18     17     3995.8     2468.2
6941        192     28     30     4069.9     2473.0
6942        527     45     51     3318.4     2490.0
6943        213     22     27     3697.4     2478.0
6944        140     29     20     4933.6     2472.9
6945        172     30     24     5214.3     2472.9
6946        164     23     32      100.9     2481.5
6947        235     26     40     2077.1     2484.8
6948        265     24     40     2787.3     2484.4
6949        115     20     24     3578.4     2473.6
6950        107     16     28     5123.0     2478.0
6951        477     47     40      395.4     2486.3
6952        112     20     16      499.2     2475.2
6953        195     25     30      559.1     2480.2
6954        183     29     32      703.8     2482.7
6955        285     29     49      767.9     2488.9
6956        280     50     32     1368.1     2476.3
6957        172     30     28     1618.4     2479.4
6958        134     22     20     2321.6     2475.4
6959        228     23     31     4043.0     2483.7
6960        115     20     21     4664.6     2478.2
6961        115     19     23     5060.6     2476.0
6962        219     32     22     5324.9     2478.5
6963        286     35     28      297.6     2481.9
6964        339     45     39      475.4     2489.3
6965        172     33     19      725.3     2475.6
6966        109     19     20     1054.7     2478.9
6967        134     30     20     2428.3     2475.9
6968        202     25     28     3557.4     2482.3
6969        141     30     16      811.0     2479.1
6970        726     50     55      910.6     2495.9
6971        114     24     14     1212.2     2478.1
6972        106     14     20     2385.8     2479.9
6973        986     52     65     3507.6     2498.8
6974        116     19     24     4331.0     2482.7
6975        218     37     25     1015.1     2485.7
6976        142     24     36     2203.8     2487.8
6977        154     16     31     2768.6     2487.6
6978        115     29     11     3602.9     2476.2
6979        233     35     26     4560.4     2483.4
6980        104     12     22     5385.6     2481.8
6981        138     22     16      340.5     2481.7
6982        136     14     33      516.7     2489.9
6983        157     31     23     1090.2     2485.2
6984        153     22     20     1277.8     2483.7
6985        109     28     16     1695.6     2481.6
6986        411     34     50     1970.1     2502.7
6987        151     27     25     2680.5     2487.2
6988        303     26     42     3016.9     2494.0
6989        155     22     23     2959.8     2487.5
6990        103     15     20     3831.5     2486.7
6991        176     38     15     5027.1     2483.1
6992        543     34     52      245.6     2503.1
6993        550     63     48      295.4     2501.3
6994        151     30     19     1660.4     2486.0
6995        131     18     27     2289.5     2490.0
6996        109     16     25     3178.3     2488.3
6997        163     18     20     3282.5     2488.9
6998        592     49     63     3648.2     2502.3
6999        115     25     16      841.2     2488.5
7000        109     19     26     2718.1     2493.5
7001       1067     52     84     4619.3     2517.8
7002        134     23     18     4646.5     2489.1
7003        429     53     51     2329.5     2509.8
7004        245     37     24     3227.5     2495.4
7005        339     35     53     4255.2     2505.7
7006        243     23     31       79.0     2496.9
7007        375     46     33      637.0     2500.2
7008        198     39     23     1451.3     2497.5
7009        107     25     16     2017.9     2491.0
7010        142     24     21     2138.7     2494.2
7011       1645     96     88     3558.6     2519.5
7012        250     26     31     4286.7     2498.0
7013        108     13     24     4914.8     2494.6
7014        111     17     16     5036.2     2492.6
7015        139     16     33     5066.7     2499.7
7016        114     14     21     5305.5     2494.0
7017        135     27     13     5368.4     2490.3
7018        239     25     30      337.2     2499.7
7019        171     34     18      803.7     2494.1
7020        112     19     22     1409.5     2496.2
7021        172     23     35     1760.2     2505.6
7022        164     25     29     2107.2     2500.1
7023        113     14     22     2545.9     2498.1
7024        773     51     61     3391.8     2515.1
7025        121     23     14     3775.4     2491.6
7026        157     20     33     4026.8     2500.6
7027        139     17     19     4322.5     2494.1
7028        841     49     66     4690.4     2524.5
7029        106     17     17     5188.6     2493.0
7030        120     19     30      583.5     2499.8
7031        133     19     19     1649.1     2498.5
7032        142     20     25     1696.9     2499.2
7033        123     24     24     1811.8     2501.7
7034        168     21     30     2444.6     2501.5
7035        153     20     21     2832.2     2498.0
7036        173     24     24     3043.2     2500.2
7037        739     46     93     3150.5     2531.9
7038        267     30     25     3706.2     2500.2
7039        683     81     58     4326.8     2523.3
7040        167     22     19     4676.7     2496.6
7041        177     32     28     5357.5     2502.5
7042        116     24     20     5401.8     2498.6
7043        191     33     24     1607.2     2501.7
7044        120     24     18     1783.6     2500.1
7045        100     17     16     1872.8     2499.2
7046        140     22     32     1928.3     2506.0
7047        469     49     37     2892.6     2506.8
7048        173     29     21     3680.8     2498.5
7049        123     18     20     4522.0     2499.2
7050        274     30     36     4743.0     2509.4
7051        183     24     38      605.6     2512.6
7052        102     16     19     1059.4     2501.7
7053        162     24     23     2357.0     2504.0
7054        129     12     23     3761.2     2504.8
7055        160     31     19     3920.2     2499.3
7056        549     42     40     3997.0     2510.9
7057        154     23     25     4567.4     2505.3
7058        120     18     25     4586.8     2504.6
7059        522     28     76      116.7     2526.4
7060        245     20     48      537.9     2515.1
7061        102     15     20     1253.8     2501.9
7062        101     20     25     2508.8     2506.8
7063        117     24     18     4040.4     2502.9
7064        128     25     18     1231.1     2504.1
7065        280     26     32     1388.8     2511.3
7066        149     25     28     2659.3     2509.4
7067        211     20     29     2811.8     2511.2
7068        112     19     15     3187.0     2502.4
7069        156     20     19     3476.0     2505.9
7070        124     17     24     3889.7     2506.6
7071        449     32     52     4468.3     2523.7
7072        119     23     18     4892.4     2506.3
7073        138     19     25     2484.1     2510.3
7074        191     25     43     5416.0     2519.0
7075       1228     57     86      147.4     2545.2
7076        100     18     17     1022.6     2507.4
7077        158     38     20     1573.2     2508.5
7078        111     19     23     1824.2     2510.3
7079        123     21     20     2071.6     2509.6
7080        194     31     46     2466.5     2524.1
7081        126     22     17     3169.6     2507.9
7082        239     35     20     3624.0     2509.9
7083        290     29     29     4540.1     2514.1
7084        605     49     53     4655.2     2526.3
7085        252     32     32     4959.9     2516.0
7086        279     26     43     5091.3     2521.6
7087        133     23     20       25.8     2511.6
7088        116     26     15      691.7     2509.5
7089        231     29     31     1662.1     2517.2
7090        131     30     15     2038.4     2509.7
7091        294     32     34     4503.4     2518.3
7092        235     31     35     4940.6     2523.0
7093        112     21     14     5288.4     2507.8
7094        212     29     29      484.9     2517.3
7095        181     26     26      588.3     2519.4
7096        101     17     21      725.4     2515.5
7097        147     22     30     2599.1     2519.4
7098        178     29     23     3917.2     2517.6
7099        236     28     30     4391.4     2515.6
7100        125     18     26     4450.2     2518.0
7101        148     23     19       87.3     2515.7
7102        282     38     28      342.4     2522.0
7103        207     38     22      993.3     2517.2
7104        249     40     25     1488.3     2518.5
7105        128     33     18     3233.5     2512.6
7106        136     21     19      436.4     2518.5
7107        530     39     56      505.1     2532.4
7108        200     20     24      565.9     2519.1
7109        243     21     31      620.7     2523.1
7110        268     39     37     2701.0     2525.1
7111        244     26     32     3037.5     2525.4
7112        550     43     37     3733.0     2524.5
7113        172     25     14     4319.6     2514.7
7114        259     30     31     4727.3     2524.9
7115        256     36     28      812.9     2523.3
7116        194     19     29     1081.7     2524.4
7117        140     28     22     2272.2     2521.6
7118        545     48     33     3218.0     2528.8
7119        113     14     25     3357.1     2523.9
7120        127     21     21     3481.0     2520.6
7121       4250    162    152     3907.6     2588.6
7122        109     15     17     4275.5     2519.0
7123        161     22     22     4373.7     2520.0
7124        111     16     24     5464.2     2521.2
7125        144     20     26      199.3     2524.7
7126        116     17     25      550.0     2525.3
7127        104     21     19      677.9     2522.7
7128        128     23     23      842.9     2522.3
7129        211     20     35     2001.9     2527.8
7130        274     29     35     2125.6     2525.7
7131        544     47     53     2413.9     2539.0
7132        198     21     33     2726.1     2531.0
7133        271     32     28     2875.5     2529.1
7134        139     20     21     4838.6     2519.2
7135        269     34     32      416.6     2532.3
7136        121     27     13     1177.6     2519.0
7137        127     15     26     1450.4     2526.6
7138        117     19     21     1854.7     2523.9
7139        145     24     22     2153.7     2524.0
7140        110     13     19     3162.1     2523.4
7141        237     19     44     4875.1     2534.9
7142        283     27     50     4986.6     2539.6
7143        147     20     29     5129.4     2529.9
7144        134     25     18      220.2     2524.3
7145        146     25     18     2186.5     2524.4
7146        664     55     38     3682.7     2535.7
7147        145     18     22     3892.0     2526.9
7148        331     38     37     4411.0     2533.0
7149        161     24     23     5040.1     2529.4
7150        175     24     27     5204.3     2530.9
7151        180     30     24     5326.9     2530.5
7152        147     21     31      830.6     2535.6
7153        107     32     15     1059.9     2526.1
7154        130     18     23     2028.9     2527.1
7155        110     21     18     3090.6     2526.1
7156        213     25     30     3937.5     2531.4
7157        718     35     68     4108.9     2552.1
7158        265     35     34     4201.1     2530.7
7159        166     31     26      991.7     2534.6
7160        154     33     17     1225.6     2528.6
7161        192     21     42     2337.8     2544.0
7162        162     25     27     2350.1     2531.9
7163        114     18     24     2973.9     2530.1
7164        103     18     19     3189.5     2530.1
7165        150     18     29     3448.4     2533.6
7166        179     23     26     4230.4     2531.3
7167       1554    100     83     4735.8     2558.2
7168        110     18     18       25.5     2530.9
7169        354     37     37      447.8     2540.9
7170        358     43     44     1249.1     2540.5
7171        241     37     31     2663.4     2539.6
7172        433     46     34     3112.5     2538.8
7173        210     28     29     3500.3     2537.7
7174        395     42     28     4567.0     2536.4
7175        227     41     27       73.4     2539.6
7176        244     22     32      286.2     2539.6
7177        166     25     23     1698.0     2534.0
7178        140     31     20     2581.6     2533.5
7179        882     64     41     4153.7     2544.1
7180        380     52     37     4260.4     2544.1
7181        139     27     18     4853.1     2532.6
7182        266     31     33      777.5     2542.7
7183        122     25     16     1559.2     2535.0
7184        105     15     28     2381.9     2539.1
7185        151     25     24     2535.5     2535.4
7186        495     44     50     2562.5     2551.3
7187        446     39     61     2769.8     2557.4
7188        284     33     28     3421.6     2539.7
7189        151     21     19     3627.5     2535.5
7190        144     11     31     3642.0     2539.5
7191        157     15     28     4381.9     2540.9
7192        269     41     30      247.7     2541.7
7193        133     23     23      850.5     2542.1
7194        121     25     20     1101.6     2536.6
7195        495     40     59     1122.8     2561.1
7196        160     28     30     1318.2     2543.9
7197        190     28     19     1630.0     2537.3
7198        241     25     38     1657.5     2544.8
7199        134     21     21     2247.6     2539.1
7200        160     26     22     2813.0     2539.5
7201        114     20     20     2833.5     2536.4
7202        243     32     28     3011.1     2540.5
7203        131     18     16     3465.2     2537.0
7204        208     40     25     3745.9     2543.4
7205        255     44     22     3994.4     2537.8
7206        157     28     20     4300.2     2539.5
7207        205     35     16     4434.6     2537.5
7208        756     43     64     4808.6     2563.6
7209        159     19     25      177.5     2543.3
7210        194     31     19      354.4     2539.5
7211        220     33     30      588.8     2542.6
7212       1646     74     91      665.9     2576.1
7213        173     20     30      730.6     2542.3
7214        151     26     26      912.5     2540.7
7215        110     22     15      932.8     2539.0
7216        334     42     44     1364.5     2556.9
7217        117     30     24     1510.8     2539.8
7218        106     23     19     2453.8     2539.8
7219        171     27     22     3901.6     2539.6
7220        345     38     26     4509.3     2543.6
7221        229     28     28     4913.8     2542.2
7222        135     27     24      300.9     2545.7
7223        206     31     25      330.3     2546.0
7224        110     16     23     2939.8     2544.6
7225        244     28     32      557.9     2551.4
7226        109     17     29     1780.7     2544.9
7227        109     21     19     2298.9     2541.4
7228        161     36     16     3335.1     2541.8
7229        737     55     66     3581.9     2565.0
7230       1333     75    107     3984.0     2591.2
7231        242     30     33     4966.3     2549.7
7232        215     19     40      965.0     2553.1
7233        110     24     20     1492.5     2543.0
7234        110     24     16     1591.1     2542.9
7235        119     21     27     1856.8     2547.6
7236        187     21     35     2147.5     2553.2
7237        240     26     30     2856.0     2548.1
7238        141     25     17     4849.7     2545.2
7239        159     24     20      383.2     2549.6
7240        215     39     25     1617.8     2550.6
7241        165     36     21     2184.7     2548.3
7242        219     28     31     2921.0     2552.3
7243        275     38     31     3392.4     2553.6
7244        213     34     20     3925.3     2547.4
7245       1077     78     64     4605.7     2575.2
7246        122     23     15     4888.9     2545.0
7247        242     44     20     4935.3     2548.5
7248        200     20     31     5268.4     2553.5
7249        261     31     34      703.6     2553.2
7250        230     39     29      812.1     2555.0
7251        208     30     22     1166.8     2551.8
7252        230     25     32     2958.0     2556.8
7253        118     19     19     3082.8     2549.4
7254        130     24     14     3478.4     2546.9
7255        415     33     45     3541.0     2563.8
7256       2367    134    108     3649.8     2603.6
7257       1147     82     58     4311.3     2568.4
7258        206     32     31      877.7     2554.3
7259        283     36     36     1269.4     2558.9
7260        428     50     43     2598.3     2566.6
7261        187     23     29     2800.1     2558.7
7262        116     16     21     3205.7     2551.2
7263        102     22     16     3223.9     2548.6
7264        354     55     32     3334.6     2558.2
7265        502     32     54     4212.1     2564.8
7266        126     25     18     4278.5     2551.2
7267        444     45     37     5072.2     2557.7
7268        149     16     30      270.5     2558.1
7269        878     84     71      497.5     2577.1
7270        220     29     35     1435.6     2562.9
7271        465     46     58     3275.1     2579.9
7272        276     24     36     3907.6     2563.3
7273       2805    174     88     4428.8     2590.9
7274        119     27     13     4445.6     2551.2
7275        362     34     33     5125.6     2559.5
7276       2427    101    121       41.9     2603.4
7277        260     29     43      219.9     2562.9
7278        220     26     30     1402.3     2564.6
7279        155     25     20     1526.8     2555.4
7280        262     26     35     4000.9     2565.2
7281        275     39     29     4632.4     2563.2
7282        107     23     18     5181.6     2554.7
7283        111     19     20      104.6     2558.6
7284        108     15     19      368.1     2556.9
7285        139     15     31     1036.9     2564.5
7286        126     21     20     1950.2     2557.6
7287        140     20     18     2045.6     2558.0
7288        143     23     22     3947.6     2557.3
7289        280     26     34     4235.9     2567.1
7290        708     65     56     4456.4     2575.3
7291       1658     72     85     4535.8     2590.1
7292        140     22     21     4997.5     2559.4
7293        179     30     24     5155.8     2561.1
7294        208     29     33       44.8     2566.3
7295        124     19     27      201.2     2559.6
7296        154     16     38      427.5     2568.4
7297        154     28     24      942.9     2558.9
7298        485     58     39     1064.3     2572.1
7299        182     15     26     3631.4     2562.7
7300        119     24     17     4019.3     2561.1
7301        167     36     20     5443.3     2560.5
7302        106     15     17      521.4     2561.6
7303        118     18     20     1560.6     2563.4
7304        313     52     43     1704.6     2574.3
7305        160     21     39     2009.8     2569.6
7306        291     39     43     3104.6     2572.7
7307        164     33     26     3741.2     2561.2
7308        327     31     43      615.7     2578.3
7309        124     27     16     1896.8     2561.8
7310        601     66     46     3225.0     2580.7
7311        169     28     19     4414.9     2563.8
7312        118     14     17     4785.3     2562.0
7313        808     50     64     4846.4     2582.5
7314        196     26     20      292.9     2563.9
7315        403     34     60     1226.9     2587.8
7316        159     28     31     1492.6     2573.1
7317        193     21     24     1726.6     2566.2
7318        104     24     20     2096.2     2565.4
7319        370     32     34     2476.4     2571.0
7320        135     26     30     2830.5     2573.4
7321        151     24     15     3656.0     2564.3
7322        100     23     19     4438.8     2565.1
7323        225     24     26      254.3     2570.3
7324        102     14     24     1469.4     2569.1
7325        160     18     28     2199.7     2571.5
7326        462     39     53     3183.1     2585.2
7327        104     19     19     3383.2     2567.4
7328        339     40     37     3452.3     2573.7
7329        130     16     35     4755.4     2574.9
7330        265     36     38     5029.5     2574.4
7331        121     19     28     1975.0     2575.7
7332        259     35     34     2175.2     2570.8
7333        171     27     28     3017.6     2572.7
7334        148     19     26     3667.6     2572.6
7335        185     27     20     3732.9     2569.0
7336        101     20     14     4349.0     2568.6
7337        260     33     40     4701.4     2579.9
7338        210     29     24     4909.9     2569.6
7339        135     19     23     5228.0     2573.3
7340        149     26     27     5341.6     2571.8
7341        198     32     16      748.8     2569.1
7342        628     62     61     1616.6     2587.0
7343        155     27     27     1893.4     2575.7
7344        118     21     19     2069.5     2569.9
7345        110     17     26     2380.2     2575.8
7346        285     26     30     4145.7     2579.9
7347        155     22     27     4952.5     2575.2
7348        220     25     31      332.8     2579.0
7349        230     22     42      880.8     2587.8
7350        204     28     26     2501.0     2577.9
7351        191     23     35     2991.7     2581.8
7352        232     35     21     3072.5     2575.7
7353        229     27     35     4185.4     2583.1
7354        120     16     18     4769.2     2571.0
7355       1226     42     90      107.4     2611.5
7356        101     19     19      772.0     2575.6
7357        105     26     14     2325.8     2572.4
7358        108     23     15     3813.3     2573.7
7359       1746     71    111     4673.6     2620.2
7360        107     18     21     2274.9     2579.6
7361        191     34     21     2688.6     2578.7
7362        216     28     36     2886.1     2585.2
7363        139     16     30     3132.4     2584.4
7364       1784     84     99     3384.2     2616.1
7365        119     14     22     4653.2     2578.8
7366        141     34     16      406.8     2577.9
7367        172     23     22     2626.8     2580.8
7368        205     46     22     2802.5     2580.1
7369        391     39     59     2862.9     2600.9
7370        257     33     26     3046.4     2583.1
7371        194     31     19     3421.7     2580.7
7372        238     28     35     4298.2     2588.5
7373        542     47     56     5124.1     2596.6
7374        158     19     29      275.7     2586.5
7375        148     20     21      572.1     2581.7
7376        400     44     47     1669.4     2594.3
7377        115     24     13     2574.5     2578.5
7378        115     12     25     2661.0     2582.5
7379        150     25     25     2702.6     2585.9
7380        188     39     33     2739.8     2593.8
7381        873     38     76     4879.8     2605.6
7382        341     46     25      710.5     2586.9
7383        117     24     23     1470.9     2587.6
7384        121     26     29     1779.1     2588.8
7385        124     18     25     1848.1     2584.8
7386        126     29     16     2161.3     2583.5
7387        372     45     28     3341.7     2588.9
7388        206     33     26     4959.9     2588.0
7389        320     37     38      301.1     2594.2
7390        140     19     25     1248.7     2588.2
7391        149     29     19     1815.5     2585.3
7392        369     38     53     2009.8     2604.0
7393        104     15     19     2649.8     2585.8
7394        325     29     35     3153.6     2592.9
7395        416     45     37     3850.6     2596.4
7396        208     28     22     4234.6     2588.2
7397        244     27     31     5045.5     2592.1
7398        130     24     20     1698.1     2589.4
7399        105     14     28     1876.7     2594.0
7400        308     46     32     1910.5     2593.0
7401        205     19     39     2295.4     2598.7
7402        128     19     14     2398.0     2584.8
7403        425     40     41     3477.1     2595.1
7404        190     35     26     3516.0     2591.1
7405        155     26     16     3827.8     2586.6
7406        152     16     33     4748.8     2596.3
7407        100     19     16     1302.1     2587.0
7408        119     31     17     1424.2     2587.4
7409        137     17     25     1559.6     2591.8
7410        143     18     33     3065.6     2596.8
7411        119     25     14     4036.9     2587.4
7412        617     39     57     4982.4     2607.1
7413        100     13     20      163.8     2592.4
7414        434     37     47      358.4     2606.7
7415        144     21     19      404.9     2591.7
7416        191     34     39     1452.1     2598.8
7417        173     20     33     2584.7     2598.9
7418        288     36     26     4166.0     2595.0
7419        201     32     23     4812.8     2593.0
7420        337     47     31      441.0     2596.2
7421        645     49     89      474.4     2623.1
7422        198     19     35      965.5     2602.3
7423        170     26     27     2195.1     2596.0
7424        100     20     14     2568.1     2590.6
7425        186     43     23     4135.5     2595.9
7426        188     32     24     4778.0     2596.0
7427        689     32     78      139.0     2620.6
7428        250     36     23     1112.0     2599.5
7429        128     19     20     1354.0     2595.5
7430        215     26     40     2049.0     2609.7
7431        203     26     29     2257.3     2599.8
7432        135     19     23     2976.2     2600.1
7433        206     26     22     5156.8     2597.9
7434        106     16     14     5199.3     2593.5
7435        417     34     47     5410.3     2609.2
7436        193     27     31      823.6     2603.5
7437        266     43     30     1282.6     2605.9
7438        137     28     18     2640.5     2598.1
7439        113     28     21     2765.6     2597.9
7440        161     33     22     2952.4     2597.0
7441        489     42     49     3297.5     2609.0
7442        216     39     19     3592.6     2597.1
7443        819     67     59     3704.9     2615.9
7444        458     53     44     4270.5     2613.6
7445        148     19     25     4925.6     2600.9
7446        187     20     36     5251.2     2606.6
7447        166     22     26     1414.4     2602.0
7448        164     17     36     1746.2     2606.5
7449        157     14     34     3042.9     2607.4
7450        234     22     34     5074.6     2607.0
7451        117     22     16      186.8     2601.6
7452        623     45     60      387.4     2619.6
7453        163     21     19      928.7     2601.0
7454        117     20     17     1382.0     2599.9
7455        109     19     18     2333.5     2600.2
7456        124     17     32     2462.6     2607.6
7457        339     52     36     2902.6     2607.6
7458        105     20     17     4010.8     2600.7
7459        285     28     31     4028.1     2607.9
7460        243     28     42     4757.0     2611.7
7461        108     21     19     5209.2     2601.2
7462        252     35     31       72.4     2606.5
7463        658     49     57      327.2     2625.6
7464        179     34     23     1078.5     2607.9
7465        293     34     35     1248.7     2612.1
7466        105     15     18     4185.5     2604.5
7467        252     20     35     4592.6     2611.4
7468        131     23     22      156.5     2606.1
7469        282     32     28     1026.0     2611.2
7470        123     17     24     2533.3     2606.3
7471        107     16     18     2790.8     2602.7
7472        108     21     17     2837.0     2606.7
7473       1163     64     74     3216.6     2625.9
7474        108     26     16     3435.4     2602.0
7475       3035    184     96     4069.6     2650.9
7476        107     17     18     4805.4     2605.9
7477        237     31     27     5026.6     2608.3
7478        187     33     23      636.8     2611.5
7479        110     28     18     3022.5     2605.9
7480        184     23     30     3269.7     2612.4
7481        309     32     31     4209.1     2613.1
7482        291     27     35     4236.5     2613.9
7483        275     24     44     1146.0     2620.2
7484        130     24     27     1699.4     2616.6
7485        180     29     23     1827.1     2614.3
7486        169     20     24     3345.5     2611.1
7487        149     21     16     4385.1     2607.6
7488        346     51     28     4825.0     2616.8
7489        112     30     13     5312.0     2606.8
7490        279     21     39      413.9     2620.4
7491        101     17     22     1968.4     2613.3
7492        303     26     39     3002.9     2622.6
7493        101     12     23     3603.9     2614.5
7494       1792     79     88     4607.9     2646.7
7495        172     28     20     4737.4     2612.8
7496        147     26     16     3096.8     2611.9
7497        205     24     34     4103.4     2621.0
7498        304     28     44     4339.1     2627.1
7499        134     23     14     4569.8     2611.7
7500        172     24     28     5366.3     2620.6
7501        200     33     24      713.4     2617.0
7502        114     23     16     2649.5     2613.5
7503        137     21     24     3175.3     2617.3
7504        826     60     47     3872.5     2627.7
7505        112     20     16     4325.8     2614.6
7506        242     32     29     5202.7     2618.9
7507        210     28     21      756.6     2618.4
7508        597     55     47      850.1     2632.2
7509        152     32     15     2100.5     2614.3
7510        340     36     27     4374.0     2622.5
7511        153     25     14     1880.6     2616.0
7512        126     24     20     2277.1     2617.6
7513        316     31     40     2489.7     2632.6
7514        226     40     27     2760.7     2622.6
7515        254     43     22     3458.3     2620.8
7516        158     30     13     5162.0     2616.8
7517        136     27     15      551.7     2621.4
7518       1159     87     74      919.2     2644.4
7519        217     28     23     2425.8     2623.5
7520        181     21     30     2978.4     2625.1
7521        803     69     53     3297.8     2640.8
7522       1067     62     80     3749.9     2646.6
7523        207     34     21     5013.3     2622.0
7524        168     22     28     5118.4     2623.6
7525        222     20     31      951.2     2628.7
7526        341     43     33     1086.9     2631.5
7527        120     26     14     1219.6     2621.2
7528        111     19     23     2357.7     2625.1
7529        115     17     26     3250.3     2627.7
7530        135     17     27     4299.5     2626.7
7531       5378    186    168     4376.0     2681.0
7532        114     24     17     4451.5     2623.2
7533        110     17     18     5459.2     2624.1
7534        271     32     23     1423.8     2628.2
7535        219     30     25     1543.3     2627.5
7536        110     29     18     2139.1     2625.4
7537        148     26     27     2597.5     2632.8
7538        100     17     16     2839.3     2624.4
7539        412     36     48     2906.3     2637.5
7540        118     23     20     3511.2     2626.9
7541        162     28     31     3573.2     2632.1
7542        233     35     27     4789.4     2629.4
7543        287     44     24     4923.6     2625.5
7544        135     25     21     5226.6     2625.8
7545        457     50     42      250.1     2636.3
7546        111     17     25      968.1     2630.1
7547        111     19     17     3097.6     2626.2
7548        101     22     17     3129.5     2625.2
7549        305     35     46     3479.8     2641.4
7550        563     51     44     3820.1     2643.3
7551        838     57     64     4154.4     2647.9
7552        342     36     31     4467.8     2633.3
7553        125     20     17      440.1     2627.6
7554        204     36     20     1841.7     2629.7
7555        443     49     30     2680.7     2633.8
7556        111     18     15     2931.4     2627.3
7557        129     17     23     3070.5     2632.0
7558        166     25     20     4558.1     2629.4
7559        155     23     20      724.7     2633.6
7560        274     45     30     1014.4     2637.1
7561        200     25     27     1176.0     2635.7
7562        103     17     20     1939.9     2631.3
7563        148     17     21     3154.6     2631.3
7564        106     18     17     3682.9     2633.2
7565        114     16     25     3915.6     2635.6
7566        218     22     38      982.7     2642.8
7567        159     21     23     1455.6     2635.6
7568        171     29     21     1482.0     2634.9
7569        174     28     23     1775.7     2636.1
7570        508     41     43     3106.9     2645.0
7571        404     35     48     3178.5     2647.2
7572        247     33     28     4266.1     2637.1
7573        121     16     23     4964.8     2635.4
7574        335     31     46      351.1     2653.5
7575        116     28     15      505.4     2633.4
7576        116     22     20     1511.8     2635.0
7577        175     24     27     3697.1     2639.6
7578        237     35     26     4645.7     2638.7
7579        286     41     25     4723.5     2641.3
7580        135     24     23     5254.8     2639.8
7581        205     25     34      202.9     2644.5
7582        104     29     13      800.3     2634.3
7583        155     26     27     1585.8     2642.7
7584        106     16     23     1972.2     2640.0
7585        113     21     17     2275.2     2637.8
7586        105     23     14     2791.9     2635.3
7587        136     29     15     2874.1     2634.7
7588        251     32     31     3423.2     2639.8
7589        594     53     45     3508.1     2649.1
7590        121     15     27     3738.4     2641.7
7591       1517     86     88     4185.9     2677.3
7592        170     25     34     4503.7     2646.4
7593        528     40     49     4529.5     2654.2
7594        315     40     34     4949.7     2645.9
7595        227     23     37     5133.5     2647.9
7596        374     33     60     1152.6     2662.3
7597        224     24     22     2650.6     2640.9
7598        148     26     20     4225.6     2641.9
7599        150     24     22     4328.5     2642.7
7600        595     48     65     5024.0     2662.1
7601        151     27     20     5371.7     2638.6
7602        131     11     31     5442.0     2646.7
7603       1208     92     79      633.9     2668.4
7604        352     47     34     2529.8     2648.0
7605        433     39     41     3445.6     2651.9
7606        106     13     22     5407.1     2642.1
7607        110     21     18     2213.5     2642.5
7608        403     42     31     2855.5     2649.6
7609        166     17     21     4488.7     2645.4
7610        161     23     19     4858.6     2643.9
7611        323     36     36     4913.9     2650.1
7612        165     18     39     5105.9     2654.9
7613        319     33     39      174.0     2653.7
7614        266     28     44      224.3     2658.0
7615        197     33     16      603.1     2645.3
7616        271     40     29     1071.1     2650.2
7617        280     40     34     1309.4     2654.8
7618        242     41     25     1938.6     2651.4
7619        180     36     15     2451.2     2642.1
7620        103     13     25     4185.5     2649.1
7621        182     26     26      443.2     2650.6
7622        335     62     22      538.6     2647.5
7623        125     14     34     1102.0     2653.7
7624        461     49     40     3710.3     2659.5
7625        111     20     16     4765.8     2646.5
7626        444     34     46     4804.0     2660.2
7627        101     10     25      375.0     2651.9
7628        147     38     19      730.8     2649.2
7629        188     20     32     2061.9     2656.1
7630        122     23     27     2581.0     2653.3
7631        253     37     23     2738.9     2652.2
7632        228     28     36     2828.0     2657.9
7633        250     26     46     5054.6     2664.0
7634        132     17     23       66.3     2654.7
7635        112     26     18      707.1     2650.6
7636        207     22     29     1614.1     2656.1
7637        109     26     15     1793.2     2650.4
7638        150     28     16     2625.0     2649.4
7639        458     47     44     2799.2     2668.9
7640        134     24     24     3131.2     2656.0
7641       1743     83     87     3835.7     2687.0
7642        543     49     42      800.1     2665.1
7643        468     58     44      843.3     2671.5
7644        231     20     33     1397.6     2659.9
7645        173     19     34     2142.0     2663.0
7646        102     19     16     3767.6     2651.7
7647        145     18     30     5090.7     2661.0
7648        118     19     19     5375.5     2652.7
7649        107     22     24     1454.1     2660.0
7650        259     48     33     2421.8     2659.8
7651        201     26     26     4251.3     2657.8
7652        733     65     51     4767.7     2672.8
7653        102     25     17     4827.7     2653.3
7654        564     53     56     4829.3     2675.2
7655        181     19     33     5337.1     2660.3
7656        427     54     29      988.2     2663.5
7657        618     53     49     3555.9     2677.6
7658        196     31     28     3639.3     2662.9
7659        193     28     24     3670.6     2660.8
7660        244     17     32     4981.6     2664.7
7661        186     26     22     5039.7     2659.4
7662        105     19     15     5164.4     2654.7
7663        105     17     16      682.3     2658.2
7664        102     17     21     1980.9     2658.6
7665        311     44     36     2480.7     2665.2
7666        132     24     27     2685.3     2661.2
7667        254     35     23     2976.2     2661.6
7668        128     26     15     4884.3     2657.1
7669        153     19     32       33.0     2666.3
7670        407     43     32      265.9     2669.0
7671        164     27     23      892.9     2662.8
7672        186     24     30     1233.4     2664.4
7673        243     30     24     2653.8     2665.1
7674        311     35     34     2893.6     2669.8
7675        106     17     23     3543.5     2662.6
7676        132     21     18     4681.3     2660.5
7677        170     38     17     5195.1     2660.6
7678        410     43     32      109.9     2669.6
7679        107     31     14      530.2     2659.6
7680        202     28     23     1038.3     2665.7
7681        118     29     18     1786.7     2665.0
7682        525     71     53     1848.0     2671.1
7683        234     27     34     3404.2     2673.4
7684       6172    156    197     3940.7     2735.4
7685        146     16     28     4480.2     2667.8
7686        412     50     29      315.4     2668.5
7687        108     20     22      909.2     2667.6
7688        110     19     17     1686.5     2664.8
7689        179     23     29     2514.0     2673.3
7690        103     20     16     2624.5     2663.2
7691        159     26     19     3256.0     2664.5
7692        247     34     33     3613.1     2677.3
7693        100     15     20     3962.7     2664.7
7694        127     28     20     4054.0     2667.0
7695        532     50     47     4510.0     2679.1
7696        127     21     14      385.9     2664.3
7697        101     20     16     2273.1     2664.1
7698       1388     63    115     4266.9     2706.3
7699        156     17     24      166.2     2670.6
7700        127     18     27     1930.9     2675.7
7701        547     44     67     2759.4     2697.5
7702        115     24     23     2860.9     2670.4
7703        103     23     18     3332.4     2672.4
7704        500     45     39     3371.8     2678.6
7705        497     57     35     4701.2     2677.5
7706        172     22     21     4943.0     2671.8
7707        109     17     24     1065.9     2674.3
7708        102     24     18     1526.4     2673.6
7709        111     16     21     1557.7     2673.3
7710        208     25     30     1605.0     2676.9
7711        265     36     35     2288.6     2679.0
7712        102     22     21     5133.9     2670.4
7713        128     19     16     5292.2     2670.2
7714        172     28     23      138.7     2672.0
7715        105     16     22      210.7     2673.7
7716        229     28     35      725.8     2681.7
7717        578     37     39     1286.4     2684.4
7718        132     30     16     1712.4     2672.5
7719        154     16     32     2485.5     2681.8
7720        141     26     32     2575.7     2680.6
7721        305     33     31     2726.2     2677.5
7722        112     21     17     3234.5     2672.7
7723        157     15     30     3284.3     2677.1
7724        101     31      9     3513.4     2668.8
7725        132     18     28     5217.8     2677.8
7726        120     24     20      435.0     2678.9
7727        202     29     25      504.2     2678.1
7728        293     30     39     1024.7     2684.8
7729        154     18     33     1119.0     2681.7
7730        103     20     18     1909.6     2675.6
7731        184     24     25     2046.6     2679.5
7732        253     36     27     2242.6     2677.8
7733        133     17     23     2614.4     2678.1
7734        417     45     50     3303.9     2692.6
7735        120     23     20     3630.0     2675.3
7736        155     18     25       13.4     2680.7
7737        587     71     45       80.4     2687.2
7738        169     18     25      196.0     2678.5
7739        139     21     24      473.7     2680.1
7740        145     21     28      965.9     2681.2
7741        106     21     15     1479.1     2675.3
7742        183     28     27     1547.7     2683.9
7743        321     41     35     1806.3     2686.8
7744        106     29     12     2121.0     2673.9
7745        310     35     35     2934.5     2687.9
7746       7091    167    194     4058.5     2756.6
7747        538     46     54     5070.9     2694.4
7748        233     28     38     5391.8     2688.8
7749        114     22     21      541.6     2678.6
7750        250     33     24      562.2     2681.4
7751        120     17     21      701.2     2681.7
7752        231     31     27     1370.5     2683.1
7753        299     49     37     1744.7     2687.9
7754        100     20     23     3001.3     2684.6
7755        168     36     28     3052.1     2680.5
7756        154     23     22     3128.1     2681.4
7757        282     39     41     3170.1     2689.7
7758        265     34     26     3684.7     2681.5
7759        119     22     19     3717.1     2681.7
7760        107     22     15     3989.0     2677.8
7761        102     17     27     4068.4     2683.1
7762        432     44     30     4467.3     2685.8
7763       1225     60     88     4566.3     2712.3
7764        249     41     35     4909.0     2684.9
7765        183     22     32     5195.2     2686.5
7766        291     31     34     5234.9     2691.5
7767        114     18     22      666.7     2682.4
7768        102     23     19     1975.1     2682.0
7769        991     76     98     3364.1     2727.7
7770        261     25     36     4052.1     2686.5
7771        151     15     24     4283.2     2685.6
7772        135     26     16     5163.1     2680.3
7773        170     23     26      355.5     2685.4
7774        128     26     15     1415.7     2681.2
7775        117     24     24     1469.6     2685.9
7776        119     31     19     2503.7     2687.4
7777        191     15     38     2595.2     2692.2
7778        383     37     33     2696.9     2691.2
7779        491     39     52     3207.6     2697.4
7780        465     46     34     3488.2     2691.7
7781        615     42     58     3666.2     2704.1
7782        103     16     20     4887.6     2684.9
7783        756     70     59      142.5     2706.5
7784        358     42     25      170.7     2690.3
7785        759     59     52     2866.1     2700.9
7786        306     34     32     3255.2     2692.2
7787        682     53     45     3447.7     2696.4
7788        462     52     36     4621.3     2694.4
7789        687     61     55     4657.1     2704.2
7790        296     39     39     4860.8     2696.4
7791        208     17     36     5180.3     2693.6
7792        243     38     26      213.5     2691.8
7793        136     18     33     1920.8     2694.0
7794        393     49     41     2442.4     2703.7
7795        129     26     17     2453.8     2687.0
7796        145     36     15     3077.5     2684.2
7797        121     13     22     3191.2     2689.9
7798        123     14     31     3762.3     2696.2
7799        442     42     60      974.6     2713.0
7800        102     23     15     1311.9     2686.5
7801        232     31     35     1527.0     2695.2
7802        151     26     24     2153.3     2692.1
7803        305     29     36     4973.6     2696.3
7804        129     19     24     5149.3     2692.3
7805        122     18     25     5261.4     2693.7
7806        312     40     37      265.5     2695.7
7807        109     19     23      300.4     2696.3
7808        406     35     54      926.2     2711.5
7809        325     37     32     1386.3     2699.2
7810        106     20     18     1650.4     2691.5
7811        105     26     11     3598.6     2688.4
7812        130     24     18     4502.5     2693.4
7813        376     35     49      816.0     2704.3
7814        120     19     22      949.3     2693.9
7815        173     29     24     1144.7     2695.4
7816        146     26     20     1444.1     2695.4
7817        145     26     25     2182.4     2694.7
7818        375     40     48     2564.9     2707.3
7819        107     22     17     2975.1     2694.6
7820       1703     89    108     3693.8     2735.6
7821        171     22     27     3736.9     2697.9
7822        177     19     28     4941.0     2697.3
7823        150     25     22     5096.3     2697.3
7824        398     49     46     5134.7     2704.5
7825        130     25     24      778.7     2698.8
7826        172     33     18     4719.1     2694.7
7827        111     13     22      321.2     2700.7
7828        246     41     16      430.8     2694.9
7829        127     16     22      739.5     2701.1
7830        176     18     33      851.5     2702.8
7831        217     26     35     1415.3     2702.8
7832        152     21     20     2016.8     2699.3
7833        125     20     21     2245.2     2698.8
7834        479     46     58     2629.6     2717.3
7835        198     23     23     4442.4     2700.1
7836        130     25     23     5366.8     2700.8
7837        155     32     20      535.4     2698.6
7838        461     34     43     1783.7     2711.7
7839        324     42     37     3036.8     2707.8
7840        220     27     28     3108.5     2704.1
7841        145     22     18     3377.4     2698.4
7842        128     24     25     3647.2     2700.2
7843        236     29     27       37.0     2705.2
7844        150     24     16      696.3     2699.1
7845        324     39     29     1562.3     2706.4
7846        213     32     31     1601.2     2707.6
7847        107     18     21     2079.4     2704.8
7848        448     51     39     3076.5     2712.6
7849        196     25     24     4924.0     2704.3
7850        194     25     24      345.5     2706.5
7851        473     39     39     2490.7     2712.3
7852        222     34     24     3554.4     2706.7
7853        159     34     14     3603.7     2699.8
7854        605     48     38     4217.3     2711.7
7855        947    100     49     4807.8     2721.9
7856        231     23     31     5315.4     2709.2
7857        195     17     33      756.1     2711.2
7858        176     17     29      900.9     2711.9
7859        172     24     29     1479.0     2710.4
7860        142     18     27     2283.9     2710.3
7861        267     29     26     3139.6     2708.0
7862        169     24     32     3281.5     2714.2
7863        338     30     32     3875.5     2712.8
7864        305     35     24     4472.9     2707.4
7865        225     29     25     4728.3     2709.7
7866        226     31     32     4747.4     2711.2
7867        134     20     16      155.3     2705.9
7868        100     20     18     1961.9     2707.4
7869        145     25     17     3015.6     2707.3
7870        228     29     27     3524.0     2709.8
7871        274     32     35     5025.3     2712.4
7872        111     18     19        8.1     2709.6
7873        143     24     17      107.9     2709.2
7874        426     46     38      234.5     2720.5
7875        249     26     39      713.6     2723.3
7876        161     29     34     1027.9     2716.1
7877        143     21     21     2309.5     2710.3
7878        113     25     15     5211.2     2708.4
7879        330     25     44      608.9     2723.6
7880        196     26     37     1878.8     2723.7
7881        123     17     21     2728.2     2712.3
7882        472     49     44     2916.0     2723.6
7883        132     22     22     3631.4     2710.4
7884       1107     56     67     4166.6     2739.3
7885        935     74     51     4523.4     2725.0
7886        104     16     22     5110.4     2711.4
7887        111     12     27      200.3     2716.6
7888        261     35     38      366.9     2721.4
7889        104     16     16      392.5     2711.9
7890        148     31     19      436.5     2714.8
7891        348     52     31      490.9     2721.2
7892        598     46     51      534.9     2733.9
7893        207     25     26     1227.1     2719.0
7894        148     24     26     1738.8     2712.9
7895        113     17     20     1888.5     2714.5
7896        251     43     21     2230.0     2712.8
7897       1459    122     59     3544.0     2732.7
7898        129     24     20     4878.9     2712.7
7899        205     25     25     5418.7     2717.3
7900        129     14     22     1438.2     2716.2
7901        142     16     28     1808.6     2719.5
7902        106     14     19     1917.9     2715.1
7903        226     28     27     2383.2     2718.6
7904       2134    123     73     3796.1     2743.0
7905        649     82     41     4317.6     2721.7
7906        190     28     36     5346.3     2724.0
7907        102     14     25     1679.3     2720.0
7908        183     29     33     2794.4     2723.3
7909        155     24     22     2831.6     2718.7
7910       2722    108    108     4447.7     2758.3
7911        189     24     31     5201.0     2725.3
7912        187     38     21     5444.4     2719.6
7913        111     14     29     1864.9     2724.5
7914        468     42     37     2739.9     2729.5
7915        301     21     36     3245.2     2727.9
7916        131     22     16     3757.0     2717.9
7917        110     13     27     4247.3     2725.1
7918        111     28     19       70.1     2720.7
7919        101     18     22      407.2     2719.6
7920        104     18     22     1260.2     2723.1
7921        201     29     29     2595.2     2724.4
7922        145     28     26     3307.2     2726.6
7923        202     31     25     3401.8     2725.1
7924       3374    118    141     4633.1     2788.6
7925        195     24     23     5290.5     2723.3
7926        363     29     42      270.7     2734.4
7927        197     24     27     2411.1     2727.7
7928        186     33     22     2704.9     2726.3
7929        263     31     34     3154.4     2732.5
7930        139     22     21     3170.1     2725.0
7931        730     49     72     3477.2     2748.5
7932        100     18     24     4196.3     2728.3
7933        101     26     10     4923.4     2718.4
7934        410     32     40     4967.7     2732.2
7935        267     44     26     5173.5     2726.2
7936        324     36     30     5240.2     2728.0
7937        421     27     44       12.8     2739.1
7938        226     27     39     1337.4     2732.4
7939        113     23     19     1657.2     2724.6
7940        385     48     32     1968.3     2728.7
7941        287     44     30     2251.6     2730.0
7942        117     24     19     2558.9     2727.4
7943        138     25     19     3226.9     2725.6
7944        646     55     56     3891.1     2744.1
7945        129     17     26     4994.1     2726.2
7946        106     19     21     5124.5     2724.9
7947        194     23     28       86.2     2732.0
7948        315     30     34      185.8     2733.8
7949        160     20     20      302.1     2727.2
7950        114     12     29     1064.0     2731.7
7951        118     17     32     2669.7     2735.2
7952        141     28     19      347.9     2731.2
7953        196     30     31      776.1     2734.1
7954        121     18     18     1473.9     2728.3
7955        255     31     25     2295.8     2733.7
7956        119     16     21     2431.1     2731.5
7957        152     30     14     2449.7     2726.0
7958       2804    109    103     4738.8     2771.3
7959        424     63     30     4894.4     2732.9
7960        187     22     27     5099.5     2733.1
7961        135     13     32     5261.9     2736.2
7962        196     17     36      392.2     2739.4
7963        485     48     36      831.2     2741.5
7964        167     19     27     1197.4     2735.5
7965        146     18     23     2943.7     2734.7
7966        498     58     37     3426.4     2739.2
7967        374     45     34     3644.1     2742.3
7968        197     21     29      919.6     2736.5
7969        199     27     38     1751.5     2740.1
7970        170     18     23     3133.8     2735.1
7971        247     29     32     3325.6     2739.8
7972        449     38     45     3729.8     2746.5
7973        112     27     15     4673.0     2731.9
7974        307     41     51     4688.2     2748.2
7975        201     26     25     1033.6     2740.7
7976        118     18     22     1539.9     2737.9
7977        165     24     31     1559.0     2740.2
7978        135     18     30     3033.6     2741.2
7979        179     23     27      227.4     2743.0
7980        159     27     21      450.5     2738.3
7981        115     28     17      659.4     2737.0
7982        104     14     22      870.4     2736.0
7983        316     31     45     1641.7     2747.2
7984        183     31     20     1777.8     2736.8
7985        160     15     32     2209.8     2744.0
7986        121     23     18     3019.5     2738.1
7987       2994    175    136     4284.4     2801.2
7988        179     32     28     5302.2     2743.4
7989        122     19     24      755.6     2743.2
7990        107     21     18     1729.0     2739.5
7991        181     30     34     2777.7     2748.4
7992        206     28     17     3051.6     2739.3
7993        215     38     30     3615.3     2743.5
7994        117     15     24     3920.7     2739.4
7995        435     42     36     4219.8     2747.7
7996        247     34     22     4349.6     2740.7
7997        270     26     32     4931.2     2745.8
7998        334     38     51     5170.5     2754.7
7999        119     15     27     5224.9     2743.8
8000        124     23     20     5383.1     2739.3
8001        115     19     21      501.8     2742.8
8002        119     24     17      941.4     2741.4
8003        139     25     26     1248.4     2747.6
8004        150     21     22     1831.4     2743.4
8005        149     20     25     1943.3     2746.0
8006        202     33     26     2555.3     2742.6
8007        134     18     18     3509.3     2742.2
8008        421     33     47     5042.9     2752.3
8009        114     25     15      417.0     2742.0
8010        101     15     19      567.2     2741.5
8011        210     26     26     1918.6     2746.8
8012        140     27     22     2531.1     2744.5
8013       1731     71     96     4136.5     2792.4
8014       1303     68     78     5001.6     2775.4
8015        158     23     22     5146.2     2745.0
8016        196     23     28     1495.7     2752.3
8017        125     18     22     2986.1     2746.2
8018        544     46     41     3276.1     2759.0
8019        253     22     33     3304.2     2751.3
8020        244     31     30     3588.1     2751.8
8021        198     27     23     3822.2     2747.4
8022        104     22     14      160.4     2743.9
8023        130     24     20      692.3     2748.4
8024        156     21     19     1137.8     2747.7
8025        130     21     23     2421.9     2747.3
8026        199     32     39     2764.6     2760.3
8027        406     34     43     3351.3     2759.1
8028        596     31     62     4250.9     2769.4
8029        137     26     17      335.8     2748.0
8030        292     31     29      460.4     2757.8
8031        104     19     19     2022.2     2750.3
8032        125     34     17     2451.4     2749.9
8033        176     19     29     2492.5     2756.3
8034        556     56     42     2845.9     2760.4
8035        125     21     16     4782.8     2748.4
8036        104     19     19     5071.6     2748.0
8037        556     52     40     5225.1     2762.1
8038        129     21     19       42.4     2752.2
8039        557     71     40      347.2     2760.3
8040        208     24     40      432.5     2763.4
8041        124     24     17      575.5     2752.0
8042        113     17     18      627.9     2751.7
8043        193     29     20      894.6     2751.6
8044        158     30     23     1395.1     2757.2
8045        222     25     29     2359.0     2757.2
8046        929     47     84     3526.5     2774.8
8047        102     14     14     4815.5     2750.2
8048        237     29     28       86.9     2756.1
8049        524     46     57      656.9     2769.5
8050        101     20     14     1082.4     2749.4
8051        113     17     13     1275.0     2751.0
8052        100     16     20     2560.5     2754.2
8053        162     22     23     3800.3     2753.4
8054        292     33     29      137.0     2763.6
8055        120     19     16      288.9     2754.0
8056        216     21     30      411.5     2760.6
8057        131     17     22     1177.1     2758.3
8058        308     30     37     2139.7     2763.5
8059        131     21     21     2223.7     2755.1
8060        202     20     36     2605.2     2767.8
8061        169     29     20     2904.3     2755.7
8062        491     40     38     3073.7     2764.2
8063        142     27     14     3118.8     2752.2
8064        308     47     31     3140.9     2761.3
8065        401     44     29     5118.0     2759.2
8066        142     27     17     5421.3     2753.4
8067        355     39     39      166.3     2767.0
8068        171     24     20     1603.4     2757.4
8069        156     20     33     1629.5     2763.5
8070        191     34     18     2320.0     2754.1
8071       1508    113     69     3458.3     2785.2
8072        122     18     28     4524.3     2760.7
8073        172     25     19     5351.5     2757.5
8074        167     16     24     1193.3     2761.5
8075        154     19     25     2505.2     2764.5
8076        150     38     13     2686.3     2755.6
8077        999     74     58     4569.4     2778.2
8078        420     40     46     4838.6     2770.7
8079        694     67     70     5358.4     2783.3
8080        172     18     34      867.9     2769.3
8081        158     25     19     2660.5     2762.0
8082        213     27     33     2806.4     2767.4
8083        219     33     23     3924.4     2763.5
8084        107     16     22     4819.8     2762.5
8085        175     23     29       57.1     2770.7
8086        177     30     26      843.1     2768.0
8087        292     27     31     1017.8     2770.9
8088        134     17     24     1066.6     2767.0
8089        135     29     22     1087.9     2762.7
8090        332     37     35     1145.1     2769.3
8091        212     23     40     2786.9     2775.6
8092        109     14     21     2881.8     2762.6
8093        105     22     14     3197.5     2759.8
8094        628     60     54     3633.7     2778.3
8095       2705    142     96     3825.8     2810.0
8096        837     56     75     4402.3     2795.3
8097        463     33     51     5320.3     2781.9
8098        107     25     19      701.6     2764.5
8099        176     21     28      772.8     2769.7
8100        168     20     28     2470.8     2766.8
8101        101     25     13     2724.6     2761.9
8102        167     26     24     3033.3     2767.6
8103        180     29     26     3172.7     2767.9
8104        214     34     31     3769.8     2776.4
8105        270     28     36     5061.9     2773.5
8106        120     22     19      104.6     2768.8
8107        582     53     42      215.6     2778.0
8108        152     33     16      266.5     2764.3
8109        122     29     14      745.7     2764.1
8110        405     49     56     1702.6     2790.4
8111        152     21     26     2442.0     2772.0
8112        558     55     43     2636.0     2775.5
8113        150     25     17     2690.4     2768.1
8114        133     24     18     2747.1     2766.2
8115        121     15     28     3012.9     2770.3
8116        146     26     19     4193.8     2767.1
8117        157     21     27     5086.5     2771.0
8118        160     27     24      302.5     2769.8
8119        198     22     28     2031.0     2776.3
8120        242     25     36     2257.2     2779.5
8121        302     36     38     2991.0     2776.3
8122        122     28     14     5188.7     2767.7
8123        248     33     29      368.0     2774.5
8124        149     29     31      547.4     2772.7
8125        106     24     13     1411.5     2768.5
8126        103     22     19     1875.2     2771.4
8127        124     15     28     2278.2     2777.2
8128        210     27     46     2742.9     2786.5
8129        315     46     31     2932.4     2777.0
8130        279     36     29     3819.1     2777.1
8131        143     20     23     5453.4     2774.3
8132        185     24     24       14.3     2775.4
8133        146     18     26       71.5     2778.9
8134        138     25     20      394.6     2774.1
8135        118     21     18      611.0     2775.2
8136        105     24     13      723.7     2771.6
8137        334     49     34     1048.4     2785.0
8138        176     31     21     1273.0     2773.7
8139        157     18     30     1358.9     2777.3
8140        101     20     16     1984.9     2771.9
8141        124     26     15     2312.1     2771.9
8142        193     26     22     2903.1     2776.2
8143        209     19     37     3880.4     2782.8
8144        703     59     52     4201.0     2783.8
8145        151     28     19     5144.2     2773.6
8146        646     45     50      275.9     2794.5
8147        154     40     22     1540.1     2778.7
8148        199     22     25     2872.0     2779.6
8149        125     17     25     2962.4     2776.8
8150        111     15     21     3049.3     2776.6
8151        213     33     24     3219.1     2778.0
8152        817     65     71     3368.7     2798.1
8153       1062     85     68     4500.2     2796.6
8154        141     15     28     4801.5     2780.4
8155        281     39     24     4908.8     2778.1
8156        144     31     21     5406.8     2776.1
8157        831     99     56      446.0     2796.9
8158        152     19     22     1375.5     2779.2
8159        265     41     29     1894.6     2782.0
8160        138     17     24     2716.0     2779.3
8161        271     23     44     3561.8     2790.7
8162        229     32     24     3734.8     2778.6
8163        100     27     14      676.2     2777.0
8164        112     15     21     1237.0     2780.3
8165        181     20     23     1778.2     2780.2
8166        243     39     26     2070.9     2783.4
8167        140     16     28     2481.0     2781.9
8168        659     45     39     3590.7     2788.7
8169        112     23     27      919.7     2784.5
8170        105     18     23     1811.7     2783.5
8171        107     31     17     2102.1     2780.0
8172        255     34     27     2338.3     2783.6
8173        130     26     27     2387.5     2785.2
8174        352     40     43     3167.4     2793.3
8175        254     33     35     3256.7     2786.6
8176        112     19     25     3316.7     2783.9
8177        502     38     41     3696.0     2794.8
8178        157     23     24     4165.9     2784.0
8179        241     28     23     4358.2     2783.9
8180        183     19     26     4942.9     2784.7
8181        379     48     35     5220.7     2790.5
8182        191     26     27       42.3     2789.2
8183        335     27     53      122.7     2795.7
8184        132     26     22      307.9     2784.4
8185        316     48     53     1302.8     2797.4
8186        156     25     21     1401.6     2785.7
8187        306     34     26     2504.8     2787.1
8188        731     60     66      731.8     2812.5
8189        142     34     16     1460.7     2784.7
8190        257     39     29     3961.2     2791.9
8191        137     22     21     5180.6     2786.5
8192        141     18     28       84.1     2791.5
8193        184     23     31      718.4     2792.6
8194        101     20     15     2417.1     2784.5
8195        135     24     20     5430.1     2787.9
8196        140     19     27     2090.8     2795.0
8197        305     26     44     2615.9     2800.1
8198        252     24     33     2765.2     2796.5
8199        530     51     42      610.3     2803.3
8200        110     15     17      878.9     2790.7
8201        250     37     22      981.0     2792.6
8202        109     22     20     1140.1     2792.3
8203        107     17     20     2225.2     2795.1
8204        109     20     18     2824.5     2791.5
8205        305     45     23     3138.0     2796.6
8206        129     20     18     3797.0     2791.3
8207        109     18     15     4786.6     2791.1
8208        136     16     24     5141.5     2793.0
8209        152     18     30      500.7     2800.1
8210        655     45     60      543.1     2807.3
8211        117     28     23     1556.9     2797.1
8212        114     15     22     1671.7     2795.3
8213        204     27     23     1860.4     2791.3
8214        241     37     30     2443.9     2797.3
8215        219     39     24     3060.6     2794.8
8216        206     35     31     4878.6     2800.9
8217        123     21     18     5054.9     2791.3
8218        285     38     32      227.6     2803.7
8219        148     25     20      694.4     2796.6
8220        190     20     37     1015.6     2804.9
8221        133     22     26     1266.2     2795.0
8222        375     33     39     1577.7     2805.0
8223        106     17     15     2584.0     2793.8
8224        216     34     34     3236.2     2800.1
8225        141     21     19     3621.7     2792.6
8226        158     19     22     3719.5     2797.1
8227        131     20     17     4903.3     2794.4
8228        268     32     39     1639.4     2808.9
8229        799     49     70     2040.1     2817.3
8230        111     32     11     2884.1     2793.5
8231        248     22     39     3278.2     2809.7
8232        234     25     25     4850.2     2800.2
8233        162     21     20       96.3     2800.5
8234        600     42     53      148.7     2817.6
8235        120     20     25     1469.6     2803.7
8236        280     45     27     2701.6     2801.3
8237        415     43     41     2939.1     2810.4
8238        141     20     27     2982.1     2806.0
8239        100     17     13     3757.2     2797.0
8240        128     23     18     5121.5     2799.3
8241        138     34     14     5374.8     2796.7
8242        356     42     33       21.1     2809.8
8243        226     35     22     1240.0     2802.8
8244        281     34     31     1951.1     2806.8
8245        230     30     40     2202.3     2815.0
8246        196     30     22     2323.7     2803.2
8247        291     35     39     2844.0     2813.5
8248        132     19     24     4621.7     2806.1
8249        100     15     15     4814.3     2799.0
8250        136     26     15     5168.1     2800.8
8251        235     31     30      847.4     2809.7
8252        101     22     13     1776.9     2800.4
8253        167     27     24     1792.1     2807.4
8254        113     17     27     2012.7     2808.1
8255        223     27     31     2555.7     2807.3
8256        142     20     25     2911.4     2808.2
8257        310     33     39     3013.5     2815.7
8258        405     45     47     3413.6     2815.4
8259        542     43     41     4228.6     2816.1
8260        148     24     23     4250.4     2804.5
8261        164     30     24     5204.4     2807.8
8262        252     29     33      247.8     2811.7
8263        106     20     21      309.6     2803.7
8264        469     44     49      318.6     2822.9
8265        282     45     29     1153.2     2809.1
8266        118     21     14     1881.6     2802.8
8267        203     26     30     2674.2     2811.2
8268        168     20     23     4092.8     2807.0
8269        165     24     24     4791.8     2808.9
8270        196     32     20     5259.3     2805.2
8271        353     34     39      372.3     2814.3
8272        315     30     41      465.8     2815.0
8273        221     33     29     1748.4     2813.3
8274        258     35     34     1900.4     2816.2
8275        267     39     26     2882.2     2809.2
8276        164     31     13     4538.9     2804.9
8277        670     56     56     5014.4     2826.9
8278        192     30     24     5097.8     2810.9
8279        127     16     16      674.0     2807.7
8280        204     32     26     1390.1     2813.3
8281        103     24     16     1618.8     2808.1
8282        118     25     14     2597.3     2806.7
8283        275     29     29     3731.4     2815.1
8284        118     29     11     4938.8     2805.3
8285        117     19     20     4997.2     2809.4
8286        862     63     51       93.6     2825.0
8287        122     20     20      350.4     2811.7
8288        301     28     45      921.0     2826.2
8289        113     24     16     2075.5     2808.9
8290        292     40     40     2171.5     2824.0
8291        189     27     26     2465.4     2816.6
8292        233     31     26     2494.5     2812.3
8293        220     26     31     2714.1     2817.3
8294        404     41     33     2809.3     2816.6
8295        725     71     52     3177.6     2828.0
8296        453     37     48     3307.3     2830.7
8297        177     22     25     3507.3     2814.5
8298        132     21     18     3661.7     2812.6
8299        243     29     27     3883.2     2815.2
8300        284     39     31     3981.5     2817.7
8301        227     22     27     4964.3     2816.5
8302        188     32     28     1123.7     2820.7
8303        165     24     29     2245.1     2819.5
8304        359     34     50     2415.2     2827.7
8305        256     26     30     2646.2     2818.5
8306        164     23     25     3256.1     2820.4
8307        537     47     33     3381.5     2821.2
8308        102     18     15     3681.4     2812.1
8309        493     48     44     4451.1     2822.8
8310        120     23     20     4826.8     2811.8
8311        194     20     33     5133.4     2822.1
8312        100     12     28     5463.6     2815.7
8313        539     65     38      595.6     2824.9
8314        325     52     26      815.2     2818.5
8315        119     19     22     1063.3     2815.8
8316        107     12     24     1295.0     2817.6
8317        211     51     32     1474.0     2821.2
8318        403     43     32     3127.1     2821.9
8319        349     42     28     3445.9     2818.6
8320       9011    312    150     3689.1     2875.6
8321        171     24     20     4735.9     2814.2
8322        179     34     19     5168.5     2814.6
8323        239     30     23     5317.3     2818.2
8324        106     19     14      645.5     2812.4
8325       1086     61     82     3226.8     2850.7
8326        133     30     17     3333.5     2817.9
8327        415     62     28     4376.1     2822.8
8328       1104     77     79     4727.1     2844.8
8329        121     26     20      296.9     2818.0
8330        184     27     24      501.1     2822.2
8331        149     29     21     1257.9     2818.9
8332        100     18     20     1545.3     2817.9
8333        111     17     22     1830.9     2819.9
8334        101     23     24     1988.3     2820.7
8335        134     22     16     3173.5     2818.9
8336        620     49     57     3500.2     2838.5
8337        141     23     25     3709.9     2824.0
8338        301     27     33     2146.3     2830.0
8339        275     45     18     2764.0     2821.1
8340        100     15     16     4564.4     2819.4
8341        103     22     14     4640.2     2819.0
8342        133     21     23     5381.4     2823.6
8343        328     33     30      222.3     2831.2
8344        204     32     33     1357.2     2833.8
8345        264     27     33     3097.4     2831.9
8346        520     52     33     4031.2     2830.0
8347        433     54     31     4538.2     2828.8
8348        128     18     21     5147.9     2823.5
8349        118     22     19     5255.4     2823.3
8350        413     49     46      276.2     2838.9
8351        139     19     21      526.4     2825.4
8352        106     23     18      682.4     2825.2
8353        601     46     59     1205.2     2845.0
8354        258     27     28     1419.4     2830.1
8355        243     21     47     1796.4     2842.7
8356        205     23     33     2269.4     2838.3
8357        138     31     21     2312.9     2827.2
8358        232     19     38     2432.3     2837.5
8359        198     38     19     2974.1     2829.0
8360        294     36     27     4777.7     2831.9
8361        101     19     13     4872.6     2825.9
8362        558     43     46     4938.0     2840.6
8363        471     35     45       25.9     2843.9
8364        170     24     18       52.8     2829.6
8365        109     15     26      382.2     2834.5
8366        277     38     27     2786.7     2834.8
8367        179     30     20     3966.8     2829.9
8368        128     17     28     4811.6     2831.8
8369        206     28     22     5099.0     2832.0
8370        307     33     50     5226.3     2843.2
8371        220     24     35     5346.2     2841.7
8372        354     27     47      399.7     2841.8
8373        283     29     37      981.5     2839.4
8374        135     19     23     1184.0     2835.2
8375        233     33     24     2590.6     2833.0
8376        124     19     22     2698.7     2834.2
8377        479     52     31     3043.9     2837.8
8378        397     41     52     3332.0     2852.1
8379       3106    120     91     4138.6     2864.7
8380        101     20     16     5045.7     2828.1
8381        445     59     36      789.4     2842.1
8382        117     25     14     1068.4     2830.1
8383        115     20     16     1717.1     2833.6
8384        122     24     19     2099.3     2832.6
8385        110     23     23     2622.3     2836.4
8386        151     22     22     2731.8     2835.8
8387        253     26     38     4467.2     2843.9
8388        370     27     47      868.3     2849.2
8389        165     27     23     2331.0     2837.0
8390        174     24     26     2452.5     2836.7
8391        155     25     21     2541.6     2833.9
8392        135     21     19      419.0     2837.6
8393        252     38     27      749.6     2841.3
8394        308     44     39     2126.8     2846.4
8395        153     29     15     2869.2     2834.9
8396        129     19     23     2924.3     2838.6
8397        720     58     51     3276.4     2853.9
8398        109     16     17     4189.2     2835.7
8399        333     40     33     4304.2     2842.8
8400        596     41     45     4341.4     2847.6
8401        171     29     19     4422.8     2837.6
8402        198     33     34     4658.2     2843.1
8403        127     17     26      472.4     2844.2
8404        108     23     15      955.8     2838.7
8405        176     30     26     1035.2     2842.2
8406        163     29     24     1090.9     2839.6
8407        125     31     14     1680.8     2838.1
8408        120     17     19     3445.8     2841.7
8409        208     26     25     3888.6     2840.3
8410        461     41     52     4880.9     2854.0
8411        160     28     22     4908.6     2842.0
8412        102     19     24     4988.2     2841.7
8413        212     31     39     5410.5     2849.0
8414        186     30     29      194.5     2847.5
8415        430     44     43      340.7     2856.4
8416       1142     85     94     1985.5     2879.9
8417       2225    162     67     3957.4     2863.7
8418       1441     84     82     4392.1     2865.3
8419        397     38     42     4492.0     2854.0
8420        149     20     23     4520.3     2843.1
8421        125     18     20     5447.7     2844.0
8422        249     32     24      447.5     2845.3
8423        255     42     26      537.6     2846.7
8424        101     33     20     1143.2     2845.1
8425        236     35     20     1273.3     2843.4
8426        598     57     47     5089.2     2853.8
8427        229     33     37      320.9     2852.6
8428        100     14     25      370.8     2846.7
8429        149     22     20     1928.9     2845.9
8430        105     16     22     2499.0     2847.7
8431        106     16     22     2852.0     2846.9
8432        153     30     17     2968.4     2845.3
8433        222     27     28     3120.4     2849.1
8434        264     41     22     3357.5     2845.9
8435        243     26     42     3758.4     2853.2
8436        773     80     48     4550.4     2858.8
8437        240     35     24      496.3     2847.9
8438        182     31     17      683.4     2845.4
8439        131     26     20     1637.0     2846.3
8440        197     27     27     3391.3     2850.2
8441        142     25     21     3837.6     2847.5
8442        122     19     20     5307.0     2848.0
8443        112     22     23      591.7     2851.9
8444        314     33     44      659.3     2863.4
8445        210     34     27      728.5     2854.4
8446        166     23     29     1606.7     2853.9
8447        176     27     23     2776.1     2852.2
8448        104     22     16     4820.6     2845.8
8449        296     27     30     5138.2     2853.2
8450        230     34     43      928.2     2868.1
8451        227     19     37     1158.4     2859.1
8452        135     16     26     2748.5     2854.5
8453        101     19     17     2869.7     2850.4
8454        491     41     36     4642.3     2858.9
8455        278     31     33      107.8     2862.5
8456        780     76     49      150.2     2866.2
8457        143     28     20      419.9     2854.7
8458        125     20     23      969.3     2857.0
8459        151     23     33     1766.2     2860.7
8460        184     38     29     2193.6     2856.3
8461        116     34     15     2688.9     2852.0
8462        146     19     23     3024.3     2856.3
8463        197     22     27     3538.8     2855.5
8464        151     23     22     5197.1     2857.6
8465        144     23     24     5255.0     2856.1
8466        171     29     28     1128.0     2857.4
8467        182     43     24     1906.5     2857.2
8468        131     22     18     2107.9     2856.4
8469        448     63     33     2290.8     2863.1
8470        526     54     54     2665.4     2873.2
8471        145     21     21     3095.7     2856.5
8472        114     21     14     4687.4     2851.2
8473        107     28     17       55.8     2858.3
8474        107     12     21     1100.2     2857.3
8475        116     29     18     1575.0     2858.0
8476        296     51     29     1712.6     2860.7
8477        207     20     31     2345.1     2862.1
8478        222     26     26     2948.1     2862.2
8479        157     22     28     3486.1     2860.4
8480        118     16     21     4001.0     2856.9
8481        586     37     62     4447.8     2876.7
8482        164     24     23     4789.8     2860.6
8483        580     49     48      797.5     2870.5
8484        134     20     27     1747.7     2861.4
8485        192     39     14     2545.1     2857.1
8486        191     28     23     2606.9     2861.6
8487        201     23     23     2628.6     2862.4
8488        474     47     55     2976.3     2879.8
8489        127     15     22     3076.2     2860.1
8490        115     24     16     4055.0     2856.6
8491        138     22     17     4294.5     2857.9
8492        151     32     21      458.1     2861.9
8493        214     21     39      525.7     2871.8
8494        116     23     19     1330.6     2862.4
8495        131     17     29     1522.3     2863.5
8496        183     18     37     1674.3     2869.5
8497        227     39     25     2030.8     2866.1
8498        138     20     28     2375.9     2866.3
8499        200     28     26     2809.5     2864.9
8500        256     33     27     3866.9     2868.2
8501       2353    100    138     4273.0     2935.6
8502        585     49     62     4689.3     2878.6
8503        854     54     58     5035.9     2876.7
8504        282     32     31      380.9     2870.2
8505        116     22     17     5280.3     2861.1
8506        737     67     50     5319.8     2875.2
8507        101     21     16      217.8     2863.4
8508        234     29     29      270.6     2870.3
8509        200     25     37      880.6     2877.4
8510        104     21     14     2765.1     2865.1
8511        167     26     22     2867.6     2866.6
8512        126     19     19     3123.0     2864.6
8513        123     18     19     3162.7     2864.4
8514        262     20     45     3357.4     2878.4
8515        122     35     19     3387.9     2866.8
8516        282     37     39     3845.8     2877.6
8517        385     47     30     4602.4     2870.3
8518        270     41     34     4856.8     2869.5
8519        406     34     40     4996.7     2876.1
8520        102     19     16     5070.5     2864.9
8521        173     25     20      549.4     2866.7
8522        216     31     22      610.2     2869.6
8523        258     34     35      692.5     2878.8
8524        210     26     28     4821.5     2872.2
8525        130     18     22     5108.7     2868.1
8526        271     23     33      847.2     2874.2
8527        381     43     35      992.5     2878.2
8528        157     38     20     1122.0     2871.1
8529        121     15     29     3193.4     2874.4
8530        273     49     36     3387.4     2881.2
8531        171     22     21     3744.2     2869.1
8532        149     28     21     4663.8     2872.1
8533        107     15     23     4970.2     2872.3
8534        728     80     55       70.3     2890.2
8535        130     26     20     1871.8     2873.2
8536        197     43     23     2548.9     2872.9
8537        182     25     32     4920.6     2874.9
8538        100     24     12      419.8     2869.6
8539        202     21     34      561.8     2881.5
8540        329     35     38     2308.2     2887.6
8541        476     34     37     2924.3     2879.5
8542        936     60     73     3149.1     2905.4
8543        124     28     14     4037.2     2870.6
8544        212     37     30     4225.1     2878.8
8545        102     20     15     4783.6     2872.5
8546        210     23     25      288.7     2879.8
8547        214     25     27      347.5     2879.5
8548        177     30     20     1801.4     2877.6
8549        270     38     27     2422.5     2879.9
8550      12128    223    295     4397.9     3003.0
8551        312     33     39     4504.8     2887.9
8552        171     29     23     4541.0     2877.3
8553        131     22     17     5211.8     2874.0
8554        190     36     22      735.6     2878.7
8555        293     34     32     1280.7     2884.2
8556        104     26     19     2221.3     2876.2
8557        120     31     14     2390.1     2873.1
8558        153     21     24     2589.8     2880.8
8559        131     16     26     2636.1     2880.5
8560        117     18     18     2891.4     2876.1
8561        131     17     23     3337.4     2880.9
8562        153     30     19     5154.4     2875.9
8563        117     21     21       11.4     2881.3
8564        295     29     41      769.2     2892.2
8565        103     18     16     1033.9     2878.2
8566        107     15     22     1340.8     2880.1
8567        129     26     17     2757.0     2878.4
8568        603     33     68     3073.0     2898.9
8569        123     20     18     3416.4     2879.7
8570        828     51     76     3464.9     2917.1
8571        260     34     29     3515.6     2886.5
8572        101     28     11     4069.7     2875.0
8573       2554    111    103     4156.2     2928.0
8574        272     31     26     4706.0     2883.3
8575        107     22     13      206.9     2877.6
8576        102     19     26      229.8     2885.4
8577        365     34     42      316.3     2888.8
8578        113     19     18      451.6     2880.5
8579        185     15     45     1229.0     2894.1
8580        157     26     22     1543.6     2885.0
8581        272     22     38     3019.2     2891.8
8582        288     43     24     3279.3     2883.1
8583        302     30     40     4298.1     2893.4
8584        154     23     26     5279.3     2882.2
8585        377     20     66     5462.9     2906.8
8586        241     29     40     1426.3     2898.5
8587        248     26     40     1728.7     2896.8
8588        111     15     21     2130.6     2882.9
8589        152     18     28     2271.7     2888.5
8590        116     16     25     2473.4     2886.2
8591        127     19     20     3662.0     2883.4
8592       1463     94     66     3901.5     2906.6
8593        140     19     20     4203.6     2884.1
8594        531     40     50     4327.9     2898.5
8595        210     26     33     4589.4     2888.2
8596        145     17     21     4730.7     2884.3
8597        396     47     50     4784.3     2897.1
8598        315     33     42     5178.0     2894.6
8599        198     38     22     5364.2     2884.7
8600        103     16     26      130.4     2886.8
8601        113     26     16      407.3     2885.4
8602        143     18     31      865.6     2891.7
8603        101     16     23     1162.2     2886.7
8604        247     32     33     1938.6     2894.0
8605        106     21     24     2677.0     2887.4
8606        287     41     39     2717.8     2892.3
8607        208     20     36     2799.3     2891.3
8608        448     54     48     3105.4     2902.1
8609        115     20     16     5441.5     2883.4
8610        164     17     36      641.1     2898.2
8611        272     48     24     1500.6     2890.4
8612        575     53     53     2222.1     2904.2
8613        402     36     48     3317.0     2901.5
8614        115     16     16     3473.5     2884.6
8615        104     20     15     3644.5     2887.2
8616       1550    106     57     4032.6     2901.3
8617        600     59     48     4640.3     2901.7
8618        135     25     16     4941.3     2887.1
8619        341     42     32      505.7     2898.7
8620        121     24     14      618.8     2885.4
8621        169     29     17     1127.7     2888.6
8622        209     39     30     2611.9     2894.0
8623       1545     72    147     4632.3     2960.4
8624        112     20     15     4967.5     2888.2
8625        197     22     22      188.1     2894.3
8626        168     16     30      571.2     2898.0
8627        291     39     27      912.4     2893.7
8628        349     29     51     1829.3     2912.0
8629        142     22     23     2013.3     2892.7
8630        105     20     14     2761.7     2890.9
8631       1745     70    109     3221.5     2940.5
8632        107     13     25     3433.8     2896.2
8633        321     28     39     4547.7     2902.5
8634        259     20     37     4567.5     2899.2
8635        173     21     26     5260.9     2894.9
8636        160     24     22      212.5     2895.2
8637        124     16     29      374.3     2899.4
8638        104     12     29      590.0     2898.6
8639        352     60     31     1077.0     2902.7
8640        114     15     19     1997.4     2891.4
8641        124     28     19     2384.4     2892.8
8642        237     30     27     2883.8     2899.8
8643        289     31     43     2906.3     2904.1
8644        131     13     25     3975.7     2896.2
8645        124     17     22     4824.0     2894.4
8646        251     24     30     5201.9     2898.6
8647        156     20     24     2858.1     2900.3
8648        143     24     18     3048.3     2895.4
8649        134     19     21     5237.6     2896.1
8650        112     22     17      712.6     2895.2
8651        106     21     17     1905.4     2897.4
8652        228     50     17     2076.4     2897.8
8653        132     18     24     2461.0     2900.9
8654        432     32     46     2503.6     2912.0
8655        124     19     18     2735.8     2899.0
8656        184     26     26     2783.3     2900.8
8657        204     27     26     3420.3     2899.6
8658        135     14     27     5363.6     2902.1
8659        160     29     22     5410.5     2898.6
8660        107     19     23      476.1     2901.4
8661        165     27     28     1210.8     2904.3
8662        135     26     23     2032.8     2899.5
8663        115     17     19     2356.0     2898.2
8664        393     30     54     3249.3     2916.6
8665        101     15     17     3271.7     2899.8
8666        113     16     21     3554.8     2898.7
8667        741     55     63     3565.9     2927.8
8668        336     35     25     3843.5     2901.2
8669        134     16     22     4527.3     2901.6
8670        322     39     32     4901.8     2903.3
8671        107     21     19     4942.0     2901.6
8672        784     50     66     5087.5     2924.1
8673        461     47     32     5335.4     2908.4
8674        142     18     29       19.3     2905.7
8675        178     28     26      351.9     2905.9
8676        168     20     27      657.5     2907.3
8677        185     16     37      733.8     2913.3
8678        133     17     30     1026.6     2906.6
8679        127     16     24     1300.7     2901.8
8680        108     17     22     2965.9     2902.5
8681        163     19     30     3185.3     2906.7
8682        853     65     54     3346.4     2921.5
8683        126     17     18     3509.6     2901.8
8684        154     23     32     4233.4     2904.5
8685        217     40     20     4717.1     2902.2
8686        177     29     15     4754.7     2899.1
8687        358     31     28     4799.6     2906.4
8688        189     21     31     5110.6     2906.3
8689        451     40     55     5164.5     2922.2
8690        533     56     47      112.0     2913.1
8691        197     35     22      399.6     2904.6
8692        540     51     47      428.3     2919.6
8693        100     24     17      958.4     2899.7
8694        159     23     22     4208.4     2903.8
8695        444     41     38     4980.0     2910.1
8696        123     15     27     5137.3     2906.5
8697        162     17     34      896.9     2913.6
8698        331     50     32     1588.5     2912.7
8699        112     23     17     1850.5     2905.5
8700        154     32     27     2607.7     2908.8
8701        132     20     22     5091.0     2908.0
8702        105     16     25      224.1     2911.6
8703        108     15     19      261.8     2908.2
8704        155     24     25      537.0     2910.6
8705        241     24     36      687.3     2916.5
8706        188     18     38     1667.4     2917.0
8707        363     53     31     2327.1     2913.8
8708        104     14     17     2839.7     2905.4
8709        285     26     33     2997.0     2913.5
8710        210     20     32     3958.1     2915.7
8711        187     26     21     4271.1     2909.7
8712        131     22     22     5429.3     2905.6
8713        196     36     22      166.7     2909.6
8714        269     31     29      278.4     2915.6
8715        130     20     18      454.9     2907.7
8716        531     58     44       54.2     2924.1
8717        789     74     78     2533.5     2942.0
8718        166     25     18     2664.9     2911.4
8719        125     15     27     2824.7     2913.3
8720        792     47     58     5015.0     2931.2
8721        197     25     35      307.6     2921.0
8722        154     30     17      849.1     2913.0
8723        118     14     21     1331.2     2912.8
8724        121     22     18     1540.4     2910.9
8725        164     26     21     2920.4     2916.0
8726        623     49     51     4714.4     2926.7
8727        123     27     12     5268.8     2911.2
8728        239     26     30      244.0     2921.1
8729        118     27     18     1004.1     2914.3
8730        115     18     29     1063.3     2921.5
8731        110     20     19     2075.4     2913.8
8732        194     23     37     2162.4     2923.2
8733        170     29     14     2767.9     2911.7
8734        282     29     37     2970.9     2925.2
8735        216     32     21     3662.0     2917.3
8736        361     28     34     3975.4     2921.8
8737       1097     65     88     4837.6     2949.6
8738        108     27     20      769.8     2918.8
8739        343     31     39      944.0     2929.2
8740        102     17     16     1170.0     2914.6
8741        234     28     32     1291.0     2923.8
8742        116     29     12     1365.7     2913.4
8743        912     89     46     1448.2     2925.9
8744        106     16     17     2644.9     2917.7
8745        165     25     20     2807.8     2918.3
8746        476     43     39     2839.5     2930.9
8747        232     29     30     3614.2     2922.8
8748        576     54     52     3856.4     2928.4
8749        285     36     24     4753.6     2919.9
8750        135     24     17     4947.2     2916.9
8751        369     47     28     5239.0     2921.8
8752        209     23     29      121.8     2924.7
8753        175     24     23      378.4     2919.1
8754        167     22     33      713.1     2924.0
8755        150     24     25     1124.7     2922.2
8756        100     12     23     1625.5     2921.1
8757        103     18     25     1862.6     2922.8
8758        280     41     34     2377.2     2930.0
8759        115     19     26     2891.7     2923.1
8760        135     21     22     3641.3     2923.3
8761        169     24     16     4296.7     2918.2
8762        604     47     57      176.8     2935.9
8763        157     31     22      607.5     2921.4
8764        104     18     24     1032.7     2924.8
8765        137     17     20     1984.9     2920.7
8766        111     19     19     2575.8     2920.0
8767        121     22     17     2684.9     2920.7
8768        172     20     29     2868.1     2927.7
8769       2575     98     84     4570.8     2950.4
8770        709     42     74     5046.4     2950.0
8771        226     30     37      807.7     2929.9
8772        101     19     18     2048.8     2922.0
8773        241     31     32     2612.8     2931.7
8774        233     30     28     2937.3     2929.3
8775        359     40     36     3502.4     2937.3
8776        183     21     22     3522.5     2925.8
8777        859     68     61     4032.8     2943.5
8778        350     41     34     4216.4     2929.1
8779        345     29     44     4674.0     2934.0
8780        394     21     71     4905.3     2946.4
8781        102     26     12     5410.3     2922.0
8782       1442    101     75      525.8     2955.1
8783        114     18     20      582.2     2926.1
8784        123     25     15      877.5     2922.4
8785        140     28     18      968.6     2923.1
8786        171     25     23     1265.2     2927.5
8787        360     34     55     1575.8     2938.1
8788        202     33     22     1721.9     2926.2
8789        159     33     21     1807.5     2929.2
8790        112     16     17     3099.4     2922.2
8791        107     16     24      231.6     2931.2
8792        124     14     30      671.5     2932.8
8793        354     44     50     1088.1     2944.9
8794        100     18     22     1228.0     2925.7
8795        382     53     38     1377.5     2934.6
8796        117     22     24     2145.4     2928.4
8797        167     23     28     2650.8     2933.4
8798        171     29     32     3171.2     2935.5
8799        274     32     31     3817.8     2934.5
8800        109     20     15     5181.2     2924.9
8801        264     45     38     5391.5     2937.9
8802        151     23     19     1012.2     2930.1
8803        229     40     36     1521.0     2934.2
8804       2856    126    123     1906.9     2982.6
8805        455     44     40     2022.4     2939.5
8806        183     39     22     2269.0     2931.4
8807        299     29     44     2732.3     2940.8
8808        187     29     17     2773.3     2927.5
8809        203     23     29     4513.2     2932.6
8810        111     22     24     1324.1     2934.3
8811        198     34     22     4785.3     2930.6
8812        157     26     20     4934.2     2932.6
8813        195     29     25      212.4     2937.0
8814        180     25     30      486.6     2939.2
8815        229     36     21      605.5     2936.0
8816        180     28     26      910.5     2937.8
8817        131     23     19     2077.8     2933.6
8818        105     13     17     2668.0     2932.0
8819        448     52     26     3294.4     2936.3
8820        165     18     29     3685.0     2938.0
8821        405     43     39      348.7     2946.8
8822        116     19     19      389.8     2935.1
8823        100     16     20     1142.4     2935.2
8824        142     26     23     1883.2     2936.8
8825        155     20     23     2127.9     2939.5
8826        508     51     52     2798.5     2955.0
8827        307     25     32     3794.5     2942.5
8828        431     62     32     3944.6     2942.6
8829        163     24     20     4331.9     2934.6
8830        316     35     36     4989.1     2941.7
8831        159     20     15     5348.4     2932.3
8832        289     47     35      760.7     2944.3
8833        286     33     35     2914.3     2947.2
8834       4288    172    163     3624.2     2992.0
8835        258     32     29     4960.4     2944.7
8836        154     21     25     5148.5     2941.1
8837        140     23     27     5362.1     2941.2
8838        105     12     29     5465.2     2945.6
8839        158     26     21     3005.3     2940.8
8840        109     19     17     4064.3     2938.0
8841        127     22     17     4226.9     2939.1
8842        189     28     26      138.3     2944.9
8843        176     29     26      584.5     2945.9
8844        101     20     15      737.0     2938.3
8845        171     38     20      830.5     2939.9
8846        215     26     29     1245.9     2945.7
8847        265     49     30     2300.3     2945.4
8848        132     24     19     2460.9     2942.1
8849        757     83     44     3160.4     2953.0
8850       1508     75     72     3434.4     2969.2
8851        973     50     82     4089.1     2970.3
8852        116     14     21     4748.7     2941.3
8853        236     34     24     4769.0     2943.5
8854        468     39     41     4880.1     2955.6
8855        147     32     17     5064.9     2941.1
8856        119     18     18     5221.1     2942.3
8857        159     18     37       32.9     2952.8
8858        344     34     35      257.3     2951.7
8859        114     21     22     1541.0     2944.4
8860        154     25     23     1792.5     2945.0
8861        263     26     36     2060.5     2952.5
8862        187     29     22     3404.5     2945.3
8863       2001     95    107     3930.2     2986.3
8864        123     26     15     5198.0     2940.3
8865        545     45     51      868.9     2965.2
8866        221     30     30     1591.1     2948.8
8867        110     20     19     1736.1     2947.4
8868        412     50     41     2682.9     2953.8
8869        105     18     22     2815.9     2948.5
8870        137     30     29     3052.8     2949.4
8871        154     21     30      376.4     2953.6
8872        178     26     30     1106.0     2956.1
8873        145     28     25     1828.9     2950.3
8874        100     16     21     1966.9     2949.2
8875        322     31     48     2570.8     2963.0
8876       2726    133    109     3327.3     2978.9
8877        203     43     26     3528.4     2952.6
8878        106     21     14     5134.3     2945.6
8879        178     20     27       61.0     2952.2
8880        216     28     30      461.4     2954.9
8881        147     18     19      995.1     2948.2
8882        216     26     22     1286.5     2949.1
8883        323     33     37     1988.9     2960.4
8884        131     18     23     2425.2     2949.5
8885        717     44     66     3776.8     2972.1
8886       1762    102     70     3859.0     2975.8
8887        286     33     28      650.2     2957.3
8888        204     28     25      727.5     2953.0
8889        144     22     20     2110.2     2953.3
8890        122     18     27     2395.6     2957.3
8891        196     27     27     3937.5     2956.0
8892       1328     65     84     3996.8     2981.2
8893        119     18     26     4855.7     2954.3
8894       1349     80     90      434.9     2994.0
8895        304     31     38      952.8     2964.5
8896        130     20     24     1054.8     2956.4
8897        327     35     44     1600.4     2968.6
8898        363     33     40     2365.3     2966.9
8899        144     22     21     2488.3     2951.6
8900        127     22     30     2952.8     2957.9
8901        103     18     16     4811.0     2951.2
8902        172     22     24     5076.3     2956.7
8903        108     19     19     5312.6     2949.7
8904        591     70     44      308.7     2965.3
8905        106     24     22     1173.3     2960.2
8906        161     28     18     1755.0     2955.0
8907        168     30     20     1906.5     2955.2
8908        153     24     24     2994.9     2959.5
8909        456     33     51     3743.0     2971.0
8910        907     71     58     5120.9     2972.9
8911        217     19     35       20.3     2964.3
8912        248     28     27      440.2     2961.4
8913        228     26     33      698.9     2961.4
8914        130     22     17     1197.4     2955.3
8915        101     17     17     1427.5     2957.5
8916        279     33     31     2637.9     2962.9
8917        430     34     42     4931.1     2968.8
8918        260     30     45     1457.5     2974.8
8919        262     36     28     1841.4     2964.8
8920        194     27     30     2312.0     2963.7
8921        159     21     24     2762.2     2962.2
8922        174     28     22     3302.4     2958.5
8923        128     21     23     4212.6     2960.0
8924        860     69     59     4778.3     2975.1
8925        115     14     22      203.7     2963.2
8926        345     43     39      630.7     2971.0
8927        124     16     22     2457.9     2960.4
8928        485     34     41     4501.0     2973.3
8929        108     13     26     4690.5     2964.5
8930       1287     77     72     4695.9     2991.6
8931        112     20     19     4955.2     2962.0
8932        181     29     23     4983.2     2965.7
8933        222     32     22     5179.8     2964.8
8934        518     44     34     5229.9     2969.6
8935        225     28     30     5405.9     2966.2
8936        846     62     42       93.1     2976.2
8937        204     22     38      824.6     2972.9
8938        102     17     18     2218.9     2961.5
8939        300     43     32     2937.7     2972.1
8940        133     23     16     3105.5     2962.1
8941        112     23     11     4068.0     2959.6
8942       4974    152    146     4177.3     3022.4
8943        193     21     40     5333.0     2975.3
8944        214     31     32      687.9     2972.4
8945        101     23     16      758.4     2964.3
8946        447     70     34     2167.3     2971.0
8947        110     21     15     2707.6     2963.6
8948        680     60     53     2963.4     2983.7
8949        243     32     31     1003.8     2971.4
8950        157     19     29     1265.9     2971.2
8951        121     18     23     2294.0     2969.5
8952        572     57     37     3555.4     2976.1
8953        157     12     67     5466.7     2989.5
8954        306     39     35      793.4     2979.7
8955        129     27     18     1561.3     2969.8
8956        154     25     21     1720.0     2972.6
8957        105     14     30     2247.1     2973.8
8958        150     31     16     3501.8     2968.4
8959        169     29     21     5368.2     2970.0
8960        106     20     19       49.7     2972.0
8961        411     37     42      353.9     2981.9
8962        196     28     16      395.8     2970.2
8963        228     29     33      591.8     2979.1
8964        120     23     18     1413.0     2970.3
8965        109     11     22     1665.8     2972.6
8966        148     21     21     2016.3     2971.3
8967        156     26     18     2093.8     2970.8
8968        162     24     21     2538.4     2974.2
8969        147     21     22     2593.9     2972.4
8970        124     23     20     2864.8     2971.0
8971        220     23     33     3605.2     2978.9
8972        286     35     25     5304.0     2973.3
8973        528     52     54     2903.9     2997.4
8974        110     17     17      132.3     2975.5
8975        175     33     20     1340.9     2978.6
8976        159     35     14     3125.6     2973.3
8977        209     28     25     3718.2     2978.0
8978        314     32     35     4885.5     2981.9
8979        205     25     26     5268.4     2978.0
8980        327     34     31      259.3     2985.1
8981        136     20     25      718.1     2980.6
8982        503     48     49     3143.1     2992.2
8983        102     23     18     3477.4     2979.9
8984        489     37     52     5029.5     2992.2
8985        131     16     17     5459.0     2978.0
8986        137     25     28      202.7     2987.4
8987        119     18     30      571.9     2982.0
8988        104     21     17     2074.3     2977.0
8989        402     41     34     2127.3     2988.0
8990        239     24     51     2205.3     2999.0
8991        152     25     25     2562.9     2983.6
8992        105     22     17     2791.6     2978.1
8993        169     25     19     2832.9     2980.4
8994        125     19     24     2910.6     2981.7
8995        127     14     20     3188.8     2979.6
8996        328     31     41     3516.4     2989.5
8997        329     34     40     4376.2     2987.3
8998        171     27     29     4733.0     2982.7
8999        219     25     30     4748.3     2983.8
9000        191     26     27     4957.9     2985.8
9001        218     32     25     5080.0     2980.2
9002        103     20     25     1413.2     2985.7
9003        119     23     18     1517.5     2982.7
9004        115     14     24     2644.2     2983.9
9005        197     18     37     3847.1     2989.7
9006        110     20     13     4115.7     2977.3
9007        184     27     22     4247.2     2981.7
9008        221     31     27     5372.8     2986.1
9009        107     20     16      657.2     2979.9
9010        104     16     22     1063.6     2984.2
9011        149     23     35     1364.1     2992.5
9012        301     43     31     1479.8     2990.1
9013        221     32     22     2724.3     2985.0
9014        111     19     18     3399.1     2984.0
9015        111     27     20      380.1     2987.2
9016        282     40     34     1683.4     2993.4
9017        107     19     24     1941.5     2988.6
9018        131     21     19     1987.8     2986.0
9019        284     34     30     3109.3     2991.4
9020        229     35     25     3490.4     2988.3
9021        212     20     31     4030.9     2991.0
9022       1887     98     79     4518.5     3019.1
9023        160     23     22      287.3     2989.1
9024        195     31     25     2330.9     2989.5
9025        487     40     55     2575.8     3011.3
9026        425     47     45     2853.1     2999.5
9027        103     13     18     2989.1     2988.3
9028        105     21     15     3803.1     2986.5
9029        150     29     20     4228.4     2989.6
9030        293     42     27     5160.5     2989.4
9031        196     30     20     5199.8     2989.2
9032        120     25     17      478.8     2987.8
9033        257     33     39      832.6     3000.8
9034        112      9     29     2302.9     2996.1
9035        106     22     15     2488.6     2986.4
9036       1465     85     98     2816.2     3036.3
9037        178     24     25       20.6     2994.7
9038        255     28     34       54.4     3003.2
9039        182     33     18      170.7     2989.4
9040        166     23     28      530.8     2997.4
9041        224     32     39     1114.1     3004.9
9042        112     21     22     1309.9     2991.5
9043        252     24     38     1616.1     3001.4
9044        123     32     17     1770.0     2989.9
9045        124     14     22     3023.8     2992.4
9046        476     60     33     3060.1     2995.1
9047        125     18     25     4510.3     2994.7
9048        493     43     42     4582.4     3002.2
9049       1427     77     66     4890.9     3017.3
9050        121     22     21     2183.3     2997.7
9051        239     51     22     2519.3     2996.6
9052        109     14     23     3174.3     2994.5
9053        160     28     29     3199.6     2999.7
9054       1878     82    113     4054.2     3043.2
9055        130     20     17     4133.3     2994.3
9056        127     20     20     4864.2     2992.8
9057        112     18     13     5396.1     2989.8
9058        403     53     32      105.5     3004.7
9059        157     22     33      962.2     3003.4
9060        237     30     24     1332.1     2995.7
9061        725     81     54     3235.8     3009.9
9062        235     23     41     3562.4     3005.5
9063        142     25     29      598.5     3003.0
9064        846     71     48      671.3     3009.8
9065        196     30     21      897.1     3000.7
9066        241     33     35     1081.1     3008.4
9067        130     16     22     1153.4     3000.3
9068        154     22     20     1383.4     2996.7
9069        107     20     18     2460.8     2996.7
9070        164     18     32     2620.1     3004.8
9071        779     81     56     2663.8     3014.1
9072        711     53     54     3753.9     3015.7
9073        626     53     51     4268.8     3011.7
9074        276     21     42     5283.2     3007.6
9075        110     18     23      919.1     3002.7
9076        100     21     16     1004.0     2996.7
9077        193     25     32     1728.2     3006.4
9078        164     47     21     1757.0     3003.2
9079        110     21     15     2420.1     2997.5
9080        312     23     38     4934.1     3009.2
9081        102     16     13      216.7     2997.5
9082        132     19     26      635.1     3003.5
9083        246     23     33      724.3     3009.0
9084        992     96     60      783.3     3018.7
9085        566     36     59     3392.1     3013.9
9086        184     27     35     3479.3     3010.4
9087       1050     67     88     3521.4     3034.3
9088        636     45     50     3709.9     3015.6
9089        114     19     21     4976.3     3003.6
9090        590     41     47     5081.7     3014.2
9091        133     29     21     1967.4     3004.4
9092        178     36     18     2096.6     3002.8
9093        181     26     22     2980.2     3006.0
9094        298     27     46     3447.5     3016.9
9095        118     17     17     4489.9     3003.6
9096        220     28     21     5057.2     3006.1
9097        218     29     26     5332.6     3005.4
9098        254     43     26     5376.4     3005.2
9099        375     47     38      183.1     3012.5
9100        103     13     21      390.6     3006.0
9101       1223     58     91     1225.3     3038.7
9102        109     16     17     2637.3     3004.2
9103        247     38     20     2749.1     3005.6
9104       1271     72     76     3838.6     3033.0
9105        131     14     31     3865.8     3010.7
9106        220     22     27     4233.6     3008.5
9107        204     44     20     5196.9     3007.1
9108        159     28     18     5305.9     3007.2
9109        346     43     36      618.3     3018.6
9110        225     24     44     1293.8     3019.0
9111        134     16     31     1352.0     3012.0
9112        150     23     26     1533.6     3008.5
9113        449     40     42     1629.3     3023.2
9114        201     32     26     2147.4     3010.8
9115        237     26     35     3008.6     3017.3
9116        410     34     53     3109.5     3023.6
9117        194     27     34       11.4     3019.2
9118        234     41     22      344.7     3011.6
9119        124     20     19      377.3     3008.9
9120        272     38     29     1453.2     3016.5
9121        171     30     15     2707.3     3006.9
9122        176     34     28     4100.4     3013.2
9123        193     22     24      546.3     3015.1
9124        214     25     30     2078.8     3015.2
9125        227     29     27     2534.2     3014.5
9126        270     25     38     2880.2     3023.4
9127        171     19     24     3315.3     3012.9
9128        307     35     27     4029.4     3015.7
9129        119     16     31      562.8     3018.2
9130        168     21     27     1847.0     3018.4
9131        156     22     27     2272.3     3015.9
9132        747     65     75     3224.1     3041.0
9133        329     34     38     3425.0     3023.1
9134        149     20     24     3464.8     3016.9
9135        150     21     31     3520.9     3019.4
9136        104     23     13     3589.2     3008.6
9137        134     20     22     3796.4     3014.8
9138        214     25     37     4761.4     3022.4
9139        130     16     29     4805.7     3017.3
9140        211     29     33     4972.9     3020.4
9141        114     16     27     5107.9     3017.2
9142        259     29     36      223.5     3023.4
9143        235     37     24      289.0     3017.7
9144        259     28     35      319.3     3024.2
9145        411     44     38      512.0     3024.4
9146        136     22     20     2242.7     3016.5
9147        122     24     20     2423.2     3014.6
9148        699     81     43     2488.3     3028.7
9149        176     21     31     3079.2     3025.2
9150        149     26     18     3159.0     3015.5
9151       1208     55     90     3279.4     3050.2
9152        151     26     20     3362.9     3016.3
9153        135     20     20     4472.3     3014.3
9154        102     16     18     5000.5     3013.3
9155        258     25     29     5404.4     3019.1
9156        149     21     23      903.6     3021.3
9157        340     36     35     1334.7     3028.2
9158        104     18     18     1972.7     3016.3
9159        174     24     21     4837.9     3019.3
9160        298     34     43      933.3     3030.5
9161        727     42     58     1588.3     3038.3
9162        114     19     22     1812.2     3020.9
9163        131     19     24     1866.5     3021.7
9164        226     25     40     1937.0     3030.0
9165        149     26     22     2322.2     3020.7
9166        164     24     22     2738.9     3021.1
9167        649     51     42     4733.2     3030.2
9168        452     48     26     5255.1     3021.8
9169        230     50     22       43.4     3021.8
9170        241     28     38      479.3     3033.2
9171        149     23     25      876.8     3024.9
9172        195     35     32     2032.9     3025.8
9173        156     27     20     2934.4     3021.9
9174        215     27     33       83.5     3031.8
9175        135     23     24      842.7     3026.2
9176        192     22     34     1771.8     3030.1
9177        318     50     32     4629.1     3028.7
9178        403     36     32     5188.2     3029.9
9179        236     34     25      165.8     3026.4
9180        572     70     39     1026.5     3034.7
9181        128     28     12     1185.7     3024.7
9182        115     13     22     3628.2     3026.1
9183        282     24     39     3899.0     3035.7
9184        222     22     29     4251.6     3033.0
9185       2432     93    102     5023.7     3064.3
9186        213     24     36      108.5     3036.6
9187        128     20     23      417.9     3034.2
9188        212     18     38     1494.1     3039.6
9189        155     18     24     2124.9     3032.1
9190       5872    210    118     3943.0     3081.6
9191        145     23     16     4307.8     3027.9
9192        212     27     33     5418.4     3038.5
9193        206     34     33      357.2     3036.3
9194        151     17     26      442.3     3034.8
9195        131     40     11     1709.9     3026.7
9196        132     19     28     1962.3     3037.6
9197        117     22     17     2069.5     3031.5
9198        164     23     20     2392.5     3030.3
9199        164     17     24     3643.4     3035.8
9200        104     24     14     4597.3     3030.0
9201        115     18     29     5147.6     3036.9
9202        140     17     23     5392.7     3032.4
9203        147     22     24     1111.9     3034.1
9204        769     55     60     2679.2     3052.9
9205       1585     68    114     3719.5     3085.7
9206        190     15     37     4774.1     3039.7
9207        333     31     34     5281.3     3042.1
9208        185     25     23      619.8     3037.4
9209        108     24     20     1471.5     3036.4
9210        136     18     21     1689.8     3036.5
9211        135     20     29     1806.6     3041.3
9212        103     20     18     3052.2     3034.9
9213        443     40     43     3468.1     3048.7
9214        110     16     27     3786.6     3040.1
9215        324     28     33     4817.6     3046.3
9216        114     21     19       63.4     3037.4
9217       1168     93     52      526.5     3056.9
9218        101     16     18      684.2     3035.8
9219        506     43     43      795.9     3050.2
9220        143     18     19     2431.4     3038.1
9221        823     79     38     2945.1     3046.4
9222        307     27     42     4946.5     3049.9
9223        216     21     32     5362.2     3041.8
9224        133     14     28     5461.0     3044.0
9225        123     19     21      289.1     3040.2
9226        624     44     58      660.7     3060.8
9227        160     23     21     2200.3     3038.1
9228        256     26     27     3134.5     3042.8
9229        199     21     30     3881.1     3045.3
9230        467     44     64     4841.3     3061.6
9231        134     18     20     4865.9     3041.6
9232        147     20     21     4967.7     3042.4
9233        341     29     46     5303.4     3053.0
9234        159     18     32     5448.9     3045.8
9235        302     28     44      234.0     3056.4
9236        144     23     19      733.3     3039.8
9237        107     26     23     1040.0     3045.1
9238        116     14     20     1172.7     3040.8
9239        387     35     55     1870.0     3065.6
9240        507     54     53     2567.7     3057.6
9241        554     42     44     2771.4     3052.9
9242       2323    150     71     4639.2     3065.6
9243        440     70     28     5106.6     3043.9
9244        183     25     30     1882.2     3051.2
9245        146     18     31     2417.7     3051.2
9246        171     23     29     2503.8     3047.2
9247        161     35     26     2995.6     3047.1
9248        184     22     26     4268.1     3046.8
9249        161     29     22     4526.9     3045.3
9250        122     19     23       16.9     3049.7
9251        146     27     16       37.1     3042.9
9252        180     24     24      135.9     3047.0
9253        140     29     12     1080.3     3041.2
9254        159     20     25     2304.0     3048.4
9255        773     66     73     3174.3     3069.2
9256        274     22     40     3818.9     3056.0
9257        114     13     20     5251.3     3044.8
9258        113     21     18      841.6     3046.5
9259        137     20     30     1728.4     3049.6
9260        323     38     33     1948.6     3052.8
9261        504     46     38     2718.1     3057.5
9262        213     41     28     3083.5     3051.0
9263        131     15     22     3400.2     3050.3
9264        214     22     24     4421.1     3050.2
9265        298     43     19      206.7     3048.6
9266        115     22     21      323.7     3048.3
9267        114     32     15     1151.0     3047.7
9268        234     32     26     1556.6     3055.4
9269        113     27     16     2183.4     3046.2
9270        207     24     35     2326.3     3058.5
9271        152     26     27     2591.3     3050.7
9272        594     47     56     3447.6     3066.7
9273        219     24     24     4549.0     3052.3
9274        154     30     24     5243.5     3052.4
9275        105     21     17     1821.7     3049.2
9276        462     40     54     2234.1     3065.2
9277        165     30     21     2355.7     3051.3
9278        140     26     21     2477.9     3053.5
9279       1596     84    103     3656.9     3086.1
9280        100     16     16     3248.7     3051.4
9281        226     22     29     3320.0     3059.2
9282        284     28     32     3418.6     3060.4
9283        468     44     46     3776.5     3062.3
9284        841     47     72     4173.8     3084.5
9285        559     44     50     4763.9     3070.3
9286        532     43     61     1017.3     3077.5
9287        161     34     19     1329.8     3055.2
9288        240     38     28     1418.5     3058.6
9289        223     35     20     2391.8     3055.8
9290        262     33     25     2870.7     3059.2
9291        123     26     17     4092.9     3055.9
9292        198     28     26      389.5     3060.1
9293        480     49     27      590.0     3060.9
9294        373     54     31      730.3     3063.5
9295        244     32     24     1049.9     3058.6
9296        261     42     27     1145.3     3061.4
9297        229     25     35     1651.7     3062.7
9298        286     34     35     1707.4     3063.3
9299        249     27     34     3349.2     3064.0
9300       2685     85    113     4296.5     3106.7
9301        762     54     75     4721.4     3086.3
9302        772     51     62     5214.2     3075.4
9303        124     20     15      348.3     3056.4
9304        646     64     32      445.7     3067.3
9305        264     29     29      773.9     3065.8
9306        336     44     45     1182.7     3074.9
9307        104     14     27     1362.7     3064.0
9308        105     15     24     2275.8     3063.3
9309        289     27     52     2797.8     3074.9
9310        109     24     23     3061.0     3064.6
9311        512     38     42     4867.9     3071.2
9312        154     14     37      961.7     3069.3
9313        382     44     42     1752.4     3068.8
9314        375     27     53     2212.0     3077.5
9315        462     36     59     4486.5     3077.4
9316        196     25     26     4566.4     3062.9
9317        117     18     21     4897.2     3064.4
9318        105     13     24     5373.1     3063.4
9319        307     59     29      103.1     3068.7
9320        147     23     17      195.6     3062.6
9321        158     27     34      620.7     3072.5
9322        561     41     51     3099.3     3081.4
9323        119     20     22     4332.5     3063.2
9324       3686    107    170     4536.6     3130.4
9325        126     14     23     4786.1     3066.4
9326        332     47     27     5150.3     3068.2
9327        106     25     18     5432.5     3063.0
9328        172     22     16      275.1     3063.0
9329        263     28     40     1497.0     3077.8
9330        223     28     34     1902.9     3075.5
9331        135     30     21     1993.0     3067.4
9332        129     23     17     2438.3     3066.2
9333        140     28     12     3140.1     3061.4
9334        422     38     44     3579.8     3079.7
9335        471     43     40     4115.0     3076.6
9336        216     39     23      396.4     3072.2
9337        114     21     15      848.9     3063.9
9338        126     24     16      898.0     3063.9
9339        145     23     22     2057.9     3068.1
9340        804     56     63     2383.4     3088.6
9341        136     18     33     2959.6     3072.3
9342        172     21     20     3230.6     3069.7
9343       1375     88     65     3411.4     3095.0
9344        101     20     19     4143.9     3067.4
9345        290     43     40     4460.4     3074.9
9346        117     21     18     4936.8     3065.7
9347        331     46     37      298.0     3077.3
9348        247     30     36     1635.5     3074.7
9349        181     31     26     2021.5     3071.7
9350        109     31     16     4092.3     3066.8
9351        103     14     22     4920.7     3072.3
9352        109     26     16     5401.4     3065.9
9353        546     46     40      205.5     3083.8
9354        184     39     14     1818.5     3068.4
9355        149     24     18     2109.2     3070.3
9356        137     21     23     2654.0     3073.1
9357        176     27     29     2744.9     3077.9
9358        269     35     39     3045.9     3081.6
9359        158     26     24     3304.9     3075.9
9360        180     23     24     3524.0     3073.7
9361        193     29     23     5458.1     3072.6
9362        179     23     33      156.9     3079.7
9363        168     40     16     1308.7     3072.5
9364        121     24     20     1378.1     3073.4
9365        227     31     26     1531.3     3077.3
9366        158     36     28     3241.0     3077.7
9367        179     20     28     5188.6     3075.6
9368        117     25     18     5350.3     3072.5
9369        107     18     21      256.0     3075.0
9370        171     32     21     1930.2     3074.1
9371        104     28     15     2556.4     3073.1
9372        202     25     31     2697.7     3081.7
9373        163     21     25     4802.3     3080.2
9374        107     19     20       56.8     3078.6
9375        124     33     16      908.7     3075.3
9376        451     43     50     1107.9     3094.8
9377        108     20     22     1723.7     3077.4
9378        160     18     27     2488.1     3080.1
9379        125     23     25     3136.8     3081.1
9380        152     18     30     3759.4     3085.1
9381        118     21     20     4348.4     3078.9
9382        133     15     31     4427.6     3081.7
9383        125     30     12     4820.1     3073.7
9384        222     24     25       77.6     3084.8
9385        116     23     17     2450.7     3079.0
9386        406     30     51     2616.3     3093.3
9387        101     15     24     2847.3     3080.5
9388        807     57     54     2897.0     3095.6
9389        166     20     33     2929.8     3087.2
9390        111     16     21     3483.3     3079.2
9391        105     15     20     5282.0     3082.5
9392        151     24     23      369.2     3083.9
9393        122     22     20      942.1     3082.1
9394        147     25     17     1993.2     3081.6
9395        152     19     19     3778.9     3082.4
9396        386     33     49     3836.8     3096.9
9397        648     34     66     4567.9     3105.1
9398        324     49     27     4893.8     3088.0
9399        306     31     44      806.6     3094.3
9400        177     21     24      849.7     3087.1
9401        613     39     49     1853.0     3096.7
9402        178     23     20     5096.1     3083.8
9403        204     25     20     5403.8     3082.9
9404        161     28     18      110.0     3085.6
9405        103     22     16      778.2     3084.1
9406        137     23     33     2070.3     3093.9
9407        313     53     36     2150.5     3096.8
9408        137     25     23     2164.9     3086.8
9409        830     71     56     2752.1     3101.4
9410        106     16     27     2773.7     3089.5
9411        100     18     15     3620.2     3082.8
9412        135     15     26     5310.1     3088.2
9413        153     21     26     5363.7     3089.2
9414        111     17     25      547.2     3089.0
9415        179     29     23      904.4     3091.8
9416        299     57     27      981.6     3091.0
9417        233     44     21     1310.1     3089.2
9418        213     28     23     2105.9     3089.3
9419        107     22     14     2557.0     3086.8
9420        195     30     24     2831.9     3091.8
9421        144     23     19     3813.4     3088.8
9422        410     45     29     4593.8     3089.9
9423        238     29     42     5063.8     3099.0
9424        164     23     21     5172.9     3087.9
9425        305     27     40      271.8     3101.1
9426        254     25     38     2587.0     3099.1
9427        126     17     18     3505.5     3088.6
9428        152     30     24     4460.2     3089.2
9429        109     18     23     4780.6     3092.8
9430        313     36     28     4939.8     3092.9
9431        169     22     27     5342.1     3093.9
9432        111     18     23     5461.6     3093.5
9433        180     29     29      334.6     3095.1
9434        219     24     30      449.2     3098.6
9435        831     60     72      736.9     3121.3
9436        252     30     31     1040.4     3095.7
9437        435     36     47     1067.6     3102.9
9438        107     16     21     1754.0     3093.4
9439        301     34     27     1927.0     3094.2
9440        426     41     45     2977.9     3105.8
9441        325     51     29     3212.8     3095.2
9442        524     61     47     4142.3     3102.8
9443        173     20     26     4249.4     3094.4
9444        207     25     31     4437.9     3097.4
9445        141     20     23     5260.0     3093.3
9446        203     39     21       53.0     3094.2
9447        158     23     22      597.9     3094.6
9448        115     35     16     1694.4     3092.0
9449        131     26     22     2338.8     3094.6
9450        333     44     34     3307.3     3101.2
9451        392     36     34     4279.9     3101.9
9452        112     12     29       25.4     3100.7
9453        101     20     12      311.8     3090.6
9454        140     15     29      767.1     3101.3
9455        109     19     21     1241.2     3096.8
9456        119     16     26     1451.1     3096.8
9457        499     52     49     1723.6     3111.7
9458        148     23     18     2673.4     3096.1
9459        378     33     37     3064.6     3102.9
9460        823     79     58     3147.7     3117.2
9461        140     25     23     3262.7     3099.3
9462        104     16     18     3528.9     3095.6
9463        250     50     30     4849.4     3102.7
9464        253     30     32     5141.1     3101.2
9465        398     40     43     2199.2     3109.0
9466        629     68     79     3199.1     3127.0
9467        285     37     32     3500.3     3105.9
9468        235     36     32     3545.3     3103.0
9469        104     18     21      685.2     3099.1
9470        104     13     24      830.2     3102.6
9471        112     18     21     1526.6     3103.1
9472        318     29     50     1648.7     3114.7
9473        915     52     63     2326.8     3119.7
9474        110     19     22     2943.5     3102.0
9475        146     17     26     3245.2     3100.9
9476        196     23     30     3601.0     3107.0
9477        845     50     78     3825.7     3130.8
9478        864     56     52     4660.6     3117.5
9479        177     25     24     4980.0     3100.6
9480        111     15     19     5001.4     3100.6
9481        141     19     25     5278.0     3101.2
9482        242     24     44      389.6     3109.5
9483        169     35     21      498.7     3101.3
9484        119     16     28     1159.9     3103.3
9485        183     21     32     1272.9     3106.6
9486        185     37     18     2494.5     3101.5
9487        108     15     25     2555.2     3103.5
9488        304     38     29     3784.4     3105.5
9489        113     29     14     4863.2     3098.8
9490        178     22     22      174.7     3102.4
9491        496     62     48      322.4     3115.9
9492        160     22     31      704.3     3105.3
9493        193     36     21     1002.7     3105.3
9494        104     26     17     1393.0     3104.5
9495        187     32     24     2526.7     3106.5
9496        190     23     24     4762.1     3104.1
9497        132     24     24     4831.9     3106.7
9498        434     42     39     5092.2     3113.8
9499        197     24     25     5439.0     3106.0
9500        165     20     28      292.4     3109.9
9501        818     55     68      417.2     3128.5
9502        143     19     23      566.8     3109.0
9503        143     23     24      627.8     3106.4
9504        375     39     38      951.7     3114.3
9505        125     12     24     2023.1     3109.1
9506        211     23     36     2256.5     3113.9
9507        280     30     42     2427.9     3113.4
9508        182     20     33     3387.3     3112.0
9509        118     25     19     4086.3     3106.3
9510        154     26     15      467.7     3105.1
9511       1079     60     69     3758.5     3136.0
9512        399     38     50      598.7     3126.9
9513        197     21     25      919.5     3110.0
9514        119     19     19     1288.7     3110.1
9515        132     18     22     1474.5     3111.0
9516        194     29     27     1886.8     3112.2
9517        214     27     19     4039.5     3109.3
9518        231     37     24     4202.7     3112.5
9519        319     26     44     4247.1     3119.6
9520        173     20     24     4815.9     3114.1
9521        137     28     23     4912.3     3112.8
9522        235     38     39     5390.1     3119.0
9523        387     25     48       39.9     3127.3
9524        160     22     23      843.2     3112.7
9525        110     23     21     2295.0     3111.3
9526        109     26     17     2843.5     3108.5
9527        213     34     20     3333.0     3111.5
9528        703     49     48     4957.4     3128.3
9529        109     20     17      137.9     3114.3
9530        105     20     15     1672.6     3109.6
9531        684     67     44     2391.0     3125.2
9532        391     39     32     2647.5     3120.6
9533        236     26     33     3222.5     3118.5
9534        289     27     33     4613.8     3118.3
9535        108     16     23      101.3     3118.0
9536        159     30     22      456.0     3117.4
9537        104     15     24     2144.2     3119.5
9538        245     32     40     2675.6     3124.6
9539        445     43     57     2730.3     3137.1
9540        130     20     18     4740.3     3115.8
9541        253     29     35      672.3     3126.3
9542        156     30     27     1923.6     3118.1
9543        221     29     36     2088.4     3125.6
9544        727     71     50     2800.2     3132.2
9545        201     38     25     3015.5     3122.4
9546        255     21     39     3372.0     3128.3
9547        186     20     36     3609.4     3126.1
9548        305     40     30     4997.0     3120.8
9549        315     33     31     5171.8     3125.0
9550        106     18     20     5271.8     3117.1
9551       1166    124     78      979.9     3151.9
9552        115     22     15     1362.7     3116.9
9553        162     28     27     2846.7     3122.0
9554        120     20     22     4216.3     3120.2
9555        278     25     40     4433.1     3128.5
9556        565     40     61     5226.5     3139.1
9557        301     23     45      187.4     3132.8
9558        460     53     43      508.2     3133.0
9559        277     24     57      766.6     3142.2
9560        206     28     30     1951.9     3129.4
9561        195     20     24     2478.3     3123.2
9562        179     30     18     3520.1     3121.9
9563        232     30     22     4592.1     3125.3
9564        159     29     26     4897.5     3125.8
9565        120     14     25      531.1     3127.2
9566        365     25     64      784.2     3149.0
9567        246     18     42      879.4     3133.0
9568        232     39     32     2258.1     3130.2
9569        127     17     20     3096.2     3122.4
9570        106     18     19     3277.6     3121.3
9571        150     21     21     3956.0     3125.2
9572        156     23     22     4072.7     3124.4
9573       1134     56     86     4101.6     3154.0
9574        104     17     23     4141.6     3123.4
9575        127     22     24     4228.4     3126.0
9576        133     28     15     4268.6     3120.8
9577        116     20     22     5067.4     3125.0
9578        100     18     13     5129.8     3120.7
9579        165     23     22      230.9     3126.6
9580        246     27     37      358.5     3132.8
9581        657     44     70     1403.7     3152.1
9582        144     24     21     1457.5     3125.5
9583        113     20     19     1618.1     3125.9
9584        105     24     17     2113.1     3121.9
9585        329     31     37     2878.1     3133.1
9586        138     16     31     3441.5     3131.1
9587        214     37     28     3575.2     3128.1
9588        201     31     31     3940.9     3131.6
9589        126     17     22     4158.8     3126.1
9590        196     27     21     4838.6     3126.2
9591        715     58     54     4885.9     3145.2
9592        151     24     25     5415.9     3128.6
9593        188     34     18      123.1     3127.0
9594        497     42     34      295.6     3136.7
9595        229     33     29     1600.1     3134.8
9596        105     23     22     1722.7     3130.5
9597        245     28     38     2292.3     3138.1
9598        617     56     56     3340.0     3144.1
9599        145     37     14     3680.6     3124.3
9600        395     39     38     4457.9     3137.0
9601        112     11     27      936.9     3135.4
9602        203     35     23      983.0     3131.5
9603        124     15     24     1437.4     3133.3
9604        129     22     20     2961.6     3130.7
9605        268     38     29     3285.0     3135.4
9606        322     40     27     3469.9     3135.3
9607        372     38     37     3858.3     3136.8
9608        231     30     24     4919.9     3133.6
9609        482     39     54      451.6     3146.2
9610        187     22     31     1133.6     3139.4
9611        122     20     15     1223.5     3130.9
9612        175     20     32     2613.3     3137.6
9613        110     14     28     2711.5     3136.6
9614        162     34     23     3051.8     3132.4
9615        149     22     15     4201.3     3129.2
9616        125     25     19     4412.4     3129.0
9617       1995    100     98     4696.7     3171.9
9618        127     24     19     5441.4     3130.0
9619        168     25     25     1244.3     3138.4
9620        250     27     31     1329.8     3140.2
9621        108     20     24     1351.9     3135.0
9622        118     21     20     1489.7     3133.6
9623        150     22     29     1550.0     3140.1
9624        128     27     24     1733.3     3137.6
9625        163     23     28     2196.6     3138.7
9626        200     29     26     2907.0     3136.6
9627        103     14     17     4035.4     3130.9
9628        173     19     25     4632.4     3135.3
9629        125     20     17     4722.2     3133.4
9630        208     25     24      479.3     3139.8
9631        729     67     59      554.0     3149.3
9632        133     28     22      811.8     3135.2
9633        567     51     61     1523.0     3154.7
9634        189     27     24     1876.1     3137.5
9635        106     26     16     2458.8     3134.2
9636        417     46     44     3244.7     3152.3
9637       1015     65     53     3914.1     3152.0
9638       2543    104    103     4019.2     3179.0
9639       1115     89     55     4793.3     3156.6
9640        194     26     27     5123.1     3137.2
9641        286     38     34       67.8     3143.0
9642        124     17     17       96.2     3136.9
9643        101     16     16     1073.2     3136.8
9644       2002    125     87     2402.3     3170.9
9645        293     32     47     2995.1     3152.8
9646        232     32     22     4798.0     3138.4
9647        138     15     23     4990.2     3137.9
9648        151     32     20     5315.5     3138.0
9649       1077     71     81      167.4     3171.5
9650        125     17     22      397.4     3140.0
9651        219     40     31     1776.6     3146.1
9652        117     27     16     2060.0     3137.9
9653        152     22     22     2694.5     3138.4
9654        193     22     34     5022.9     3149.3
9655        162     25     25     5145.6     3141.1
9656        182     25     27       11.7     3144.5
9657        545     36     56     1092.5     3159.6
9658        131     14     36     1746.7     3151.3
9659        211     24     25     2951.6     3145.8
9660        172     27     24     3081.7     3142.0
9661        120     23     20     3589.7     3139.7
9662        153     17     28     4230.7     3144.2
9663        357     43     34     4974.8     3152.3
9664        278     28     29     5432.7     3148.7
9665        207     25     26      238.2     3148.3
9666        270     30     35      684.6     3155.3
9667        112     18     21      830.5     3144.4
9668        109     17     23     1808.7     3147.4
9669        237     33     25     2664.1     3147.7
9670        662     55     59     3096.1     3161.6
9671        488     63     38     3405.8     3151.5
9672        201     34     24     4199.2     3146.1
9673        176     28     27     4486.2     3151.0
9674        112     11     29      917.2     3151.3
9675        122     24     22     2581.4     3146.2
9676        680     58     57     2747.9     3167.9
9677        507     59     38     2827.3     3155.9
9678        108     12     20     2976.6     3147.2
9679       3302    107    155     3622.4     3212.6
9680        184     21     32     4654.7     3148.1
9681        214     22     27     5458.9     3149.7
9682        440     33     42      710.5     3159.5
9683        103     23     21     1233.4     3147.9
9684        127     21     15     3810.0     3144.9
9685        124     28     14     5078.7     3142.0
9686        117     19     27       23.6     3155.3
9687        354     32     50     1150.3     3164.7
9688        112     24     19     1353.1     3151.0
9689        197     24     32     1693.4     3158.0
9690        165     34     27     2047.0     3156.0
9691        108     21     25     2338.7     3151.8
9692        170     28     26     2522.5     3150.9
9693        131     19     33     2632.3     3156.6
9694        302     36     35     3159.7     3160.0
9695        575     36     49     3967.5     3163.5
9696        548     85     33     4449.3     3158.1
9697        632     57     57     5042.4     3167.2
9698        242     34     27      335.5     3154.0
9699        124     22     23     1609.9     3155.8
9700        180     21     38     2129.4     3165.0
9701       1214    104     74     4176.5     3178.7
9702        120     23     18     4833.9     3149.3
9703        122     28     10     5327.6     3146.7
9704        119     19     27       95.6     3157.0
9705        309     40     35      214.8     3156.1
9706        182     29     18      386.9     3153.1
9707        141     17     27      621.6     3155.0
9708        184     34     20     1288.6     3153.9
9709        115     19     18     1642.7     3152.2
9710        117     16     22     1720.0     3155.9
9711        132     13     32     2092.0     3160.6
9712        329     39     34     2547.4     3158.7
9713        106     20     19     3303.3     3154.1
9714        100     19     21     1436.6     3157.3
9715       3345    105    210     1811.5     3249.1
9716        234     37     26     2163.9     3158.5
9717        212     27     21     2922.1     3155.5
9718        522     54     42     3043.6     3165.5
9719        135     22     13     3287.4     3151.8
9720        110     24     17     3510.2     3156.1
9721        179     33     21     4124.5     3157.2
9722        362     26     58     5255.1     3173.0
9723        193     30     25     1183.2     3157.6
9724        826     79     49     3543.5     3177.8
9725        133     23     15     4320.9     3154.1
9726        172     20     22       38.8     3159.7
9727        429     42     41      122.3     3169.9
9728        126     22     22      264.3     3161.5
9729        469     39     47      288.1     3172.4
9730        106     18     19      587.0     3159.8
9731        331     40     39     1944.6     3169.1
9732        244     25     34     2002.8     3167.1
9733        167     27     17     2244.1     3156.7
9734        104     13     28     2296.6     3163.8
9735        120     17     24     2474.3     3161.7
9736        985     73     54     4252.9     3175.7
9737        994     63     72     4616.6     3177.2
9738        110     30     19     4995.6     3160.6
9739        200     22     33     5100.0     3165.0
9740       2038    109     98      660.7     3206.6
9741        409     45     38      816.0     3171.4
9742        194     33     28     1587.8     3167.0
9743        169     25     22     1905.4     3163.2
9744        136     36     13     3539.1     3158.5
9745       2315    147     80     3875.6     3194.2
9746        276     37     39     5314.4     3168.6
9747        379     37     43      558.0     3181.6
9748        196     24     30     3351.0     3170.1
9749        140     16     32      482.8     3173.7
9750        115     15     20     1674.6     3164.9
9751        101     21     19     3432.2     3164.7
9752        176     19     31     5065.3     3170.3
9753        287     40     30       69.7     3172.6
9754        203     26     28      742.5     3171.5
9755        200     25     34     1345.1     3174.0
9756        598     46     54     2967.0     3184.4
9757        176     37     20     3579.4     3171.0
9758       1613    107     74     3731.8     3198.6
9759        143     20     21     3722.5     3169.5
9760        361     57     34     3789.9     3171.4
9761        133     20     20     4168.7     3168.0
9762        182     19     33     4908.7     3172.9
9763        115     25     16     5397.0     3165.3
9764        138     22     20      513.6     3169.3
9765        425     31     50      920.4     3185.4
9766        459     75     29     1306.7     3173.9
9767        161     17     25     2229.1     3172.4
9768        514     53     51     2888.6     3190.3
9769       1221     76     95     3326.6     3203.5
9770        670     59     42     4345.3     3178.1
9771        186     21     26     4518.4     3176.0
9772        412     34     47     4649.1     3182.4
9773        309     21     45       96.3     3186.1
9774        284     41     37     2093.8     3181.1
9775        807     46     82     4316.9     3203.2
9776        484     42     58     4736.0     3194.1
9777        147     15     29     4858.6     3178.1
9778        109     18     17     5277.5     3170.1
9779        181     25     25      205.3     3176.5
9780        240     18     41     1000.2     3186.4
9781        101     24     21     2068.2     3176.4
9782        138     18     37     2217.9     3183.0
9783        224     33     35     2607.6     3179.7
9784        386     31     49     3180.3     3187.7
9785        236     33     28     3756.6     3175.7
9786        140     26     14     4399.0     3172.7
9787        135     16     23     4498.6     3174.1
9788        137     19     23     4591.4     3177.2
9789        211     28     25      393.5     3176.3
9790        166     23     28     1250.7     3181.9
9791        400     37     49     1374.1     3191.8
9792        153     22     23     1440.5     3178.6
9793        212     21     27     2248.4     3178.9
9794        100     18     15     2490.4     3173.7
9795        418     51     35     2576.1     3183.7
9796        223     35     28     2637.4     3178.9
9797        133     28     21     3160.3     3177.1
9798        154     21     29     3622.2     3181.0
9799        101     15     14     3841.3     3172.8
9800        393     27     46     4294.8     3190.8
9801        372     52     29     4454.2     3179.2
9802        489     34     72      602.2     3199.3
9803        403     44     51     2278.8     3196.7
9804        359     32     39     2506.0     3186.6
9805        345     48     39     2691.0     3186.6
9806        102     24     14     3109.4     3174.6
9807        254     40     23     3462.3     3179.6
9808        125     19     20     4945.6     3180.6
9809        200     25     30     5152.8     3183.1
9810        136     27     32     1041.1     3186.8
9811        136     22     27     1519.7     3180.8
9812        131     22     26     1877.1     3182.3
9813        460     56     31     2825.8     3186.7
9814        176     23     25     2988.4     3181.2
9815        320     41     25     3407.4     3182.6
9816        143     25     21     5211.1     3179.1
9817        129     27     14     5388.1     3177.0
9818        179     20     27     1902.4     3184.2
9819        168     25     22     2180.2     3185.0
9820        197     17     38     2201.2     3194.6
9821        150     28     16     2556.0     3179.4
9822        166     29     17     2931.6     3181.3
9823        245     34     43     4880.6     3194.8
9824        194     31     25     4986.6     3183.4
9825        120     17     23      327.1     3186.1
9826        156     20     21      425.3     3184.6
9827        104     19     17     3091.6     3181.5
9828        124     19     16     3739.3     3181.8
9829        148     24     23     4451.9     3185.4
9830        103     20     14     4745.7     3180.1
9831        148     22     22     5077.5     3183.8
9832        184     30     23      226.9     3187.9
9833        297     50     27     1473.7     3192.3
9834        290     40     26     3019.9     3187.9
9835        165     30     15     3221.8     3184.1
9836        246     27     40     3287.2     3198.0
9837        314     38     48     3429.5     3201.4
9838        119     24     16     4788.4     3182.9
9839        154     33     20      882.6     3185.6
9840        103     13     17     1958.4     3186.4
9841        317     47     43     1993.8     3199.4
9842        169     26     23     2033.6     3189.7
9843        101     21     21     3278.6     3186.9
9844        594     61     52     3493.5     3204.0
9845        115     21     20     3918.9     3186.0
9846        162     27     21     4378.0     3186.4
9847        425     55     35       55.0     3193.2
9848        158     23     33     1095.2     3200.1
9849        165     21     22     1212.2     3189.5
9850        104     17     20     1235.8     3187.1
9851        151     27     19     1736.8     3189.3
9852        327     46     29     2455.2     3191.9
9853        180     39     17     3117.0     3188.1
9854        128     21     26     3198.5     3193.5
9855        210     32     33     4081.7     3194.5
9856        181     22     25     4763.3     3190.7
9857        157     29     18     5019.1     3189.4
9858        197     28     28      169.1     3196.2
9859        219     41     18     1079.4     3190.3
9860        132     15     20     2111.6     3192.3
9861        121     17     25     2530.0     3196.6
9862        132     18     20     4419.6     3189.5
9863        589     52     52      464.0     3206.5
9864        227     28     32      825.2     3198.7
9865        227     23     32     2425.9     3199.5
9866        135     20     22     3474.0     3195.2
9867        158     20     24      354.9     3198.1
9868        220     19     48      494.2     3209.8
9869        550     59     44      729.4     3205.6
9870        104     14     24      781.6     3197.7
9871        121     23     28     1354.1     3201.6
9872        222     28     35     1399.2     3205.7
9873        185     23     29     1860.5     3202.8
9874        111     18     19     1887.6     3194.2
9875        199     39     22     3580.2     3196.9
9876        548     48     39     4971.1     3208.8
9877        125     15     29      541.1     3202.4
9878        119     16     18     1162.9     3197.8
9879        110     25     19     3443.3     3196.8
9880        214     27     30     4158.4     3202.3
9881        172     29     23     5161.9     3198.3
9882        121     23     19     5271.5     3196.3
9883        272     21     41      512.0     3214.7
9884        183     26     24      969.6     3202.3
9885        354     40     31     1259.3     3204.5
9886        299     31     48     1530.5     3217.5
9887        592     42     53     2354.0     3219.1
9888        195     29     21     2630.9     3199.5
9889        111     17     18     2925.9     3198.9
9890        164     20     23     3049.5     3202.7
9891        174     22     23     3218.7     3203.7
9892        214     27     32     3676.1     3206.9
9893        141     25     14     4483.6     3196.6
9894        166     18     23     4502.3     3202.3
9895        188     24     30     4942.7     3203.0
9896        138     24     21     5379.4     3199.9
9897        269     35     44      140.6     3214.6
9898        280     40     32      288.5     3207.0
9899        102     23     21     1443.5     3200.8
9900        101     30     14     1570.7     3200.2
9901        115     19     17     2480.9     3201.9
9902        205     37     19     2730.7     3201.4
9903        264     33     48     4343.2     3214.8
9904        193     35     21     4393.0     3202.5
9905        110     12     25     5098.8     3204.2
9906        208     28     32     5126.0     3206.0
9907        121     21     14      520.8     3199.6
9908        152     22     26     1658.7     3207.0
9909        194     24     30     2158.9     3208.9
9910        203     26     19     2593.6     3203.4
9911        319     42     26     2818.2     3207.0
9912        125     22     27     3019.9     3208.4
9913        915     99     45     3106.9     3215.9
9914        582     48     36     4194.6     3212.9
9915        118     18     22     4627.3     3207.1
9916        117     19     15     5016.9     3204.2
9917        124     23     14     5233.5     3201.3
9918        548     89     40       99.6     3217.6
9919        289     28     43      228.7     3215.7
9920        128     13     31      844.6     3211.2
9921        178     21     27      944.0     3208.7
9922        228     30     33     1942.8     3214.2
9923        112     17     22     2139.2     3205.9
9924        368     39     40     3389.0     3214.8
9925        168     25     27     3694.2     3208.2
9926        114     16     17     3789.5     3203.3
9927        340     42     29     4103.8     3210.3
9928        102     28     11     5051.5     3201.3
9929        248     47     25      331.7     3210.2
9930        144     27     17      569.3     3204.8
9931        211     33     24      860.5     3206.5
9932        159     36     17     1195.1     3205.1
9933        277     33     36     1608.7     3216.7
9934        338     34     51     1728.5     3219.4
9935        272     32     34     2408.4     3212.3
9936        857    102     65     2930.7     3228.6
9937        239     39     23     3258.9     3208.6
9938        168     30     22     4771.2     3207.6
9939       1012     79     58     5316.7     3224.6
9940        131     23     21     1039.0     3207.3
9941        187     21     31     1302.9     3216.2
9942        105     25     19     1638.0     3211.4
9943        395     30     57     1989.2     3231.3
9944        282     38     34     2044.0     3215.0
9945        106     24     17     2570.4     3207.3
9946        519     42     46     4257.7     3218.3
9947        124     18     20     4421.6     3208.5
9948        100     15     19     2853.3     3211.8
9949        134     28     16     3555.9     3208.1
9950        148     23     20     5291.4     3212.8
9951        805     55     73      773.9     3234.8
9952        433     34     53      995.2     3224.0
9953        171     22     25     1574.7     3215.4
9954        658     39     59     2621.7     3232.7
9955        179     20     30     2994.4     3215.4
9956        122     18     26     4405.4     3219.0
9957        100     16     28     4803.7     3219.5
9958        178     20     23     5062.8     3215.0
9959        103     22     18     5183.6     3213.6
9960        171     27     23      415.7     3217.1
9961        196     23     33      531.0     3224.1
9962        503     41     54     1129.3     3235.4
9963        223     28     19     1222.7     3217.1
9964        129     15     24     2102.0     3216.8
9965        189     38     20     2958.2     3215.8
9966        245     25     30     3543.6     3222.7
9967        878     80     77     4659.4     3233.7
9968        126     16     20       46.3     3219.9
9969        130     26     13      182.6     3215.5
9970        233     37     34      372.7     3225.7
9971        117     21     23      881.2     3219.3
9972        100     22     13     1027.0     3214.6
9973        411     41     37     1424.0     3229.5
9974        103     19     20     2443.4     3216.0
9975        108     22     19     3190.4     3219.4
9976        105     16     14     3463.0     3214.3
9977        107     31     16     4001.2     3212.3
9978        168     20     25     4285.5     3221.9
9979        109     23     18     4737.2     3216.9
9980        370     27     62      166.5     3240.2
9981        159     29     26      308.9     3221.8
9982        192     34     25      911.8     3225.6
9983        147     29     20     1057.2     3217.9
9984        112     16     25     1180.6     3221.9
9985        151     24     23     2002.2     3222.9
9986        102     25     10     2488.1     3215.1
9987        189     26     27     2655.2     3222.7
9988        107     21     18     2731.8     3216.1
9989        138     16     28     3296.6     3222.2
9990        127     19     19     3972.1     3219.6
9991        110     16     22     4363.6     3221.0
9992        263     26     30       65.6     3229.1
9993        118     21     16      358.0     3218.9
9994        312     30     40     2319.3     3234.9
9995        194     21     26     2587.2     3224.7
9996        150     23     23     2698.6     3226.6
9997        122     24     14     3222.4     3219.3
9998        260     25     33     3404.0     3227.7
9999        140     20     18     3448.4     3221.0
10000        170     24     28     4117.0     3227.0
10001        408     53     40     4721.5     3231.5
10002        109     17     22     4784.3     3221.9
10003        906     54     77      266.1     3249.0
10004        242     32     26      587.1     3227.9
10005        120     16     19      740.8     3223.9
10006        259     29     30      827.3     3231.2
10007        516     50     57     1379.3     3237.8
10008        475     42     45     3335.4     3236.1
10009        178     22     30     3505.1     3231.1
10010        267     35     30     3787.7     3228.4
10011       1064     55    100     3865.6     3267.9
10012        252     19     36     3958.1     3234.1
10013        160     19     27     5269.7     3224.9
10014        134     24     16      801.5     3222.8
10015        268     47     24     1086.1     3227.1
10016        271     30     38     1789.3     3239.3
10017        122     17     22     2517.2     3227.6
10018        214     27     31     3164.1     3229.8
10019        398     28     63     3209.1     3246.3
10020        123     16     20     3280.8     3227.1
10021       2469     96    116     3553.0     3276.7
10022        162     25     22     3693.4     3227.3
10023        153     18     28     3843.5     3226.3
10024        130     20     21     3910.9     3226.0
10025        345     32     33     4429.1     3231.5
10026        305     51     30     4482.1     3228.2
10027        157     26     20     4766.0     3226.4
10028        155     25     21     4895.9     3225.8
10029        136     18     17     4928.2     3224.5
10030        517     57     30     5235.5     3230.5
10031        144     19     21        8.4     3230.0
10032        269     29     27      449.9     3230.4
10033        273     34     38     1564.2     3237.8
10034        572     46     52     2745.5     3245.0
10035        228     32     27     2773.0     3230.8
10036        172     26     26     2871.3     3231.1
10037        753     59     77     3080.1     3252.4
10038        102     19     17     3821.8     3226.7
10039        373     36     36     4226.4     3239.6
10040        420     40     44     4821.9     3244.9
10041        143     22     25     1157.0     3234.5
10042        135     26     22     1956.0     3232.2
10043        149     25     29     2798.2     3234.0
10044        212     19     34     3047.6     3238.9
10045        254     28     39     3485.4     3238.9
10046        351     37     43     4072.6     3239.0
10047        115     25     19     4953.4     3231.1
10048        100     28     11      970.4     3227.3
10049        581     42     68     1477.2     3258.5
10050        186     25     24     2288.4     3233.7
10051        692     48     48     2483.2     3247.2
10052        516     47     41     3238.6     3243.4
10053        398     37     32     3932.5     3240.2
10054        158     24     29     4017.3     3237.1
10055       5893    122    279     4295.5     3377.5
10056        595     47     62     4558.7     3253.9
10057        142     34     15     5081.7     3229.7
10058        183     27     28     5108.3     3236.5
10059        267     50     25     5166.0     3232.7
10060        121     23     16      185.0     3231.0
10061        716     51     46      307.2     3246.5
10062        109     22     22      552.4     3237.1
10063        169     30     16     2669.9     3231.2
10064        288     24     34     3651.5     3244.4
10065        149     20     25     4159.6     3235.3
10066        256     30     23     4533.8     3236.5
10067        122     19     18     1284.7     3236.9
10068        142     23     23     1691.4     3237.7
10069        825     68     64     2147.2     3260.1
10070        197     29     22     2389.0     3238.2
10071        268     35     26     2822.2     3239.8
10072        126     27     20     3002.8     3233.9
10073        299     31     43     3765.1     3243.4
10074        367     35     35     4046.0     3241.1
10075       1125     77     68     4374.7     3259.5
10076       1168     78     55     4473.6     3254.7
10077        112     24     16     4615.5     3232.5
10078        130     19     22     4842.0     3238.0
10079        117     19     29       86.7     3241.8
10080       1183     94     89      817.6     3276.0
10081        142     23     26     1200.2     3238.0
10082        597     62     39     2059.3     3246.7
10083        102     12     27     4854.9     3241.5
10084        102     22     13     4872.1     3234.4
10085        277     35     32     4989.6     3243.4
10086        165     22     25     2372.5     3241.5
10087        120     23     17     2411.3     3237.2
10088        287     31     28     3024.4     3245.9
10089        131     24     15     3833.0     3235.7
10090        183     21     26     4304.2     3243.9
10091        248     30     25     4916.5     3242.4
10092        103     18     26      706.5     3244.0
10093        114     12     24     1709.2     3243.7
10094        245     29     31     1947.7     3250.6
10095        446     48     44     2674.2     3253.7
10096        318     30     43     2710.8     3251.4
10097        171     18     26     3889.7     3243.2
10098        304     34     33     4149.4     3248.4
10099        115     24     19     4804.1     3239.7
10100        305     41     36     1265.1     3254.9
10101        426     43     41     1612.0     3254.9
10102        531     64     71     3106.9     3273.4
10103        113     20     16     3433.0     3241.5
10104        116     25     16     3693.5     3241.2
10105        140     23     21     5173.2     3245.3
10106        217     32     27      118.5     3247.8
10107        528     36     46      208.0     3259.6
10108        137     24     25      387.2     3249.8
10109        286     31     28      916.5     3251.0
10110        141     23     18     2982.3     3245.5
10111        103     14     21     3288.4     3244.9
10112        774     60     62     3719.0     3265.4
10113        156     27     22     4108.8     3247.2
10114        139     29     20     4181.3     3247.3
10115        119     21     13     4441.4     3243.0
10116        105     14     20     4694.9     3246.1
10117        448     41     41       22.4     3258.4
10118        100     15     17      183.1     3245.4
10119        578     56     47      498.2     3257.4
10120        173     18     31     1405.7     3253.4
10121        268     36     37     1527.6     3259.9
10122        124     26     19     2585.3     3247.7
10123        183     25     28     2780.2     3252.8
10124        109     16     21     2949.9     3249.2
10125        124     21     16     3810.4     3243.7
10126        721     37     68     3966.5     3276.3
10127        115     15     23     4409.0     3252.9
10128        105     14     23     5037.2     3247.6
10129        151     23     24       63.6     3251.0
10130        312     28     39      153.7     3260.8
10131        105     14     24      679.7     3251.6
10132        242     23     32     1035.5     3257.3
10133        120     26     15     1346.3     3246.6
10134        156     20     23     1589.7     3252.1
10135        171     29     28     1746.4     3253.7
10136        148     24     24     2016.2     3252.4
10137        143     22     25     2842.2     3253.0
10138        125     18     23     3391.6     3248.0
10139        833     50     69     4596.8     3274.9
10140        215     27     23     4786.4     3251.0
10141        315     32     50     5216.3     3267.9
10142        112     15     21     5329.9     3252.5
10143        334     28     53     5408.5     3268.2
10144        136     21     19      432.6     3252.7
10145        887     71     53     2326.3     3270.9
10146        115     13     25     2513.7     3252.0
10147        223     23     28     3370.1     3256.8
10148        286     41     31     3453.6     3256.2
10149        413     38     42     3680.4     3265.0
10150        170     19     33     3833.9     3256.8
10151        450     32     57     4747.1     3266.5
10152        341     33     37     5008.3     3262.1
10153        655     45     51     5079.4     3264.8
10154        866     67     66      635.8     3278.6
10155        309     35     36      938.7     3264.4
10156        104     24     18     1317.7     3251.4
10157        106     21     18     1360.3     3252.8
10158        158     25     22     2879.4     3255.2
10159        228     23     38     4637.0     3263.5
10160        206     28     37     4777.2     3265.6
10161        215     26     34     4982.0     3260.6
10162        594     82     39     1052.7     3267.9
10163        119     22     18     1172.5     3254.7
10164        512     56     35     2185.7     3264.6
10165        102     22     16     2295.9     3252.6
10166        105     27     11     2398.2     3251.9
10167        228     31     35     3918.5     3261.0
10168        109     15     24      692.8     3257.7
10169        112     19     18     2366.5     3258.6
10170        145     17     31     3002.1     3265.6
10171        145     21     29     3315.2     3264.3
10172        529     63     36     4044.1     3266.7
10173        339     23     49     4912.0     3273.6
10174        112     16     20     5048.8     3257.8
10175        347     30     55     1142.0     3276.7
10176        198     27     22     1763.7     3262.2
10177        111     19     21     1961.8     3262.6
10178        137     16     24     2261.7     3262.1
10179        165     22     25     2560.9     3264.8
10180        168     23     29     3350.9     3264.7
10181        381     29     40     4174.7     3268.6
10182        176     33     23     5121.3     3262.1
10183        167     20     28     5238.0     3261.6
10184        180     21     30     5433.3     3267.0
10185        488     40     51     1572.2     3280.9
10186        121     14     21     1786.2     3263.4
10187        138     17     32     1841.2     3268.6
10188        171     24     23     1862.2     3265.1
10189        120     30     19     3271.2     3261.5
10190        222     23     27     4128.8     3265.7
10191        308     45     23     4225.7     3265.3
10192        409     46     31     4693.4     3266.0
10193        194     23     29      111.1     3270.6
10194        100     15     20      592.7     3264.0
10195        169     28     19      659.6     3263.7
10196       1443     63    107     2979.3     3308.3
10197        560     41     43     3136.8     3274.9
10198        265     22     31     3820.9     3267.6
10199        370     42     30     4858.4     3270.1
10200        236     29     22      394.4     3266.7
10201        149     27     23     2397.7     3266.4
10202        321     34     35     2692.0     3273.2
10203       1000     68     57     2816.3     3279.4
10204        139     21     18     3031.8     3264.2
10205        107     19     17     3996.4     3263.9
10206        121     15     24     4093.3     3267.4
10207        192     16     34     4109.0     3274.0
10208        369     40     38     4203.3     3277.1
10209        202     27     29     4963.0     3268.7
10210        279     38     34      454.1     3274.0
10211        278     26     30      707.6     3272.7
10212        203     40     23     1227.9     3269.4
10213        207     29     20     2118.3     3266.7
10214        280     31     31     4888.9     3271.9
10215        169     34     32     5322.1     3272.5
10216        149     24     27     5390.5     3270.5
10217        236     29     26      565.8     3273.6
10218        119     18     30     1342.9     3274.7
10219        306     36     30     2429.5     3273.0
10220        224     41     22     2479.4     3270.0
10221        196     34     28     2746.8     3272.6
10222        283     30     28     2866.5     3271.6
10223        853     54     57     3189.9     3290.1
10224        351     43     30     3457.5     3277.1
10225        231     22     36     4668.7     3279.8
10226        228     19     38      133.0     3281.4
10227        742     53     50      884.0     3283.5
10228        115     19     22     1009.0     3271.3
10229        113     19     19     1308.4     3270.5
10230        126     17     20     2954.6     3271.6
10231        100     18     19     3652.1     3272.2
10232        163     27     24     3730.8     3272.2
10233        142     19     25     3747.7     3274.7
10234        120     23     16     4418.1     3269.2
10235        113     24     18     4798.4     3272.4
10236        246     26     31     4933.8     3276.8
10237        159     25     20       79.3     3273.1
10238        406     43     39     1381.5     3282.6
10239        383     48     38     1614.4     3281.6
10240        582     56     50     2500.9     3289.1
10241        623     47     50     2563.2     3290.7
10242        139     29     19     3292.1     3273.2
10243        488     49     28     3391.3     3278.0
10244        163     21     30     3802.8     3279.4
10245        114     20     18     3931.8     3274.2
10246        480     28     62     5022.9     3296.5
10247        109     11     23     5177.4     3275.8
10248        511     52     44      309.1     3289.3
10249        119     16     24      373.4     3279.0
10250        148     31     19      431.7     3275.8
10251        267     37     26      736.8     3276.3
10252        128     20     18     1108.3     3274.4
10253        132     21     16     1895.8     3274.3
10254        208     30     25     2041.9     3278.3
10255        436     47     54     4762.0     3294.4
10256        158     32     17     5047.0     3273.5
10257        166     20     33      118.4     3284.9
10258        107     17     20      359.2     3278.3
10259        111     25     16     1440.5     3276.2
10260        600     42     67     3330.6     3298.1
10261       6750    158    216     3998.8     3377.0
10262        105     21     19     4309.2     3275.8
10263        142     16     26     4617.2     3280.1
10264        113     29     12     5255.5     3274.2
10265        216     22     33     2375.4     3283.4
10266        972     55     71     4356.5     3306.8
10267        209     27     20     4438.2     3280.8
10268        197     23     32     5127.1     3285.8
10269        184     17     26      183.5     3287.1
10270        211     32     25      397.1     3284.4
10271        119     23     24      532.7     3283.4
10272        254     33     27     1119.1     3287.2
10273        711     64     54     2277.8     3300.1
10274        133     20     19     3254.2     3279.7
10275        193     43     25     3362.6     3285.7
10276        225     33     24     3493.1     3281.5
10277        160     14     32     4529.9     3287.1
10278        544     56     55     4634.4     3297.5
10279        142     16     25     5162.5     3281.9
10280        287     48     39      587.3     3296.4
10281        152     23     22      683.0     3284.1
10282        174     29     20      849.7     3283.5
10283        221     36     24     1161.3     3288.8
10284        110     20     27     1327.6     3289.9
10285        254     39     23     1674.9     3285.9
10286        232     27     22     1971.0     3285.1
10287        110     17     19     2232.6     3281.4
10288        106     23     11     2593.5     3279.8
10289        191     23     27     2635.8     3289.6
10290        204     29     17     3892.5     3281.6
10291        101     10     18     3989.3     3284.0
10292        362     31     44     4241.7     3294.0
10293        221     30     35     4722.8     3287.3
10294        129     23     18       56.2     3284.4
10295        204     25     29     1266.0     3290.2
10296        177     15     35     1767.1     3291.7
10297      14174    210    372     2092.9     3438.7
10298        198     22     27     2654.4     3288.7
10299       1127     44     99     2767.4     3333.7
10300        185     28     29     3023.4     3292.2
10301       2442    105    107     3763.6     3331.2
10302        117     19     17     3851.8     3283.5
10303        150     16     23     4955.2     3287.7
10304        178     26     21     5268.2     3287.1
10305        108     22     13      218.4     3285.4
10306        358     37     37     2710.3     3299.3
10307        171     28     20     2722.8     3286.8
10308        141     19     27     3241.9     3291.7
10309        234     28     27     3830.1     3291.7
10310        211     30     25     4470.9     3288.6
10311        130     18     25     4545.4     3290.2
10312        178     29     26     5180.1     3289.7
10313        323     27     43     1046.6     3302.2
10314        259     28     36     1090.3     3295.8
10315        518     75     34     1204.2     3296.9
10316        395     41     50     1540.5     3304.8
10317        132     16     28     2387.8     3292.5
10318        135     19     27     5366.5     3295.9
10319        182     21     28       15.8     3297.0
10320        495     46     51      714.0     3309.1
10321        314     33     32     3736.1     3300.0
10322        163     20     23     3754.5     3293.5
10323        120     16     18       95.8     3291.7
10324        120     22     16      710.6     3292.0
10325        104     17     24     1490.2     3296.2
10326        291     42     30     1842.4     3297.4
10327        381     32     46     2172.3     3306.8
10328        103     17     25     2851.9     3295.5
10329        310     37     35     2924.4     3302.3
10330        163     31     17     2958.1     3290.5
10331       1381     80     70     3065.1     3324.6
10332        506     57     41     4430.6     3300.3
10333        563     48     43     4563.2     3309.1
10334        134     20     29     4696.6     3298.1
10335        359     25     63     5096.4     3310.0
10336        211     28     28      258.0     3298.4
10337        131     30     15      555.0     3293.1
10338        264     29     29      923.4     3299.9
10339        155     20     21     2325.9     3296.9
10340        228     25     32     2588.6     3301.7
10341        167     28     17     2875.2     3294.2
10342        212     21     31     3264.1     3300.3
10343        722     60     62     3662.9     3314.4
10344        124     20     25     3912.4     3297.0
10345        631     66     51     4192.9     3311.0
10346        144     16     24     5040.8     3298.2
10347        286     29     53      435.8     3318.3
10348        164     27     26      744.1     3298.9
10349        112     17     23     2041.6     3302.1
10350       1143     80     74     2388.2     3325.9
10351        115     21     15     3311.4     3296.4
10352        287     39     26     3393.8     3301.3
10353        151     19     22     3437.8     3298.3
10354        104     20     18     3943.6     3297.3
10355        194     43     18     4976.2     3297.3
10356        115     16     23     5215.8     3299.4
10357        200     22     32      174.8     3304.2
10358        123     12     28      275.5     3303.7
10359        512     35     58      374.1     3315.5
10360        163     24     21     1720.1     3298.4
10361        192     24     28     1876.3     3301.9
10362        317     25     50     2788.4     3315.1
10363        126     15     21     3227.2     3298.7
10364        164     22     25     3880.7     3302.7
10365       3180    134    101     4124.1     3338.3
10366        151     25     17     4152.5     3300.6
10367        116     16     17     5241.1     3299.4
10368        167     38     15     5419.0     3297.4
10369        210     22     36      669.7     3311.7
10370        430     52     37      764.6     3309.6
10371        142     24     25     2534.7     3304.0
10372        102     16     24     2744.1     3303.5
10373        310     35     28      229.9     3306.7
10374        541     49     46      462.0     3315.9
10375        111     25     14      487.6     3300.9
10376        212     35     24      519.3     3305.5
10377        406     33     44     1015.5     3320.1
10378        220     27     36     1948.0     3313.6
10379        121     17     25     2381.0     3307.1
10380        233     30     34     3112.7     3309.9
10381        260     22     30     3646.6     3307.8
10382        678     63     45     4489.4     3315.3
10383        385     49     30     4869.5     3309.8
10384        135     29     19     5309.5     3304.3
10385        112     20     20      343.4     3305.0
10386        170     23     24      981.3     3308.5
10387        209     30     35     1317.1     3313.3
10388        159     21     34     1428.2     3315.0
10389        149     19     26     2066.0     3309.5
10390        659     40     60     2619.0     3327.1
10391        419     47     51     3292.4     3327.4
10392        100     20     12     5258.1     3302.6
10393        164     29     27     1217.0     3310.1
10394        245     38     26     1260.1     3312.8
10395        131     28     15     1676.1     3305.7
10396        241     30     33     2016.6     3316.1
10397        899     61     71     3486.7     3335.3
10398        571     46     57     4947.4     3328.1
10399        113     15     21      137.1     3310.7
10400        123     19     21      400.5     3309.1
10401        146     21     24     1342.7     3310.3
10402        403     38     52     3602.0     3325.7
10403        186     26     30     4235.1     3315.2
10404        100     15     17     4723.2     3306.6
10405        377     31     37     4801.3     3321.4
10406        173     27     28     5055.2     3314.5
10407        117     18     25     1650.7     3312.9
10408       1562     77     77     3842.2     3340.1
10409        257     37     29     3960.3     3312.9
10410        256     43     20     4020.2     3312.3
10411        113     14     23     5434.3     3314.7
10412        119     18     21        8.1     3314.8
10413        113     12     21       91.2     3314.3
10414        161     35     14      855.2     3312.0
10415        116     26     13     1570.5     3310.9
10416        102     23     15     1741.2     3309.9
10417        104     16     22     2642.1     3313.9
10418        126     19     22     3518.0     3313.2
10419        316     34     30     4440.7     3318.2
10420        792     62     62     4548.4     3336.4
10421        106     27     13     4975.1     3311.3
10422        131     27     14     5354.3     3311.3
10423        440     44     33      570.5     3325.4
10424        157     20     23     1147.2     3317.5
10425        100     13     19     1446.0     3315.1
10426        150     16     29     1596.2     3320.1
10427        120     20     15     1626.1     3313.5
10428        135     19     23     1932.5     3316.7
10429        145     25     19     3127.2     3317.4
10430        233     28     32     3202.3     3320.5
10431        203     44     22     3233.8     3313.2
10432        102     17     18     4634.9     3314.6
10433        117     20     26     5136.4     3319.7
10434        353     27     45       26.3     3329.7
10435        677     48     54      197.8     3331.4
10436        323     45     36      927.4     3326.2
10437        175     21     27     1901.0     3322.3
10438        137     29     15     1990.0     3313.9
10439        297     28     32     3409.3     3325.0
10440        219     32     19     3929.8     3316.8
10441        204     33     23      961.7     3321.2
10442        140     23     28     1232.6     3323.7
10443        157     24     18     2463.1     3318.5
10444        322     35     33     2573.0     3329.1
10445        152     24     38     2929.1     3326.6
10446        947     44     92     3904.7     3354.7
10447        332     29     35     4738.2     3330.3
10448        140     19     18     5199.5     3318.7
10449        178     17     32      881.4     3327.9
10450        148     25     28     1107.1     3329.4
10451        352     36     37     1174.4     3332.1
10452        141     24     27     1301.3     3325.3
10453        254     48     24     1464.1     3323.2
10454        276     35     31     1844.0     3326.7
10455       1633    102    100     2869.7     3359.6
10456        210     37     25      157.4     3326.1
10457        197     24     23      264.4     3323.4
10458        131     19     33      656.9     3333.1
10459        261     43     21      821.5     3324.0
10460        147     15     34     1667.5     3331.6
10461        187     26     37     2194.9     3331.7
10462        114     33     12     2235.4     3318.2
10463        450     37     42     2477.2     3334.6
10464        521     45     55     2536.4     3338.5
10465        241     31     36     3017.2     3328.0
10466        360     30     38     3699.0     3331.7
10467        140     19     24     5074.3     3326.3
10468        155     18     27     5185.1     3326.9
10469        133     31     21     1534.6     3330.1
10470        425     51     54     2902.2     3341.9
10471        195     25     28     3579.1     3328.6
10472        229     40     25     4693.0     3328.7
10473        191     28     26      858.4     3330.8
10474        248     21     41     1315.8     3341.9
10475        154     23     24     2293.0     3330.8
10476        310     66     16     3164.3     3325.7
10477        178     24     32     3233.5     3334.6
10478        621     30     92     3343.2     3364.9
10479        865     58     69      111.8     3348.9
10480        262     31     34      501.2     3339.3
10481        206     25     29      528.3     3332.9
10482        152     28     19     1812.9     3329.3
10483        173     29     16     1876.6     3329.0
10484        248     49     30     2226.7     3333.8
10485        660     47     84     3691.0     3362.4
10486        114     17     19     4867.8     3329.1
10487        297     23     40     5111.4     3339.6
10488        229     35     31      145.1     3338.9
10489        510     44     58     2712.4     3352.5
10490        291     44     29     3555.8     3336.6
10491        152     17     22     3958.4     3334.1
10492        194     30     22     5239.4     3331.3
10493        213     38     26      716.4     3336.2
10494        513     50     40      760.5     3340.8
10495        461     47     45     1011.4     3350.6
10496        123     18     20     2597.8     3333.9
10497        323     43     29     4399.5     3337.8
10498        146     29     15     5314.6     3332.1
10499        362     37     45      338.4     3349.2
10500        119     23     16      635.0     3334.9
10501        378     30     54     1121.1     3351.0
10502        231     33     27     1377.4     3337.8
10503        417     45     29     3454.0     3341.9
10504        110     19     17     3927.8     3336.5
10505        100     16     23     5265.3     3337.4
10506        253     34     23      400.2     3339.6
10507        280     28     50      692.3     3350.5
10508        132     15     25     1079.7     3340.6
10509        267     29     30     1692.5     3343.9
10510        453     38     49     2447.1     3350.5
10511        114     12     24     3667.8     3339.6
10512        128     15     21     4615.5     3337.5
10513        155     19     30     4980.2     3343.6
10514        188     30     16     2696.7     3338.5
10515        422     49     46     3114.9     3351.2
10516        151     28     18     4454.4     3341.9
10517        271     38     31     5373.2     3349.2
10518        149     29     21      177.2     3341.5
10519        386     34     47      219.3     3351.4
10520        149     26     19      288.1     3341.0
10521        315     34     35     1567.1     3349.2
10522        116     23     14     3157.7     3338.0
10523        480     30     55     3180.4     3357.2
10524        143     38     14     3270.9     3339.3
10525       1636     90     83     3426.0     3374.2
10526       1083     76     57     4233.4     3355.6
10527        314     36     34     5078.7     3348.0
10528        215     23     31     1339.9     3348.6
10529        106     23     20     4278.0     3345.6
10530        145     22     22     4428.3     3345.9
10531        249     29     38     2017.5     3356.0
10532        141     17     28     2255.2     3350.6
10533        338     37     38     2516.0     3354.9
10534        140     20     31     2676.5     3347.8
10535        103     18     18     3148.1     3345.2
10536        318     34     36     4493.6     3353.1
10537        260     32     32     4520.9     3355.0
10538        172     25     25     4934.8     3349.3
10539        119     17     24     5020.9     3345.3
10540        144     25     18     5334.2     3343.6
10541        360     33     35      553.7     3355.8
10542        368     44     49      631.1     3365.4
10543        391     42     34      808.7     3352.3
10544        219     29     26      840.9     3351.7
10545        786     59     56     1797.6     3364.1
10546        150     23     19     1868.7     3345.9
10547        141     21     23     1968.2     3348.2
10548        227     20     30     2305.0     3353.6
10549        512     44     44     2646.8     3360.9
10550        157     23     16     4369.6     3344.8
10551        686     48     67     5134.4     3372.7
10552        182     23     26     5207.7     3349.7
10553        136     24     27      572.0     3353.7
10554        102     15     19      584.1     3349.2
10555        382     31     44      606.0     3360.4
10556        286     26     32      665.4     3355.8
10557        512     59     36     1076.0     3358.3
10558        137     17     37     1370.8     3356.6
10559        101     22     18     2997.5     3348.8
10560        105     25     22     3256.8     3350.2
10561       1188     75     75     3575.2     3369.1
10562        410     30     40     4610.9     3360.9
10563        273     58     33     1319.9     3361.9
10564        144     25     21     2281.3     3352.8
10565        162     30     22     2327.1     3350.9
10566        780     53     58     3636.7     3368.9
10567        225     33     18     3935.5     3349.4
10568        111     15     20     4636.9     3351.8
10569        390     52     37     4855.0     3358.5
10570        152     24     20     1222.9     3352.7
10571        132     20     30     1415.8     3360.8
10572        125     24     14     1467.2     3349.3
10573        127     17     23     1984.7     3355.3
10574        187     29     29     2154.1     3355.7
10575        165     34     21     2193.8     3356.6
10576        248     31     30     3224.6     3362.2
10577        390     44     36      402.0     3361.4
10578        108     17     18     2690.4     3354.2
10579        105     18     25     2971.4     3358.7
10580        110     19     16     3084.9     3354.2
10581        112     23     13     3963.1     3353.3
10582       1432     58     94     4413.8     3393.4
10583        184     26     24     5034.9     3357.0
10584        123     20     27        7.4     3359.8
10585        127     17     19      367.3     3356.3
10586        681     53     76      459.6     3377.2
10587        744     63     61      978.2     3377.7
10588        101     23     17     1604.4     3356.0
10589        520     38     63     1715.2     3377.9
10590        136     20     21     2597.4     3358.7
10591        351     37     35     3526.1     3367.0
10592        618     53     44     4456.5     3369.0
10593        114     23     14     4739.4     3354.8
10594        361     38     55     4885.2     3372.9
10595        283     28     52       42.1     3376.1
10596        115     19     13      489.1     3355.9
10597        156     27     23     1244.3     3360.3
10598        103     14     27     1525.3     3365.4
10599        293     40     41     1554.0     3371.1
10600        145     23     21     1671.9     3359.7
10601        101     17     16     2726.9     3358.6
10602        141     24     22     2816.6     3359.7
10603        426     42     35     3282.0     3367.9
10604        123     17     19     5326.4     3358.9
10605        129     21     17      165.5     3359.7
10606        135     31     18      514.2     3361.3
10607        321     52     35      708.4     3373.2
10608        174     21     30     1203.1     3369.3
10609        144     21     23     1265.9     3364.9
10610        160     26     23     1491.7     3366.4
10611        127     18     18     3036.2     3360.4
10612        440     44     40     4709.3     3370.3
10613        132     20     19     5382.3     3362.8
10614        106     12     18       67.4     3362.7
10615        114     18     22      358.8     3366.1
10616        397     24     54      777.4     3383.3
10617        106     23     18      940.8     3360.7
10618        139     21     29     1917.6     3365.6
10619        122     24     17     1946.1     3362.1
10620        347     32     35     2390.8     3370.5
10621       1149     59    108     2430.1     3415.9
10622        697     53     60     2557.0     3386.0
10623       2355    101    120     3841.1     3412.9
10624        197     26     24     4366.2     3363.2
10625        104     15     20     4911.4     3361.8
10626        319     39     30     5067.3     3367.2
10627        290     52     32      164.9     3369.4
10628        194     33     26      304.6     3370.2
10629        405     50     32     2486.5     3375.0
10630        254     40     32     2595.0     3374.9
10631        168     22     25     2799.4     3367.5
10632        397     31     45     3133.7     3380.9
10633        329     27     38     3381.6     3373.6
10634        116     18     18     3671.9     3363.1
10635        992     66     77     4179.1     3398.7
10636        305     24     39     4787.2     3375.3
10637        112     24     14     5190.1     3362.3
10638        123     18     20      792.2     3367.8
10639        192     27     26      883.1     3371.1
10640        138     19     18     1639.3     3366.8
10641        248     43     36     4979.4     3375.6
10642        308     30     42     5305.6     3382.4
10643        181     20     26      276.6     3371.3
10644        275     32     28      831.6     3373.0
10645        104     12     25     1830.5     3371.6
10646        284     27     32     2240.6     3377.6
10647        182     37     26     2839.4     3374.2
10648        145     26     15     3314.6     3366.5
10649        147     18     22     3358.7     3371.8
10650        314     47     32     4574.1     3374.1
10651        137     23     25     4691.1     3374.8
10652        302     42     20     4742.6     3370.2
10653        124     11     24     4953.0     3372.6
10654        236     32     37       21.5     3380.8
10655        384     46     30     1174.4     3376.4
10656        110     19     22     3071.4     3372.5
10657        753     64     53     4084.1     3383.7
10658        543     38     58     4334.9     3390.0
10659        940     54     78     4646.3     3402.2
10660        102     17     16     4668.6     3370.8
10661        417     43     37       85.1     3380.9
10662        286     35     29      504.1     3375.0
10663        120     18     18      927.6     3373.6
10664        129     13     36     1431.8     3385.4
10665        389     48     33     2740.0     3378.5
10666        230     31     38     3773.5     3385.8
10667        158     23     25     5038.9     3376.7
10668        155     23     30      199.6     3382.3
10669        104     20     15      756.5     3374.4
10670        480     40     56     1068.4     3390.0
10671        606     66     45     1987.8     3391.5
10672        638     59     53     2619.2     3395.4
10673        117     15     32     3233.0     3380.9
10674        251     32     26     4649.0     3379.5
10675        110     17     15      962.6     3375.6
10676        265     44     28     1255.1     3383.1
10677        163     18     24     3152.5     3378.6
10678        259     41     24     3792.4     3379.7
10679        682     49     49     3878.1     3392.6
10680        124     17     19     4358.1     3377.4
10681        240     30     22     4385.2     3379.9
10682        367     36     43      554.1     3388.8
10683        149     21     24      866.7     3382.2
10684        149     21     33     1544.4     3389.7
10685        122     21     18     2353.1     3377.9
10686        123     26     18     3003.2     3380.2
10687        555     54     56     3038.7     3396.6
10688        181     24     26     3490.0     3382.9
10689        155     29     27      148.4     3386.2
10690        203     27     25      671.4     3384.0
10691        977     50     66     1770.6     3408.2
10692        107     17     19     2936.9     3381.8
10693        275     24     37     3111.1     3392.1
10694        633     39     72     3601.8     3406.3
10695        128     19     22     4170.5     3381.3
10696        911     66     61     4554.0     3407.4
10697        155     21     26     5108.8     3382.6
10698        135     23     18      244.2     3384.2
10699        202     26     19      586.3     3384.8
10700        271     29     25     1649.4     3387.6
10701        194     25     32     1845.8     3388.1
10702        274     28     43     2773.5     3394.3
10703        137     20     25     3087.0     3387.1
10704        263     33     41     3162.9     3393.1
10705        185     41     27     3199.1     3390.7
10706        936     69     52     3298.0     3398.7
10707        374     32     43     3751.9     3396.2
10708        151     23     21     4770.3     3385.2
10709        116     21     19     5087.5     3383.9
10710        317     31     44      271.6     3400.5
10711        114     18     17      360.4     3385.0
10712        243     25     38      912.1     3394.0
10713        339     26     57     1863.2     3404.1
10714        359     57     37     2464.3     3394.2
10715        124     26     11     3268.3     3382.0
10716        157     31     21     4520.1     3383.5
10717        160     23     25     5219.4     3386.0
10718        182     28     21     1019.4     3390.0
10719        561     61     41     1342.8     3395.7
10720        103     22     13     1687.0     3384.1
10721        268     29     35     1898.6     3396.5
10722        639     45     55     2335.4     3407.3
10723        256     37     37     2825.3     3395.3
10724        270     30     26     3705.2     3391.1
10725        851     50     54     4061.9     3406.8
10726        810     38     63     4481.2     3409.5
10727        103     24     15      489.5     3389.0
10728        508     44     56      653.3     3406.7
10729        107     25     16     2049.3     3386.7
10730        381     38     46     2702.8     3400.3
10731        239     29     49     4994.6     3403.2
10732        115     19     22     5178.4     3391.6
10733        142     21     20      175.1     3392.4
10734        774     61     55     4227.2     3410.6
10735        341     44     48     4758.7     3401.4
10736        207     25     26      408.1     3399.1
10737        165     26     17      433.2     3392.9
10738        135     15     32      755.4     3398.5
10739        104     24     17      937.9     3391.5
10740        267     31     31     1502.7     3397.5
10741        108     17     14     3586.6     3391.4
10742        131     16     28     5327.2     3396.9
10743        158     15     34       62.6     3403.8
10744        181     34     20      342.6     3395.9
10745        287     24     44      726.1     3407.6
10746        212     39     22     1178.1     3396.6
10747        106     10     23     1210.5     3397.8
10748        114     15     28     1393.0     3401.2
10749        104     12     28     1525.0     3401.1
10750        137     31     17     1610.3     3395.9
10751        146     27     23     1669.3     3397.1
10752        404     37     42     1736.3     3405.0
10753        141     23     23      292.7     3401.9
10754        207     30     21      836.7     3398.9
10755        175     22     24     3212.5     3402.1
10756        158     26     15     4114.1     3395.8
10757        646     54     50     4369.7     3416.4
10758        123     16     19      196.8     3398.4
10759        123     14     32      322.3     3406.1
10760        212     20     37      609.4     3408.7
10761        108     19     18     1415.7     3398.6
10762        158     26     20     1798.2     3401.4
10763        114     23     13     1925.4     3396.4
10764        172     23     26     2024.5     3402.8
10765        151     25     20     2521.6     3399.9
10766        156     30     20     4027.0     3399.3
10767       1832    151     65     5079.2     3422.9
10768        227     25     34      685.5     3409.5
10769        106     14     31      701.8     3409.0
10770        132     13     29      765.1     3406.6
10771        243     35     26      869.6     3403.6
10772        128     23     23     1471.8     3404.1
10773        134     18     29     2805.6     3406.9
10774        422     32     37     4448.9     3409.6
10775        809     83     59     5231.0     3413.2
10776        215     48     23     5306.5     3405.0
10777        111     15     24     2251.1     3406.1
10778       3170    166    143     2731.1     3463.4
10779        206     35     22     2918.1     3404.2
10780        172     31     26     3251.2     3408.6
10781        101     16     18     3362.3     3402.0
10782        254     43     21     3516.4     3403.2
10783        103     15     12     4295.1     3399.4
10784        225     30     34     1620.9     3412.5
10785        223     21     28     1828.5     3409.7
10786        436     43     38     2237.7     3415.7
10787        263     26     38     2302.7     3414.3
10788        250     28     34     2859.5     3413.2
10789        498     36     60     3622.1     3426.9
10790        501     52     47     3663.6     3418.6
10791        241     27     26     4736.2     3408.9
10792        175     27     20       90.8     3407.6
10793        346     39     32      128.7     3408.1
10794        120     18     18      155.3     3409.1
10795        367     40     36      362.3     3416.6
10796        119     16     24      741.2     3411.2
10797        408     44     48      904.6     3423.1
10798        151     23     24     1013.6     3410.7
10799        886     72     84     1124.9     3437.5
10800        100     18     19     2044.2     3406.2
10801        112     22     16     2270.1     3404.7
10802        104     17     13     2413.4     3405.5
10803        259     26     33     3082.0     3417.6
10804        121     23     15     3233.3     3405.4
10805        126     20     21     4592.9     3407.8
10806        654     43     49     4617.6     3427.0
10807        138     33     13      808.9     3404.9
10808        162     28     19      933.3     3408.6
10809        110     20     17     1637.9     3407.6
10810        212     31     24     1961.3     3409.4
10811        394     45     35     2656.8     3417.7
10812        366     44     32     3937.5     3413.3
10813        118     16     30     4754.9     3414.3
10814        125     25     15     4785.8     3404.7
10815        135     17     23     2993.7     3411.8
10816        230     27     32     3187.7     3414.6
10817        248     40     28     3733.7     3416.3
10818        252     36     26     4128.0     3413.5
10819        574     56     28      975.3     3419.1
10820        186     21     32     1248.2     3421.4
10821        100     20     16     1569.8     3414.2
10822        120     20     21     2537.2     3411.5
10823        111     12     23     2692.2     3415.8
10824        260     40     27     2903.2     3417.3
10825        114     17     18     2981.7     3414.4
10826        102     23     19     3106.9     3413.9
10827        380     37     30     3469.8     3417.8
10828        180     27     25     3693.3     3416.7
10829        279     43     43      166.7     3427.2
10830        112     13     29      497.0     3422.0
10831        118     27     21      558.8     3415.6
10832        154     28     22     1204.3     3418.4
10833        172     31     18     2502.2     3414.7
10834        209     25     24     3513.5     3419.3
10835       1400     75     81     4191.5     3453.4
10836        249     33     31     4518.4     3421.1
10837        129     24     17      815.1     3416.0
10838        179     20     28     1037.1     3419.9
10839        147     19     21     1055.8     3418.5
10840        105     20     16     1484.5     3416.6
10841        108     21     17     2394.6     3417.2
10842        880     76     51     3131.8     3434.3
10843        140     27     16     4679.9     3417.2
10844       1270     76     94      492.3     3459.8
10845       1731    118     80     3376.4     3452.0
10846        416     39     41     3903.4     3431.2
10847        107     20     14     4896.4     3419.2
10848        151     25     28       48.9     3429.2
10849        166     23     24      228.1     3423.4
10850        747     56     57      392.6     3447.3
10851        154     19     27      621.3     3424.8
10852        175     31     32     1092.7     3425.9
10853        230     25     29     1361.3     3428.4
10854        334     30     45     1547.2     3431.0
10855        104     20     17     1796.8     3421.2
10856        103     19     21     1911.4     3424.2
10857        128     19     21     1929.1     3423.0
10858        178     24     27     1999.0     3425.3
10859        140     24     23     2525.5     3422.9
10860        305     42     24     2950.5     3423.8
10861        253     32     27     3396.5     3424.7
10862        250     25     40     4428.5     3433.1
10863        317     26     42     4716.7     3431.5
10864        123     20     26     4983.4     3425.9
10865        113     10     20     5062.8     3422.4
10866        308     37     40     5271.5     3431.2
10867        338     32     45     2213.6     3435.6
10868        167     30     17     2277.1     3423.3
10869        835     73     69     2551.3     3444.6
10870        222     23     33     3881.9     3428.4
10871        959     68     94      262.2     3460.4
10872        877     65     58      317.1     3442.3
10873        189     25     21      525.6     3427.2
10874        251     28     25      885.1     3427.6
10875        132     21     26     1436.4     3429.1
10876        376     48     29     1695.9     3429.7
10877        238     29     25     2356.9     3426.8
10878        239     37     27     3216.6     3427.1
10879        303     26     36     3549.1     3435.6
10880        153     18     20     3577.8     3424.5
10881        232     28     31     4832.9     3430.5
10882        146     16     28     4915.3     3428.1
10883        113     22     16       67.8     3426.5
10884        146     21     22      132.2     3429.5
10885        231     43     26      565.3     3431.0
10886        181     23     26     1304.5     3430.1
10887        115     23     13     2581.8     3425.9
10888        244     25     32     2843.5     3436.2
10889        857     55     82     3264.2     3461.8
10890        229     30     30     3414.5     3433.2
10891        407     36     34     3705.6     3438.3
10892        122     18     18     4590.2     3427.5
10893        139     20     23     4962.9     3432.2
10894        113     23     21     5191.9     3429.9
10895        115     23     21     5344.5     3428.9
10896        125     32     24     2028.2     3432.4
10897        114     20     22     2041.3     3432.2
10898        193     35     24     2991.0     3430.8
10899        162     23     33     3030.6     3436.1
10900        106     16     17     5163.8     3429.8
10901        171     14     42     5385.0     3441.0
10902        174     26     18       24.8     3431.2
10903        296     51     24      812.2     3434.1
10904        430     37     44      955.8     3445.0
10905        389     45     33     1218.4     3438.8
10906        137     25     16     1470.2     3429.4
10907        409     43     36     4122.3     3438.7
10908        121     20     23      419.3     3435.5
10909        136     16     21     1486.5     3434.8
10910        111     18     24     1568.1     3438.3
10911        273     28     54     3291.2     3445.9
10912        121     16     25     3429.6     3434.2
10913        200     25     26     3802.2     3435.2
10914        490     39     43     4241.3     3445.7
10915        147     23     24     4739.1     3436.9
10916        836     57     59     1000.4     3454.1
10917        244     28     33     3059.5     3444.2
10918        330     44     37     4457.0     3444.2
10919        185     35     20     4696.4     3435.8
10920        467     42     40      200.8     3445.2
10921        135     22     24      776.6     3440.2
10922        102     21     21     1155.6     3437.7
10923       4912    125    209     1754.9     3534.2
10924        165     21     28     2078.4     3442.1
10925        175     24     32     2155.8     3442.8
10926        230     35     23     2316.7     3440.1
10927        591     52     39     4505.0     3447.8
10928        779     43     78     4538.6     3468.9
10929        243     31     36     4585.8     3448.5
10930        125     28     18     4778.7     3436.5
10931        124     19     22     3098.1     3440.0
10932        131     29     13     3176.9     3435.4
10933        171     24     25     3305.5     3442.3
10934        112     20     16     3505.4     3437.5
10935        497     53     36     4072.4     3447.3
10936        247     26     35     1183.7     3448.4
10937        175     22     29     1788.5     3446.5
10938        131     25     16     1923.3     3439.0
10939        170     19     36     2228.6     3448.7
10940        544     44     51     2605.2     3455.9
10941        105     17     20     2713.3     3440.4
10942        126     24     20     2802.9     3441.5
10943        217     22     36     3447.4     3450.0
10944        295     27     35     4333.1     3448.2
10945        246     29     26     4404.3     3445.3
10946        251     34     24     4946.0     3445.6
10947        129     20     19      463.5     3442.8
10948        101     16     18      549.2     3443.4
10949        244     29     32     2398.4     3451.1
10950        729     52     83     2642.6     3471.4
10951        576     52     39     2934.2     3451.4
10952        251     28     31     3471.2     3449.1
10953        193     25     28     3767.2     3451.2
10954        110     27     18      676.5     3444.3
10955        105     20     16     1727.0     3442.3
10956        218     30     24     2170.6     3450.0
10957        286     31     33     3015.3     3451.4
10958        300     30     35     3204.1     3455.0
10959        412     39     36     3742.1     3451.0
10960        298     23     49     4380.6     3460.4
10961        173     36     20     4995.5     3449.2
10962        158     24     27       58.9     3451.1
10963        108     15     21       86.6     3450.4
10964        113     23     14      742.1     3445.4
10965        179     20     28      868.0     3451.5
10966        242     28     33     1054.9     3457.3
10967        347     38     29     1867.9     3453.6
10968        163     22     23     2473.2     3450.9
10969        318     34     28     4560.6     3452.5
10970        432     48     33     4841.9     3453.2
10971        403     36     44     4907.0     3459.5
10972        101     18     17     4976.2     3448.2
10973        551     28     70       15.3     3476.9
10974        101     14     16      175.0     3448.2
10975        156     25     32      710.6     3456.7
10976        197     34     30     1515.0     3453.9
10977        131     24     15     3646.3     3446.9
10978        133     23     25     3990.7     3450.2
10979        335     30     37      358.6     3461.2
10980        146     20     21      575.3     3453.7
10981        117     23     22     2264.9     3454.2
10982        214     34     17     2820.1     3450.1
10983        264     32     30     4669.5     3454.0
10984        144     16     24     5274.2     3452.2
10985        100     12     19      300.0     3453.1
10986        135     20     18      890.8     3452.6
10987        109     20     20     1168.2     3456.2
10988        114     16     30     1204.8     3458.1
10989        282     28     35     2066.9     3461.6
10990        824     54     52     3595.5     3471.8
10991        354     38     32     3822.9     3461.6
10992        171     29     23     4364.2     3456.7
10993        174     40     12     5187.0     3450.4
10994        141     29     14     1559.9     3452.1
10995        155     16     35     1598.0     3464.8
10996        887     50     63     1977.2     3482.0
10997        342     40     48     2857.8     3469.7
10998        187     27     29     3496.5     3457.9
10999       1490    105     70     3673.5     3483.2
11000        151     23     17     4435.4     3453.9
11001        181     27     22     4631.0     3456.5
11002        181     17     28     4883.5     3460.0
11003        228     30     30       38.2     3459.8
11004        490     52     38      681.2     3466.8
11005        127     20     18      773.5     3457.5
11006        193     21     24     1634.7     3458.6
11007        210     25     38     1665.3     3465.4
11008        111     14     20     2687.7     3458.3
11009        166     28     22     3146.5     3456.7
11010        315     26     39     3553.5     3465.7
11011        464     57     39     3982.0     3470.9
11012        124     19     17     5229.1     3455.1
11013        524     47     50     5328.5     3470.9
11014        194     21     34      652.4     3465.5
11015       1072     54     94      930.8     3499.5
11016        261     31     31     1033.3     3464.7
11017        136     24     21     1364.6     3458.9
11018        216     26     24     1925.6     3461.0
11019        114     17     26     2970.0     3462.8
11020       1105     89     62     4057.2     3483.1
11021        261     35     26     4782.0     3460.7
11022        390     31     31      158.5     3467.4
11023        112     20     21      426.2     3465.0
11024        138     17     33      464.3     3466.4
11025        131     31     17      829.9     3460.4
11026        101     19     18     1083.1     3458.1
11027        283     38     28     1823.2     3465.4
11028        203     28     34     2045.4     3470.6
11029        430     38     48     3095.8     3476.4
11030        647     56     57     3163.2     3480.7
11031        131     23     14     3791.8     3460.2
11032        136     17     21     3901.0     3463.5
11033        137     24     18     4415.3     3463.1
11034        267     26     44     1291.5     3476.4
11035        124     23     18     2247.5     3462.7
11036        150     19     27     2526.0     3468.3
11037        138     21     20     3044.3     3464.1
11038        123     22     12     3280.4     3459.7
11039        120     16     15     3526.8     3462.0
11040        901     66     69     3888.9     3487.5
11041       1695     94     95     4118.5     3488.9
11042        118     16     25     4456.4     3465.6
11043        893    142     59     5136.3     3476.1
11044        699     51     66      202.3     3484.2
11045        129     19     28      528.6     3469.6
11046        257     32     35     1232.7     3474.0
11047        180     16     32     2328.4     3472.0
11048        308     39     29     2363.5     3468.6
11049        688     79     39     2462.9     3473.9
11050        104     14     20     2871.6     3466.7
11051        138     22     15     3701.7     3463.2
11052        154     19     26     4651.9     3468.2
11053        515     58     39      619.5     3477.5
11054        612     62     44      863.8     3480.6
11055        116     18     20     1143.5     3467.5
11056        114     21     18     2154.0     3464.5
11057        136     19     18     3121.2     3466.8
11058        255     31     45     5279.9     3477.6
11059        262     34     28       82.8     3476.1
11060        557     68     62      126.5     3488.6
11061        101     18     23      131.2     3470.4
11062       1890    105    141      780.8     3524.8
11063        125     17     20      906.8     3469.5
11064        100     13     17      935.4     3469.1
11065        136     22     18     1074.7     3469.7
11066        186     28     20     1577.8     3469.5
11067        329     28     37     2910.7     3477.1
11068        279     39     31     3213.0     3474.8
11069        224     31     22     4614.0     3471.2
11070        189     29     16     4697.1     3467.6
11071        203     17     37     1020.3     3483.3
11072        108     22     18     1190.8     3470.8
11073        133     27     21     1322.9     3472.9
11074        139     18     31     1420.7     3476.7
11075        119     22     20     1549.6     3470.8
11076        113     20     22     1900.0     3470.8
11077        156     21     22     2170.2     3473.7
11078        244     31     29     2192.5     3473.8
11079        114     15     16     3511.7     3471.1
11080        854     66     56     3822.0     3487.9
11081        151     20     25     4471.9     3475.1
11082        136     17     18     4569.4     3472.1
11083        104     35     15     4955.0     3465.3
11084        386    100     22     5027.3     3466.0
11085        117     18     19     5400.8     3470.1
11086        110      9     47     5466.6     3489.3
11087        182     34     22      823.1     3473.4
11088        175     18     25      966.1     3475.2
11089        111     25     18     1501.8     3473.6
11090        133     24     20     2411.9     3471.1
11091        225     31     25     4443.8     3476.2
11092        922     58     48     4499.5     3489.3
11093        336     24     44     4597.1     3488.5
11094        132     27     22     5002.2     3475.9
11095        147     21     22     5160.2     3474.1
11096        766     68     77     1833.1     3507.0
11097       1923    100     68     3491.1     3497.1
11098        286     38     35     3743.1     3486.2
11099        247     24     31     4862.7     3480.9
11100        129     22     15     2284.1     3476.0
11101        145     27     18     3016.6     3475.4
11102        114     13     28     3065.1     3483.6
11103        100     12     20     3366.8     3477.7
11104        127     16     27     4894.6     3483.0
11105        215     33     27     4978.1     3479.4
11106        124     21     25      439.6     3482.3
11107        160     25     19     1489.0     3479.6
11108        169     22     28     1623.4     3484.8
11109        245     39     33     1716.8     3488.4
11110        136     19     27     2117.0     3486.4
11111        408     44     42     2391.3     3489.9
11112        177     30     25      150.8     3486.0
11113        200     17     46      399.3     3492.1
11114        191     27     34      725.7     3489.2
11115        107     12     24     1909.0     3482.5
11116        108     21     18     2779.9     3480.8
11117        149     28     23     2841.3     3485.4
11118        301     46     31     3357.6     3487.3
11119        110     18     25     4407.9     3487.9
11120        191     21     27     4838.5     3484.4
11121        368     40     35     1065.7     3492.4
11122        471     51     34     1567.7     3493.8
11123        452     36     53     2198.0     3504.8
11124        271     27     37     2967.0     3491.7
11125        107     25     12     3323.2     3480.2
11126        212     28     32     5059.5     3490.8
11127        339     38     28     1681.5     3490.5
11128        210     21     38     2358.7     3496.3
11129        352     37     37     2521.0     3495.2
11130        181     20     32     3040.9     3492.6
11131        336     38     33     4270.7     3491.0
11132        101     18     19     5137.5     3485.2
11133        101     22     11     1397.8     3483.5
11134        605     44     67     3977.7     3511.9
11135        539     59     50     4719.9     3501.2
11136        430     40     38     4763.8     3497.0
11137        162     23     34     4788.6     3496.4
11138        120     27     18     4817.8     3485.7
11139        120     15     25     5082.9     3491.1
11140        173     22     26       58.7     3491.4
11141        113     19     18      295.3     3490.3
11142        162     34     14      339.6     3485.5
11143        423     47     48      476.1     3501.2
11144        116     19     25      658.4     3490.9
11145        326     35     40      682.6     3498.9
11146        127     29     21     2005.0     3491.0
11147        302     30     32     2613.5     3492.9
11148        214     22     38     3673.0     3501.3
11149        106     18     15     3788.3     3486.6
11150        602     48     38     4373.8     3501.3
11151        239     31     19     4644.2     3488.6
11152        113     13     32     5123.8     3494.8
11153        308     31     47     5229.6     3504.0
11154        146     19     26      799.3     3493.9
11155        135     20     27     1512.0     3494.7
11156        352     30     41     2224.9     3502.3
11157        168     27     23     3127.9     3494.1
11158        600     48     57     3949.9     3507.4
11159        124     18     22     4458.5     3493.5
11160        129     16     25     4878.2     3494.2
11161        227     31     26      223.6     3498.7
11162        226     29     27      248.8     3496.4
11163        209     30     22      365.9     3495.8
11164        759     53     56      567.9     3511.7
11165        112     20     21     1113.3     3492.2
11166        439     32     37     1158.1     3501.3
11167        130     22     21     1431.2     3493.9
11168        156     18     22     2766.8     3494.1
11169       1282     92     81     3254.3     3528.4
11170        459     43     44     3582.1     3509.0
11171        111     22     16     3621.9     3490.7
11172        259     28     34      819.0     3500.6
11173        280     38     31      973.6     3498.2
11174        126     25     19     1374.4     3495.0
11175        740     57     52     1477.2     3510.5
11176        135     28     21     2561.2     3497.4
11177        177     22     20     3933.1     3494.4
11178        105     23     16     4174.8     3495.6
11179        119     21     16     4618.3     3493.9
11180        264     37     33     5010.1     3503.5
11181        329     26     42     5153.4     3506.3
11182        110     31     14     5209.7     3493.2
11183        273     44     25      336.0     3500.4
11184        139     19     17     1525.5     3497.8
11185        141     19     36     2103.3     3505.9
11186        675     53     60     2468.7     3517.4
11187        288     24     37     3339.3     3505.5
11188        208     43     20     3419.1     3498.5
11189       1106     81     78     4161.8     3534.4
11190        244     29     28     4660.8     3503.9
11191        142     20     25     4848.8     3503.0
11192        290     43     27      426.0     3506.2
11193        328     39     34      995.0     3510.1
11194        249     32     32     2255.5     3507.0
11195        116     19     24     2786.6     3499.9
11196        515     53     44     2929.6     3510.7
11197        538     51     40     3300.8     3508.8
11198        499     42     38     4190.9     3509.9
11199        110     20     20     4422.3     3501.7
11200        100     21     17     5195.9     3498.2
11201        141     15     36     5376.4     3505.0
11202        143     14     31      747.3     3505.3
11203        153     23     21     1228.9     3501.2
11204        133     30     14     2332.2     3498.6
11205        887     39    104     3094.2     3541.4
11206        347     36     49     3174.4     3516.8
11207        364     44     48     3766.0     3517.2
11208        169     35     21     4574.5     3500.9
11209        117     17     21      119.5     3504.3
11210        805     56     57      710.3     3521.6
11211        249     38     27      843.5     3506.0
11212        370     46     46      881.4     3517.0
11213        378     42     45     1857.9     3514.3
11214        126     14     24     2542.7     3507.9
11215        211     36     25     3132.4     3506.7
11216        160     25     23     4226.4     3501.8
11217        139     23     25     1338.2     3511.3
11218        140     33     20     1597.3     3504.7
11219        122     19     20     1785.1     3506.0
11220        250     32     24     1918.0     3506.3
11221        157     23     31     2028.2     3511.9
11222        253     41     25     2755.7     3510.6
11223        101     16     20     3732.8     3506.6
11224        100     21     16     4637.4     3502.7
11225        139     24     18     4697.0     3506.5
11226        668     63     56       39.0     3520.2
11227       1060     60     71      269.8     3530.4
11228        119     21     19      533.4     3507.7
11229        181     24     28     1956.0     3511.3
11230        448     36     50     3062.0     3523.8
11231        272     32     31     4471.6     3513.6
11232        604     55     43       93.2     3521.8
11233        148     26     17      668.5     3508.7
11234        504     33     69     1181.4     3536.0
11235        182     23     31     1676.6     3516.8
11236        116     22     16     2284.2     3506.0
11237        111     14     25     2423.7     3511.3
11238        151     21     27     3013.0     3510.4
11239        103     11     21     3197.3     3510.8
11240        283     35     28     3392.3     3514.7
11241        493     35     54     3620.5     3526.9
11242        188     29     26     4012.0     3512.7
11243        109     14     22      498.0     3513.5
11244        221     39     31     1206.6     3517.7
11245        101     21     17     1313.7     3511.1
11246        118     24     19     1984.8     3511.2
11247        130     22     20     4048.4     3512.1
11248        325     32     33     4075.8     3517.2
11249        128     20     21     4138.7     3513.2
11250        102     13     21     4313.9     3514.2
11251        132     26     22      633.7     3514.3
11252        141     25     18     1431.3     3514.2
11253        113     17     15     2592.7     3511.7
11254        253     22     36     2664.2     3522.4
11255        884     65     66     3699.5     3534.3
11256        432     39     51     3879.8     3534.8
11257        186     35     29     5100.2     3522.0
11258        191     27     20      315.8     3516.7
11259        164     19     42     1703.0     3532.2
11260        141     18     22     2633.5     3516.3
11261        118     26     15     2825.1     3514.7
11262        157     33     16     3854.9     3515.2
11263        254     30     27     4408.5     3519.8
11264        124     20     18     5433.6     3516.0
11265        141     22     20     1624.5     3516.8
11266        131     23     22     1723.2     3520.5
11267        189     23     27     2005.7     3521.3
11268        780     84     50     2335.3     3530.0
11269        253     29     36     2879.0     3523.3
11270        693     40     78     3462.7     3548.0
11271        187     22     30     3899.5     3524.7
11272        228     20     38     4642.3     3528.2
11273        109     15     20     5171.6     3514.8
11274        417     39     47      361.4     3530.5
11275        253     27     32      968.9     3526.2
11276        130     24     16     1405.2     3517.7
11277        269     31     30     2279.8     3524.4
11278        174     28     21     2693.3     3520.3
11279        615     51     55     3352.7     3535.5
11280        178     28     22     3549.6     3518.8
11281        213     26     24     4264.1     3522.1
11282        305     30     36     4600.4     3528.7
11283        599     51     43      143.4     3533.3
11284        109     18     18      393.2     3520.9
11285        120     17     21     1079.4     3520.5
11286        225     41     35     2952.0     3529.6
11287        124     21     17     4220.7     3522.0
11288        121     18     18     4617.5     3521.0
11289        126     18     25      473.9     3524.3
11290        185     30     30     1899.3     3530.1
11291        103     19     15     2531.9     3522.2
11292        152     18     22     3746.7     3525.2
11293        143     14     33     4036.0     3533.6
11294        283     43     31     4515.0     3529.5
11295        138     22     20      431.7     3526.0
11296        293     39     22      524.1     3525.5
11297        166     31     15     1018.4     3524.0
11298        351     39     33     1143.3     3532.2
11299        109     13     18     1518.8     3523.9
11300        141     27     22     1645.7     3525.1
11301        162     17     31     1869.5     3532.0
11302        206     31     28     1955.3     3530.2
11303        228     35     26     2171.3     3528.0
11304        172     22     24     2507.9     3528.1
11305        134     22     20     2797.4     3526.3
11306        551     49     42     2983.8     3533.9
11307        266     29     38     3434.6     3535.5
11308        782     55     48     3809.4     3540.4
11309        180     25     25     4244.7     3527.1
11310        944     64     69     4381.8     3542.9
11311        172     24     27     4461.7     3529.9
11312        109     15     22     4583.9     3526.8
11313        147     18     29     4658.9     3529.4
11314        422     61     27     4844.9     3529.1
11315        225     33     22     4893.4     3526.8
11316        159     20     33      176.3     3532.7
11317        214     39     32     2422.3     3533.5
11318        105     22     16     3136.7     3525.2
11319        191     24     28     4441.8     3529.7
11320        421     43     35     4694.0     3534.3
11321        325     39     30     4735.1     3531.5
11322        117     14     23     4771.1     3528.4
11323        350     34     46     5149.0     3541.4
11324        227     34     28      580.8     3532.9
11325        224     35     39      888.8     3541.6
11326        234     32     28     1330.8     3535.0
11327        132     29     11     2247.8     3526.0
11328        112     20     18     2373.7     3530.2
11329        159     21     34     2823.9     3534.1
11330        143     23     16     3501.9     3528.6
11331       2472    159    117     4558.0     3568.3
11332        207     26     28      653.1     3535.7
11333        634     47     70     1801.2     3562.9
11334        875     43     81     3918.3     3569.2
11335        362     24     52     4292.6     3549.2
11336        209     26     21     5011.8     3533.3
11337        180     25     25     5076.9     3535.3
11338        196     23     27      230.1     3539.3
11339        390     35     52      314.5     3551.1
11340        180     29     18      461.4     3534.1
11341        353     44     29     1042.9     3534.9
11342       1031     58     78     1535.4     3561.2
11343        150     25     20     2387.5     3534.1
11344        240     26     31     2490.6     3540.8
11345        105     14     19     2772.4     3534.1
11346        239     22     36     3210.0     3542.4
11347        174     18     26     3644.3     3536.1
11348        314     31     30     4215.2     3540.5
11349        104     23     19     5391.3     3534.9
11350        115     22     18      207.6     3535.5
11351        171     29     20      821.7     3535.1
11352        166     24     20     1423.3     3537.1
11353        142     22     26     1499.3     3537.8
11354        207     29     27     1599.6     3540.2
11355        269     30     33     2198.8     3543.6
11356        558     47     60     2717.0     3552.2
11357        107     16     19     2807.5     3534.9
11358        479     51     34     3999.2     3543.2
11359        106     19     14     5430.2     3533.1
11360        236     27     25      630.5     3541.1
11361        273     29     33      763.9     3545.6
11362        238     35     26     1668.5     3540.7
11363        219     20     39     2100.5     3546.7
11364        278     30     34     2692.2     3543.8
11365        187     20     30     2748.9     3542.3
11366        204     24     28     2884.2     3543.9
11367       1035     62     77     3374.6     3567.7
11368        154     26     20      601.5     3539.7
11369        263     36     36     1446.7     3548.4
11370        119     13     25     2848.2     3544.6
11371        133     16     24     3046.7     3540.7
11372        420     37     39     3310.4     3547.4
11373        528     62     38     3417.7     3549.9
11374        123     15     22     3578.2     3541.5
11375        134     19     21     3593.0     3540.6
11376       2699    142     88      107.0     3575.5
11377        455     39     40      433.0     3554.7
11378        119     22     15      959.8     3540.2
11379        102     15     21     1258.1     3542.8
11380        132     17     24     1643.6     3546.3
11381        309     29     38     1864.9     3552.8
11382        307     47     26     1912.5     3545.0
11383        124     23     20     1966.8     3542.3
11384        127     20     19     2137.7     3543.0
11385        132     27     16     2574.1     3539.8
11386        197     28     22     2612.0     3542.4
11387        331     34     38     3026.1     3549.4
11388        177     27     18     4108.3     3541.3
11389        230     27     29      526.4     3547.1
11390        127     18     23     2644.9     3543.6
11391        684     48     71     2922.2     3564.5
11392        102     14     20     3124.1     3542.3
11393        202     19     35     4026.9     3552.0
11394        282     34     36     4319.8     3549.1
11395        171     31     18     4924.2     3542.7
11396        131     11     41     5466.0     3551.3
11397        161     26     20     1014.4     3547.6
11398        143     24     17     1112.9     3544.6
11399        161     19     29     2007.5     3552.6
11400        162     18     26     2368.3     3548.1
11401        148     23     32     2441.8     3551.3
11402        143     30     14     3490.6     3543.2
11403        130     18     19     4656.3     3547.3
11404        825     49     64      184.9     3569.7
11405        311     32     34      507.9     3556.3
11406        198     26     26      689.8     3555.0
11407        721     68     59     1141.0     3570.3
11408        352     39     37     1306.3     3559.2
11409        553     52     45     1353.3     3560.8
11410        105     23     15     1469.4     3545.2
11411        137     16     25     1488.8     3550.0
11412        114     12     25     3733.2     3550.9
11413        215     26     33     4767.3     3555.9
11414        112     16     17     5048.7     3547.0
11415        349     37     34      401.9     3557.4
11416        769     67     50      844.9     3566.1
11417        196     29     32     2159.1     3556.1
11418        117     17     19     2763.5     3549.9
11419        115     21     19     2796.0     3551.5
11420        305     33     38     3513.9     3555.1
11421        187     26     25     3751.0     3552.3
11422        193     23     24     3934.5     3552.3
11423        240     26     35     5449.5     3556.1
11424        289     37     38     1211.6     3561.5
11425        193     22     29     2417.6     3552.7
11426        168     26     26     3132.7     3554.8
11427        479     50     30     4078.0     3554.8
11428        100     18     22     4874.2     3553.7
11429        109     15     19     1419.9     3553.5
11430        104     20     18     2287.6     3550.9
11431        711     47     72     2480.6     3584.7
11432        161     25     23     2513.1     3557.5
11433        313     33     33     2668.6     3557.8
11434        227     37     30     4477.6     3557.0
11435        117     14     20     5342.8     3554.5
11436        355     22     57      212.9     3571.9
11437        382     43     33      470.2     3561.5
11438        649     46     52      908.3     3571.7
11439        149     24     19     1159.7     3557.2
11440        261     34     26     1835.3     3556.8
11441        123     13     24     2308.4     3557.6
11442        312     31     42     2832.7     3567.1
11443        159     26     23     3559.9     3558.1
11444        144     23     20     3666.7     3554.8
11445        110     18     18     3777.2     3556.1
11446        882     67     48     4132.9     3570.6
11447        168     32     17     5312.3     3554.4
11448        189     20     33       28.0     3567.5
11449        171     20     32      341.4     3564.0
11450        131     23     23     1577.3     3560.8
11451        237     26     34     2228.6     3564.1
11452        352     38     42     3065.1     3565.7
11453        221     31     29     3602.0     3563.6
11454        293     33     47     3653.5     3572.7
11455        122     20     22     3722.7     3559.2
11456        131     19     22     4336.9     3558.9
11457        637     58     41     4428.3     3565.6
11458        115     16     26     4664.2     3560.7
11459        116     15     24     5411.3     3559.8
11460        245     32     24      585.2     3563.0
11461        362     36     34      734.0     3564.0
11462        372     28     46     2957.6     3571.9
11463        221     24     27     3185.3     3562.6
11464       1340     98     76     3831.4     3581.8
11465        192     25     26     4882.9     3563.5
11466        202     24     28     5369.2     3563.1
11467        175     17     24      545.3     3564.1
11468        143     25     22      998.4     3562.0
11469        217     29     20     1700.0     3562.6
11470        471     31     51     2985.6     3577.7
11471        192     16     38     4008.9     3571.5
11472        117     18     22     4789.9     3565.4
11473        232     37     26     2025.3     3567.4
11474        160     29     21     2131.8     3563.5
11475        102     16     16     2527.7     3562.5
11476        145     19     28     2618.4     3566.1
11477        155     26     21     2690.5     3564.5
11478       1026     55     94     3886.7     3598.6
11479        227     17     37     4175.2     3572.9
11480        151     21     31     4268.5     3570.2
11481        166     32     25     4815.2     3564.0
11482        125     20     27      130.1     3569.3
11483        118     16     22      635.6     3564.8
11484        341     36     42     1032.0     3574.6
11485        277     30     37     1651.3     3573.9
11486        461     41     43     2185.7     3581.8
11487        111     16     18     2876.1     3565.1
11488        106     13     28     5008.9     3570.5
11489        191     36     27     1614.1     3572.9
11490       1402    101     68     1886.7     3594.4
11491        107     19     20     1939.8     3568.2
11492        113     18     18     2351.4     3566.8
11493        655     48     70     2403.7     3592.6
11494        265     31     39     2770.2     3578.1
11495        456     39     60     3773.4     3592.7
11496        334     25     43     3990.4     3578.3
11497        150     28     16     4699.0     3564.8
11498        249     39     32     5385.1     3578.0
11499        319     22     45      311.7     3582.6
11500        186     24     25      763.3     3572.0
11501        284     41     25     1276.6     3571.4
11502        201     31     22     1442.0     3569.6
11503        135     23     22     2439.8     3569.0
11504        148     20     23     2642.7     3569.6
11505        130     19     16     2747.9     3567.6
11506        187     26     29     2796.3     3575.0
11507        106     18     16     3119.4     3568.8
11508        156     24     19     3397.4     3569.6
11509        635     71     39     3731.2     3583.6
11510        457     53     50     4243.3     3588.1
11511        109     16     19     1116.1     3571.4
11512        318     27     47     1680.8     3584.8
11513        119     21     22     2209.8     3573.2
11514        105     13     24     2290.7     3573.4
11515        652     44     70     2560.2     3595.4
11516        379     40     33     2597.1     3576.6
11517        119     16     24     3676.6     3570.8
11518        109     22     15     3710.0     3569.8
11519        293     29     30     4072.8     3577.0
11520        122     13     24     4996.8     3572.9
11521        124     19     18     5110.0     3570.8
11522        410     32     40     5132.1     3580.8
11523        180     28     23      711.0     3573.8
11524        146     22     29     1411.2     3578.8
11525        112     20     20     1587.9     3573.8
11526        135     15     24     3029.8     3577.8
11527        170     26     21     3435.9     3572.6
11528        175     23     22     5187.2     3573.5
11529        579     39     57     1074.6     3598.6
11530        214     23     32     1387.7     3581.7
11531        392     31     42     1975.7     3589.0
11532        139     17     24     2335.9     3576.7
11533        107     23     24     3277.0     3575.8
11534        153     21     31     3541.7     3580.0
11535        113     20     18     3691.9     3576.7
11536        170     25     20     3942.1     3573.7
11537        143     17     28     4321.1     3579.4
11538        271     35     35     4630.5     3583.0
11539        168     24     21       51.9     3580.4
11540        119     21     16      244.5     3577.2
11541        151     20     21      939.4     3579.7
11542        131     24     19     1197.5     3577.8
11543        356     45     46     2261.9     3584.6
11544        998     49     80     2519.3     3613.9
11545        140     25     18     3254.4     3575.7
11546        229     25     32     4189.9     3585.7
11547        107     20     13     4204.8     3574.7
11548        327     23     58     4517.6     3598.0
11549        207     36     22     4605.1     3576.9
11550        163     23     20     4741.7     3575.9
11551        489     48     41      675.0     3587.8
11552        584     48     45      988.2     3593.8
11553        103     15     21     2495.3     3580.4
11554        299     35     42     2825.0     3592.0
11555        108     19     21     3083.8     3578.9
11556        210     29     25     4339.8     3584.9
11557        166     28     17     4664.3     3578.1
11558        164     23     26      610.3     3584.7
11559        121     16     25     1700.0     3583.3
11560        294     40     31     2685.3     3585.8
11561        615     48     64     2855.6     3603.0
11562        164     25     27     3017.2     3588.8
11563        107     15     25     3158.5     3584.6
11564        176     24     33      382.9     3589.2
11565        108     15     21      424.2     3585.1
11566        137     16     26      460.1     3585.0
11567        154     25     24      563.9     3583.0
11568        216     33     30      731.6     3590.3
11569        588     44     57      788.5     3606.0
11570        142     25     21     1814.5     3585.7
11571        311     32     42     2091.3     3595.8
11572        187     28     25     3041.4     3586.2
11573        120     18     18     4024.1     3581.4
11574        150     27     18     4941.7     3583.8
11575        123     16     31      471.7     3590.8
11576        102     14     20     1214.6     3586.6
11577        188     32     18     1577.2     3587.4
11578        105     18     19     1665.3     3588.1
11579        249     32     39     4388.1     3597.7
11580        317     30     34     4420.0     3589.3
11581        172     30     34     5060.2     3596.5
11582        125     12     26     5464.1     3588.8
11583        138     15     26        9.0     3589.7
11584        316     34     37     2755.6     3596.4
11585        149     31     17     3230.5     3586.8
11586        121     22     18     3419.7     3587.8
11587        285     36     31     3474.0     3593.2
11588        101     18     20     5425.1     3587.1
11589        275     23     27      332.0     3593.4
11590        220     26     45      581.1     3602.6
11591        318     36     32      647.0     3594.6
11592        103     14     21      701.4     3591.4
11593        536     47     47      853.9     3605.2
11594        664     62     62     1142.1     3612.0
11595        153     24     29     2214.8     3596.0
11596        150     22     25     3123.9     3591.0
11597        349     27     44     3286.5     3605.4
11598        170     21     21     3320.7     3590.7
11599        251     40     30     3441.6     3592.7
11600        406     49     30     3629.6     3593.1
11601        134     20     16     4373.2     3587.2
11602        100     11     25     4914.7     3594.8
11603        104     16     27     1234.9     3592.4
11604        311     34     46     1500.4     3603.7
11605        291     31     32     1627.8     3595.7
11606        134     23     17     2124.6     3589.3
11607        126     19     26     2328.5     3596.5
11608        129     17     25     2728.1     3594.7
11609        112     19     19     4643.8     3590.1
11610        235     32     29     4993.5     3600.9
11611        265     26     35     1250.4     3598.5
11612        110     20     20     1358.3     3593.6
11613        196     15     33     3502.0     3602.2
11614        435     37     33     4445.0     3602.8
11615        127     18     19     4500.5     3593.3
11616        483     42     53     1452.8     3611.2
11617        197     31     26     1471.5     3596.5
11618        288     38     30     2303.9     3599.9
11619        222     29     39     2691.4     3607.2
11620        311     42     33     2885.1     3604.1
11621        444     33     51     3181.7     3609.5
11622        124     22     13     4053.0     3592.6
11623        114     25     18     4270.5     3592.5
11624        345     30     50      823.8     3610.8
11625        225     29     41     1516.9     3609.6
11626        192     21     33     1791.5     3608.2
11627        101     18     15     2235.4     3592.6
11628        382     34     43     3006.4     3613.2
11629        116     20     20     3055.0     3596.7
11630        110     12     25     4002.0     3600.1
11631        192     28     23     4738.3     3599.2
11632        258     27     33      287.9     3606.1
11633        194     31     24      499.1     3601.9
11634        183     25     21      931.4     3599.6
11635        779     95     45     2202.7     3613.2
11636        160     25     22     2663.0     3601.6
11637        115     21     16     2806.2     3595.3
11638        573     36     57     3255.3     3620.5
11639        188     20     29     4227.8     3603.7
11640        799     64     57     4356.3     3622.0
11641        516     63     34     4807.4     3604.9
11642        171     27     28     4853.7     3602.6
11643        186     20     31     5215.9     3607.0
11644        327     32     36       42.2     3609.1
11645        258     29     37      560.0     3611.2
11646        140     28     21     1657.3     3601.7
11647        288     46     28     2377.4     3605.4
11648        960     86     55     2616.7     3620.4
11649        836     95     55     3750.2     3617.9
11650        254     40     29     4770.3     3601.9
11651        363     27     54      308.9     3624.9
11652        348     34     39      889.3     3612.3
11653        181     26     24     1343.6     3603.8
11654        535     66     53     2288.8     3624.4
11655        106     22     22     3399.6     3602.4
11656        245     33     27     4038.4     3605.2
11657        179     41     19     4089.1     3603.3
11658        186     23     21     4331.3     3605.1
11659        409     31     53     4399.2     3626.0
11660        104     21     19     4596.6     3604.6
11661        547     54     40      348.2     3620.1
11662        677     62     51      457.7     3625.4
11663        107     17     21      957.0     3607.6
11664        284     32     27     3209.4     3609.1
11665        567     54     36     3398.2     3615.6
11666        152     22     25     4692.9     3608.1
11667        108     19     18      721.6     3607.2
11668        502     41     39     2951.2     3614.5
11669        846     66     49     3081.1     3620.4
11670        125     23     20     3110.3     3605.4
11671        127     23     20     4482.3     3610.5
11672        101     15     19     5462.9     3607.1
11673        851     73     47       87.8     3625.0
11674        192     18     32      262.9     3614.3
11675        276     30     26      917.0     3614.1
11676        314     34     43     1389.8     3622.4
11677        121     16     20     1933.0     3609.8
11678        129     23     17     3141.0     3607.0
11679        240     36     16     3334.2     3608.3
11680        471     55     48     3548.0     3625.3
11681        181     18     36     3567.9     3617.3
11682        489     52     43     3984.1     3620.2
11683        354     46     32     1012.8     3617.4
11684        117     16     27     1107.3     3614.9
11685        169     27     30     1161.0     3617.8
11686        160     29     21     1537.6     3613.1
11687        144     15     32     1558.1     3615.8
11688        141     15     34     1776.6     3620.1
11689        154     20     26     2735.4     3615.0
11690        152     19     24     4536.8     3613.9
11691        266     28     35     5269.0     3619.3
11692        113     17     27      942.3     3616.1
11693        141     17     22     1582.1     3614.9
11694        308     40     31     2135.6     3620.3
11695        208     26     24     2919.8     3613.7
11696        153     23     25     3470.9     3619.5
11697        292     22     44     3601.5     3624.4
11698        242     35     26     3648.0     3614.9
11699        225     35     25      227.2     3619.7
11700        167     24     25     1045.1     3617.9
11701        174     29     21     1375.0     3617.9
11702        135     21     27     1646.9     3617.3
11703        139     25     21     1686.3     3616.6
11704        227     38     30     2176.0     3623.8
11705        332     32     42     3306.0     3624.8
11706        104     15     15     4083.8     3614.4
11707        104     23     17     4192.4     3615.4
11708        174     23     27     4504.6     3618.4
11709        112     20     20     5451.4     3617.1
11710        344     40     39      604.5     3625.3
11711        204     21     32      757.1     3621.5
11712        376     43     35     1292.8     3623.5
11713        355     31     40     1711.8     3626.6
11714        214     41     18     2113.2     3616.4
11715        361     41     35     2368.7     3624.8
11716        100     25     11     4872.0     3612.7
11717        123     14     20     5024.8     3618.1
11718        111     21     28      718.0     3624.6
11719        180     25     24     1183.8     3621.5
11720        246     29     35     1234.1     3627.4
11721        367     30     38     3688.7     3625.9
11722        164     24     21     3796.5     3621.8
11723        110     17     25     4614.2     3622.4
11724        122     14     21      531.3     3622.6
11725        156     33     21      679.8     3620.4
11726        260     27     36     1213.1     3629.1
11727        143     29     16     1823.8     3620.6
11728        297     22     35     2073.4     3629.8
11729        511     53     35     2462.9     3628.6
11730        106     14     19     2976.8     3623.0
11731        327     39     36     3942.5     3631.9
11732        232     35     21     4071.9     3623.7
11733        127     20     24     4128.4     3623.0
11734        121     18     22     4887.9     3623.5
11735        211     34     26     1423.7     3628.6
11736        238     31     33     1494.4     3635.4
11737        136     16     28     1570.0     3630.3
11738        315     36     33     2755.0     3633.4
11739        132     24     19     5054.1     3622.6
11740        144     26     21     1327.0     3626.5
11741        145     14     30     1795.7     3632.6
11742        177     21     23     2263.5     3627.7
11743        131     26     22     2492.5     3627.6
11744        257     31     24     3158.1     3628.4
11745        125     27     15     3221.7     3623.9
11746        171     25     17      503.0     3627.5
11747        195     21     29     1621.7     3631.8
11748        153     16     24     3431.0     3629.6
11749        105     21     23     3707.3     3628.6
11750        248     30     29     3828.9     3636.4
11751        141     18     30     4227.3     3631.2
11752        184     22     26       38.8     3631.2
11753        293     41     28      158.4     3631.6
11754        132     21     26      390.5     3628.4
11755        107     16     18      965.7     3629.7
11756        196     29     28     1894.2     3633.4
11757        173     28     27     2339.9     3637.5
11758        538     68     28     2899.0     3634.0
11759        302     43     23     4025.5     3631.8
11760        225     29     27     4147.0     3634.0
11761        108     16     24     4304.2     3635.2
11762        163     18     27     4418.1     3632.3
11763        355     41     28     4486.9     3635.9
11764        246     24     28     4600.2     3633.2
11765        125     18     27     5009.5     3633.5
11766        105     14     20      284.9     3630.1
11767        105     17     21      867.6     3634.0
11768        181     33     21     1539.6     3632.3
11769        125     19     25     1926.2     3635.1
11770        206     36     18     2788.7     3629.0
11771        228     30     25     3029.1     3635.1
11772        121     13     26     3448.4     3636.9
11773        159     29     20     3636.1     3633.8
11774        103     28     13     4538.6     3628.7
11775        154     21     26     4925.0     3637.6
11776        174     28     19     5147.1     3630.7
11777        123     15     24      632.6     3637.0
11778        174     21     23     2199.0     3637.4
11779        117     17     22     2401.3     3636.4
11780        207     28     24     2692.7     3634.2
11781        105     16     18     2721.9     3632.0
11782        166     20     23     4104.7     3637.0
11783        195     22     24     4204.6     3636.2
11784        148     18     22      342.1     3636.3
11785        100     13     21     3534.9     3635.4
11786        133     17     21     3664.6     3638.1
11787        274     41     21     3751.7     3638.8
11788        151     19     22     4238.9     3637.0
11789        157     21     21     4695.4     3638.5
11790        158     23     20        9.5     3637.6
11791        111     11     20      794.2     3638.6
11792        140     20     20      920.1     3638.4
11793        149     24     19     2228.6     3638.0
11794        107     15     19     3998.4     3639.1
11795        122     18     16     5335.4     3635.8
11796        111     17     17      605.5     3638.7
11797        122     18     18     1472.9     3640.3
11798        125     21     17     2856.2     3639.1
11799        106     16     17     3349.6     3641.5
11800        124     21     16     4758.3     3638.4
11801        170     33     18     4860.8     3640.4
11802        138     19     16      557.6     3640.0
11803        129     22     16      685.9     3641.0
11804        136     38     16      831.8     3641.7
11805        109     15     15     2176.8     3640.4
11806        130     16     16     3003.8     3640.7
11807        130     18     16     4776.7     3638.6
11808        103     17     16     5440.0     3639.1
11809        115     22     13      519.0     3641.8
11810        120     20     14     2940.5     3642.0
11811        124     22     14     3475.1     3640.1
11812        100     19     11     1143.1     3642.3
11813        108     19     11     4123.7     3642.4
11814        109     21     10     2005.8     3643.1
