Flake Detection Statistics
==========================

Probability threshold: 0.5
V hard gate: 2.0σ
H hard gate: 2.0σ
Minimum area: 100px

Detected components: 2102

  #   Area(px)  Width Height    CenterX    CenterY
-------------------------------------------------------
  1        123     17     26     2606.2      230.2
  2        125     14     30     1829.6      271.7
  3        114     18     21     2908.1      267.9
  4        165     24     21      880.4      277.6
  5        108     20     19     1187.0      308.7
  6        108     22     23     1923.4      315.2
  7        102     23     16      745.5      376.2
  8        116     19     22     1908.6      395.1
  9        154     17     36     1892.0      412.9
 10        119     16     23     2858.3      444.9
 11        120     19     21     1678.4      492.8
 12        108     16     14     3211.4      512.5
 13        100     12     24     2988.9      552.5
 14        123     22     21     2330.2      557.8
 15        151     20     26      977.6      573.9
 16        108     19     27     2853.1      606.1
 17        103     21     17     3606.1      623.5
 18        104     13     23     3634.7      655.7
 19        121     19     27     2012.7      663.8
 20        105     29     13     3677.6      658.5
 21        108     14     24      319.9      688.7
 22        101     26     18     2032.4      688.7
 23        105     18     26     1512.5      742.3
 24        127     28     16       97.6      779.3
 25        101     14     20     2808.2      821.4
 26        108     16     26     3825.2      824.2
 27        109     22     25     2067.9      830.9
 28        109     19     18     3673.4      859.0
 29        120     26     17     3771.1      859.9
 30        102     17     21     4508.0      879.1
 31        117     17     19     3931.0      879.4
 32        103     20     18     1011.6      883.6
 33        107     18     19      349.7      891.2
 34        102     21     21     2973.1      890.3
 35        108     14     25     3891.9      895.0
 36        102     19     15     2292.0      890.4
 37        103     24     17     2385.8      909.9
 38        131     22     17     2506.1      909.6
 39        137     28     23      700.3      917.9
 40        136     13     36     3905.8      927.8
 41        128     29     17     1154.2      929.3
 42        100     14     24     2059.0      954.8
 43        113     28     18     4435.6      966.7
 44        150     21     25     2005.4      988.9
 45        120     20     23     1935.3      992.4
 46        130     28     20     3912.5     1014.1
 47        108     20     25     1669.8     1017.4
 48        122     12     26     2939.6     1019.5
 49        101     17     21     1768.1     1026.5
 50        104     21     15     3196.4     1040.0
 51        102     22     22     2982.0     1048.8
 52        116     21     19     2663.3     1066.8
 53        106     14     20      886.4     1070.0
 54        123     24     31     2075.8     1076.9
 55        148     23     29     3571.9     1090.0
 56        117     22     18     3187.5     1093.8
 57        111     17     19     2194.2     1098.2
 58        120     15     21     4349.8     1100.2
 59        242     32     30      695.5     1104.6
 60        120     19     24     2704.5     1125.7
 61        112     19     23     3649.1     1127.5
 62        160     22     23     3015.6     1128.4
 63        100     16     17     2481.6     1127.5
 64        134     22     17     3678.4     1144.1
 65        100     20     17     2810.9     1146.0
 66        101     15     15     2698.7     1147.3
 67        172     28     38     2484.2     1159.8
 68        116     21     21     4629.6     1163.5
 69        106     22     16     1017.8     1165.2
 70        100     19     18     1070.6     1175.3
 71        108     24     16     3632.6     1200.0
 72        106     12     26      725.4     1205.6
 73        181     34     33     3651.1     1218.7
 74        160     26     24     2435.2     1223.2
 75        108     18     18      949.1     1224.8
 76        189     22     40     2118.0     1268.9
 77        115     18     19     2402.9     1259.8
 78        100     16     19     3092.1     1283.6
 79        120     17     29      623.9     1299.3
 80        104     24     11     1257.3     1288.8
 81        153     15     34     4007.7     1303.2
 82        121     16     27     3528.6     1303.3
 83        106     11     20      181.5     1308.2
 84        127     19     29     2021.6     1320.7
 85        105     23     10     3707.6     1315.8
 86        115     16     31     1196.2     1335.2
 87        102     13     20     3693.2     1344.2
 88        110     27     17     1781.1     1348.3
 89        131     16     19      534.6     1354.6
 90        109     18     20     2584.7     1364.0
 91        173     27     23     2622.3     1367.1
 92        117     10     34     4283.4     1374.5
 93        113     25     14     1187.5     1371.3
 94        130     24     24     2855.3     1379.8
 95        128     22     19     2118.4     1379.7
 96        105     14     31     1760.3     1394.1
 97        155     31     23     2685.4     1396.8
 98        111     20     19     1658.3     1396.5
 99        113     25     19     4623.0     1401.0
100        106     17     20      172.1     1399.7
101        120     26     20     3508.6     1404.8
102        129     21     20     3110.1     1406.9
103        146     31     20     3343.5     1415.4
104        135     25     15      324.3     1419.9
105        109     17     17     4306.5     1420.1
106        119     25     17     1904.8     1428.5
107        110     15     26     4402.1     1432.3
108        132     18     22      142.7     1434.7
109        121     21     29      786.7     1437.2
110        114     13     24     2921.2     1446.3
111        176     17     37     4266.3     1450.3
112        124     28     18      303.6     1443.5
113        114     25     14     3669.9     1442.4
114        190     33     23     1906.9     1455.7
115        105     25     12     3114.1     1449.4
116        101     13     19      959.2     1458.9
117        127     19     25     1693.6     1459.9
118        115     18     15     4047.1     1460.7
119        107     27     16     4856.4     1460.9
120        105     23     12     1661.0     1460.1
121        133     24     20     3209.2     1464.1
122        104     24     18     4070.4     1469.6
123        102     23     15     1913.9     1470.2
124        104     20     16     4249.4     1471.7
125        156     25     27     2312.4     1475.2
126        123     27     16     2920.6     1472.6
127        105     17     20     3421.8     1477.6
128        105     15     22     4746.2     1478.8
129        113     14     24     4018.2     1487.5
130        118     24     24     3511.0     1495.0
131        115     17     26     3994.2     1495.1
132        151     42     17     1590.0     1494.4
133        119     22     21      160.8     1497.3
134        141     20     27     2370.9     1499.6
135        108     23     22     1309.3     1511.5
136        172     29     25     4142.4     1517.5
137        113     19     21     2238.1     1516.9
138        102     22     16     4411.1     1513.1
139        142     25     14      963.7     1517.0
140        126     19     21     2125.7     1518.8
141        110     17     22     2711.2     1526.4
142        101     19     20     3809.6     1523.7
143        115     18     27     4798.3     1523.6
144        113     25     14      118.8     1521.1
145        216     20     20     1457.9     1529.6
146        164     24     17      923.0     1528.5
147        219     23     33     2242.9     1542.1
148        110     19     25     4522.6     1542.2
149        108     14     29     3445.8     1545.1
150        170     27     34     2437.7     1547.5
151        173     33     21     4032.0     1541.4
152        111     20     16     4243.9     1539.6
153        102     21     20     1313.6     1548.7
154        112     21     19     4149.5     1548.2
155        108     19     23     3286.2     1551.1
156        110     16     18     4339.3     1549.2
157        116     16     23     2783.3     1555.7
158        104     14     20     1749.2     1567.2
159        232     34     27     3451.1     1572.0
160        148     22     25     3550.7     1580.0
161        164     17     28     2431.1     1578.2
162        122     19     20     2529.9     1574.9
163        120     22     15     4114.8     1577.1
164        181     19     32     4165.8     1583.0
165        272     40     37     1595.7     1588.5
166        112     19     23     2483.2     1583.6
167        200     29     30     3649.1     1587.3
168        134     19     27     3609.4     1588.8
169        104     19     21     3205.7     1587.7
170        153     25     25     4336.6     1585.8
171        136     33     17     1135.8     1586.0
172        101     13     23     2444.9     1589.8
173        136     16     24     3293.3     1589.6
174        142     18     29     2643.2     1596.3
175        167     20     26     2349.4     1596.4
176        102     18     15     1535.6     1593.9
177        597     50     34     2383.4     1608.0
178        112     17     18      749.3     1599.9
179        123     23     24     2477.3     1602.3
180        161     21     36     3987.8     1607.0
181        128     17     23     4083.2     1601.3
182       1564     87     60     2432.3     1625.4
183        125     21     15     2775.3     1600.8
184        129     21     22     3221.5     1603.9
185        138     30     16      670.2     1603.2
186        229     40     28     1547.3     1608.2
187        146     23     26      721.7     1611.9
188       2506    125     67     2296.9     1635.4
189        124     22     25     3696.9     1617.6
190        141     24     21     4100.5     1617.8
191        159     29     21     2354.6     1617.1
192        177     20     29     2073.1     1626.7
193       2035    126     80     2532.5     1654.1
194        139     23     20     1320.7     1624.8
195        109     22     26     3687.3     1633.3
196        127     22     23     4458.6     1631.2
197        100     21     16      305.7     1634.0
198        115     23     15      809.4     1631.5
199        105     16     15     1232.0     1632.7
200        125     29     19     1601.0     1635.8
201        198     44     17     3118.5     1631.4
202        116     15     22     3610.3     1635.1
203        142     17     23     3969.9     1636.9
204        183     24     22     4022.1     1638.4
205        109     19     23      178.1     1643.6
206        136     22     31     3426.6     1646.6
207        107     22     16     2773.4     1642.7
208        113     25     12     2609.5     1645.9
209        118     18     17     2579.6     1652.0
210        125     19     21     4413.5     1652.7
211        145     22     18      586.2     1653.6
212        100     17     21     4875.8     1658.6
213        138     32     28     4532.7     1664.8
214        108     31     14     2098.7     1660.3
215        115     30     16      147.5     1671.0
216        148     19     23     1287.4     1672.1
217        179     26     23     2592.7     1672.6
218        121     15     24     3801.3     1672.4
219        123     24     20     4632.0     1676.2
220        104     30     15     1137.5     1672.8
221        125     23     21     1382.5     1675.2
222        109     24     15     4252.5     1671.6
223        130     15     27     2746.0     1684.2
224        276     27     46     2698.7     1694.9
225        157     24     34     4233.9     1690.0
226        117     28     17     1529.1     1683.4
227     150289    887    481     2583.8     1897.2
228        132     26     25     3079.9     1686.2
229        282     46     29     2647.7     1694.2
230        123     22     18     1684.9     1691.4
231       1041    123     33     2151.9     1695.4
232        208     31     23     2783.7     1695.5
233        126     20     19     2683.1     1694.0
234        220     22     37     2722.1     1701.2
235       2019     95     89     1983.8     1730.0
236        119     22     19     2057.0     1696.4
237        155     21     22     3695.2     1704.0
238        124     19     22     2859.6     1704.1
239        160     24     31     2955.3     1712.2
240        296     26     31     2766.3     1715.7
241        214     19     40     2055.1     1721.9
242        271     26     30     2788.7     1722.0
243        250     29     23     2743.5     1720.7
244        114     17     31      745.9     1723.3
245        105     19     25      960.0     1721.0
246        209     29     34     4261.6     1727.7
247        148     25     20      325.4     1721.6
248        992     93     56     2833.6     1739.4
249        113     28     21     3623.6     1727.7
250        192     36     21      958.8     1736.6
251        157     18     30     3013.4     1742.9
252        120     17     26     2981.3     1742.3
253        114     14     26     3833.9     1743.1
254        111     37     22     4585.0     1743.4
255        143     20     29     1539.5     1754.5
256        159     20     34     3394.0     1760.5
257        120     25     13     2961.3     1752.8
258        105     21     19     1497.2     1759.5
259        111     26     15     2899.5     1755.5
260        103     19     18     2080.3     1763.5
261        103     15     15     4077.1     1763.7
262        108     22     15      564.6     1766.5
263        118     21     17     3062.1     1767.9
264        125     15     25      932.6     1784.8
265        109     23     22     3911.4     1782.0
266        181     24     30     1604.1     1788.6
267        133     31     13     4253.6     1784.1
268        118     28     16     1502.6     1788.3
269        101     14     20     2048.8     1790.5
270        135     22     21     3351.4     1794.6
271        103     21     17     2941.5     1794.8
272        101     26     15     1278.2     1795.7
273        102     14     18     3052.8     1796.3
274        100     26     13     3266.1     1796.4
275        132     26     15     1157.5     1800.7
276        189     31     25     1771.8     1807.2
277        171     21     27     3890.5     1805.7
278        122     21     18     4322.0     1810.7
279        108     26     15      881.7     1811.3
280        112     21     16     3125.1     1815.5
281        150     18     37     3413.0     1827.7
282        132     29     18     3715.5     1816.6
283        163     19     27     1683.8     1823.7
284        119     16     22     4070.2     1820.2
285        118     16     28     4245.8     1831.4
286        131     20     21     4350.0     1831.9
287        142     22     24     3382.3     1832.7
288        135     23     21     3967.2     1836.9
289        141     25     24     4117.3     1840.5
290        119     22     19      961.1     1838.0
291        263     38     27     2960.4     1840.6
292        111     17     23     4277.9     1840.3
293        124     18     18     4858.5     1836.6
294        125     18     26      764.8     1845.3
295        124     21     24     3870.6     1843.3
296        111     30     12     3848.5     1838.3
297        108     17     28     4091.3     1846.9
298        105     19     21     3998.6     1847.9
299        101     12     21     1230.2     1850.2
300        110     25     14     3192.5     1845.0
301        147     21     31     3779.5     1860.7
302        153     24     28     2993.6     1858.7
303        180     20     24     4528.3     1857.8
304        118     23     16     3838.1     1854.9
305        105     14     27     4643.4     1860.9
306        111     23     15     3325.5     1865.8
307        104     15     16     4727.4     1864.9
308        156     22     33     1826.5     1870.8
309        121     21     22     4456.7     1868.3
310        114     28     15     3741.3     1867.4
311        238     32     27     3211.5     1878.5
312        103     17     17     1851.2     1872.2
313        139     22     32     3708.7     1880.1
314        145     27     18     3916.9     1869.8
315        124     26     17     4087.9     1872.6
316        122     19     17     1124.3     1874.5
317       1567     91    113     1792.5     1915.2
318        129     30     11      887.1     1873.0
319        150     26     16     1689.0     1874.8
320        110     25     15     2225.0     1877.0
321        116     20     17     3528.8     1879.1
322        101     20     19     4185.2     1879.6
323        126     27     22     4306.7     1880.4
324        159     16     27     3864.1     1884.5
325        101     14     21     3841.2     1887.0
326        104     18     23     2241.0     1890.3
327        101     16     14     3987.1     1886.0
328        186     23     26      623.5     1895.5
329        122     26     15     1232.1     1891.2
330        104     21     24     4693.7     1895.9
331        148     19     30     4501.9     1899.8
332        106     20     21      498.6     1899.4
333        421     34     34     1715.0     1905.4
334        111     31     13     2271.4     1895.4
335        175     26     24     3815.7     1907.7
336        132     19     21     3419.2     1907.1
337        124     17     24     3775.4     1905.9
338        119     13     21      431.0     1910.8
339        146     19     21     4617.0     1909.3
340        106     14     21      838.2     1917.4
341        178     28     24     4163.6     1922.3
342        204     31     26     3879.0     1927.0
343        108     19     17     2300.4     1926.1
344        141     23     20     3186.0     1925.4
345        116     28     21     3712.9     1925.5
346        143     17     31     3749.8     1931.0
347        138     25     18     1316.9     1926.7
348        174     17     31     1369.8     1933.4
349        144     28     18     3437.4     1925.8
350        104     10     26     3543.9     1930.7
351        127     15     16     1849.3     1927.7
352        119     18     22     3986.8     1931.0
353        361     30     30     1905.4     1941.6
354        834     65     77     1697.0     1973.9
355        197     31     31      363.0     1949.6
356        108     16     18     3170.5     1941.8
357        157     19     27     1848.4     1949.6
358        121     20     22     4215.4     1946.2
359        290     32     31     4070.9     1956.1
360        281     29     40     4284.6     1956.6
361        117     22     20     3376.4     1950.2
362        101     24     13      760.7     1949.6
363        138     20     26     4463.4     1952.7
364        102     24     21      800.4     1957.6
365        227     26     24     4045.0     1957.8
366        180     29     24     4175.3     1958.9
367        126     26     28     4949.2     1960.9
368        107     13     21     3881.0     1957.6
369        200     30     21     3963.1     1960.8
370        139     32     18      860.4     1958.2
371        185     12     34     1737.1     1969.9
372        129     16     19     1885.1     1961.9
373        123     28     20     3684.7     1960.7
374        126     16     28      457.1     1968.0
375        150     31     19     4016.9     1964.2
376        542     36     27     1634.6     1970.5
377        149     33     18     2338.6     1965.9
378        242     25     49     3430.6     1984.3
379        132     22     24     1406.6     1974.0
380        215     22     28     2151.1     1975.7
381        104     24     14     3383.3     1968.6
382        148     22     30     3931.2     1978.8
383        235     31     30     4317.4     1977.3
384        116     16     20      525.5     1976.1
385        100     17     21     3408.8     1978.8
386        152     29     20     3371.6     1976.7
387        108     27     14     3860.6     1977.1
388        110     24     17     3759.4     1982.7
389        254     47     21     2961.4     1986.0
390        106     17     23     1506.6     1988.8
391        191     40     20     3319.2     1985.6
392        100     21     11     2931.8     1982.8
393        230     23     40     3580.0     1999.9
394        149     27     28     3886.7     1989.4
395        101     21     16     4333.3     1987.1
396        135     27     22     1045.6     1989.3
397        111     22     12      377.8     1988.4
398        325     49     61     1593.2     2016.0
399        105     20     16     3547.8     1993.3
400        143     24     23     2914.6     2001.2
401        126     23     17     4077.1     1997.4
402        156     33     23      270.8     2000.2
403        148     24     24      718.8     2006.5
404        116     21     23      741.9     2006.9
405        154     19     29     3064.9     2008.1
406        116     30      9     3993.0     1999.9
407        112     25     14      873.4     2003.3
408        176     26     25     2124.8     2009.5
409        138     30     16     2366.1     2005.8
410        205     18     37     4516.6     2015.1
411        108     24     18      317.3     2010.7
412        164     22     28     4055.3     2012.6
413        157     20     25     4646.5     2010.9
414        235     36     31     3613.6     2018.0
415        101     26     11     3827.0     2007.1
416        113     14     28     3518.4     2017.5
417        107     15     26     4148.9     2018.0
418        114     18     21     4367.6     2013.8
419        136     16     23     3966.9     2017.6
420        208     43     32      445.2     2025.7
421        745     47     65     1515.1     2040.1
422        105     16     23     3194.4     2021.3
423        102     16     19      220.5     2019.1
424        112     21     21     2449.9     2022.5
425        150     29     18      583.2     2021.4
426        145     22     33     4532.0     2031.8
427        139     17     22     1317.6     2025.3
428        299     43     38     1653.2     2031.7
429        249     26     21     1355.9     2026.5
430        126     27     20     4868.0     2028.8
431        109     16     25     3233.9     2037.7
432        112     16     35      701.9     2042.3
433        117     12     31     2180.7     2039.1
434        523     30     33     1721.3     2045.5
435        112     21     20     1800.5     2035.7
436        205     29     29     2881.3     2041.9
437        104     25     14     2912.5     2033.7
438        105     24     13     3587.2     2034.1
439        133     28     14      108.0     2036.2
440        105     18     16     3953.6     2035.7
441        111     20     22     3715.2     2042.2
442        156     30     16     3334.0     2042.1
443        101     17     19     3768.0     2043.4
444        136     13     31     2095.0     2050.3
445        183     24     25     3515.0     2050.9
446        113     19     20      742.4     2048.9
447        120     17     24     4095.8     2052.1
448        114     17     18     2463.1     2050.3
449        104     24     13     3053.0     2050.0
450        109     17     26     4359.9     2053.2
451        173     22     31     2430.8     2059.6
452        113     19     23      344.3     2058.3
453        160     14     38     3070.8     2067.4
454        110     15     24     3228.5     2059.1
455        215     22     36     3458.0     2065.9
456        102     19     12     3295.5     2056.6
457        223     29     35     3586.4     2069.2
458        883     94     70     1638.3     2095.3
459        110     19     23     1731.7     2068.6
460        104     20     12     3444.5     2062.2
461        106     20     17     2864.9     2064.6
462        118     34     17     2457.4     2067.0
463        113     25      9     2983.5     2064.8
464        499     30     37     1316.2     2082.0
465        108     18     16     4581.8     2069.2
466        140     26     25      518.5     2077.4
467        142     25     18     2914.5     2071.2
468        144     20     27     3687.6     2079.7
469        147     31     32     4589.8     2080.7
470        194     33     29      897.2     2080.5
471        101     16     18     1445.5     2074.0
472        102     12     19     2236.1     2075.0
473        172     24     26     4008.7     2078.7
474        102     19     24     2431.1     2080.4
475        116     22     16     1558.6     2076.9
476        224     36     28     2842.2     2081.4
477        107     20     14     3656.3     2076.8
478        100     22     13     2901.2     2078.5
479        106     15     19     3098.2     2083.2
480        113     25     15      412.5     2086.1
481        125     20     24      639.3     2089.9
482        114     19     25     3812.6     2094.0
483        194     31     24     1955.1     2098.1
484        187     20     34      277.3     2105.6
485        150     19     26     2026.5     2102.5
486        136     15     31     4901.4     2105.4
487        170     27     31     2072.8     2105.8
488        106     20     20     3523.6     2099.1
489        106     16     17     2156.2     2101.5
490        102     10     27     2322.3     2107.0
491        129     26     17     2859.1     2100.8
492        191     23     30     3301.5     2108.5
493        119     31     21     3388.7     2104.2
494        100     32     14     3991.8     2100.6
495        100     22     17      198.0     2103.3
496        113     18     26     4664.0     2109.2
497        230     35     38     1753.0     2116.3
498        106     17     27     2809.7     2112.9
499        275     32     33     3498.4     2119.5
500        124     24     13     4613.4     2107.9
501        140     17     29     3557.8     2118.5
502        119     17     17     3640.9     2110.3
503        115     21     24     2443.8     2116.2
504        130     20     26     3320.2     2119.7
505        110     20     19     3895.2     2111.3
506        298     32     39      372.8     2127.9
507        116     16     15      841.7     2113.7
508        104     16     20     1095.1     2115.7
509        507     45     49     1531.0     2129.6
510        158     20     29     3593.5     2122.2
511        111     18     22     4825.6     2119.6
512        137     21     27     1808.3     2122.3
513        156     24     18     4186.1     2116.8
514        160     24     25      693.8     2125.6
515        143     18     24     3960.9     2125.7
516        155     33     16     1790.4     2121.9
517        456     36     45     2792.1     2134.7
518        104     27     13     4716.0     2122.6
519        125     15     33     4019.4     2139.5
520        170     24     28     4796.5     2133.0
521        179     31     20     4292.5     2131.0
522        597     59     79     1592.0     2166.0
523        115     19     21     2930.6     2137.0
524        112     22     21     3987.1     2140.6
525        404     35     44     1555.0     2153.1
526        104     22     17     3533.6     2138.4
527        124     24     17     1878.5     2141.9
528        112     16     28      616.8     2150.5
529        113     17     23     3087.8     2150.2
530        241     27     40     3566.0     2156.2
531        126     18     19     4074.5     2144.6
532        102     19     19      287.3     2148.1
533        113     21     20     3475.6     2149.2
534        142     22     20     3959.5     2150.6
535        108     16     39     1637.4     2160.7
536        106     23     14     1779.5     2148.7
537        124     16     22     2085.6     2153.1
538        130     25     28     2314.0     2156.2
539        104     16     18     3697.1     2153.4
540        128     24     16     1842.5     2152.9
541        106     20     19     2661.1     2154.5
542        196     28     23     3376.7     2161.3
543        121     20     18     3513.0     2156.5
544        100     16     21     4998.8     2158.3
545        104     15     15     3177.8     2158.1
546        111     17     20      908.1     2164.3
547        213     34     26     2631.4     2166.4
548        141     23     22     3332.7     2161.9
549        211     43     23      218.2     2168.6
550        114     17     27     1228.5     2172.1
551        105     18     18     3305.2     2167.2
552        110     28     14     2462.4     2167.0
553        133     26     19     2814.0     2169.6
554        101     28     15     2837.6     2168.2
555        108     20     17     2885.3     2166.4
556        121     16     18      405.3     2171.8
557        104     18     21     1805.7     2173.0
558        110     18     13     3118.7     2167.9
559        155     16     26     3396.7     2177.0
560        129     24     22     4178.9     2173.2
561        110     23     16     2865.8     2174.7
562        154     25     21     1422.2     2178.5
563        115     17     25     3024.4     2180.6
564        100     12     25      646.2     2183.8
565        558     42     52     1526.1     2195.8
566        118     19     23     4422.5     2182.1
567        113     29     13      548.6     2178.2
568        148     26     26     1961.6     2187.0
569        157     29     21     2754.3     2182.6
570        102     15     17     4272.9     2182.8
571        100     25     12     3692.6     2181.5
572        279     30     39     4524.3     2196.4
573        107     23     23     3512.5     2186.9
574        138     14     26     4144.6     2192.6
575        128     22     19     1293.0     2189.2
576        106     18     22      726.6     2191.6
577        119     20     24     1337.8     2193.1
578        207     35     25     3367.4     2193.2
579        237     26     41     3587.6     2201.6
580        124     20     19      846.4     2193.7
581        128     19     17     3103.7     2194.6
582        149     19     30     3194.8     2201.8
583        128     15     20      702.1     2197.9
584        298     41     29     1426.3     2205.1
585        161     30     18     2918.8     2199.2
586        188     26     29     3721.4     2204.9
587        177     29     23     3831.9     2202.0
588        135     19     25     4120.2     2201.2
589        105     16     18     1150.4     2200.6
590        107     25     17     4973.9     2204.1
591        174     21     20     3557.1     2209.2
592        153     16     27      552.2     2215.3
593        114     17     24      651.4     2210.4
594        124     16     28      845.7     2216.3
595        115     25     16     3460.8     2208.3
596        105     15     19     2121.5     2213.7
597        106     21     14     4154.5     2209.5
598        214     34     33     2875.1     2224.2
599        179     31     21     4133.2     2215.8
600        101     15     21     4458.2     2215.6
601        119     27     17     1712.2     2216.3
602        138     38     16     2641.3     2217.6
603        179     21     33     4450.2     2225.4
604        106     23     14     4923.7     2218.0
605       3781     90    148     1546.4     2278.2
606        138     20     19     3652.2     2221.0
607        144     25     25     3914.6     2223.8
608        113     22     15     5231.8     2220.4
609        367     26     35     1504.9     2232.8
610        222     21     35     3116.7     2228.6
611        128     18     16     4606.6     2221.8
612        121     31     14      325.6     2222.0
613        138     23     16     3447.7     2223.4
614        123     25     16     1068.7     2228.1
615        114     17     23     2546.0     2230.1
616        105     17     18     3524.4     2228.8
617        207     38     44     3562.0     2241.6
618        118     16     21     1371.8     2233.6
619        139     26     18     3295.3     2231.9
620        123     16     32     3396.7     2239.7
621        165     24     19     3591.0     2232.8
622        136     22     19     4483.1     2231.8
623        100     19     14     2156.2     2231.9
624        103     15     19     5058.3     2237.4
625        111     21     18     3452.3     2238.1
626        112     21     23     3812.0     2238.3
627        176     28     25      626.0     2245.2
628        108     24     13      161.5     2240.7
629        116     16     20     1628.9     2242.2
630        103     20     15     3471.5     2242.3
631        149     25     21      513.0     2245.5
632        113     19     18     4581.3     2246.8
633        100     20     15     1612.4     2245.6
634        130     24     20     2918.5     2247.7
635        156     28     28     4067.0     2250.7
636        106     22     21     2112.2     2253.5
637        169     29     18     3924.6     2250.0
638        137     25     23     1786.6     2252.0
639        131     21     24     3639.0     2256.5
640        171     31     22     3682.1     2252.5
641        611     48     47     1487.6     2270.4
642        105     21     15     3705.9     2254.0
643        105     13     25     4512.6     2260.1
644        142     10     40      804.5     2268.3
645        144     15     38      968.3     2270.2
646        141     25     19     1809.4     2258.3
647        115     17     28     4440.4     2265.9
648        107     15     19     4194.8     2261.1
649        130     19     21     4564.0     2264.3
650        131     23     23     2241.0     2271.0
651        199     26     29     3497.6     2272.2
652        142     19     19     4904.1     2268.5
653        325     40     43      477.2     2282.3
654        100     18     23      880.3     2269.9
655        105     24     22     3152.0     2272.2
656        135     25     25     3658.2     2269.1
657        185     23     27     1646.1     2277.1
658        155     34     17     2847.3     2270.5
659        123     13     40     1133.9     2281.5
660        105     19     22     3379.4     2274.0
661        131     26     13     3584.3     2271.3
662        131     19     20     3735.9     2271.7
663        112     21     19      342.4     2274.9
664        134     22     17     1745.4     2274.3
665        199     29     24     3458.1     2274.8
666        100     19     19     4161.8     2275.9
667        151     24     23     1610.8     2277.3
668        157     27     24     3991.9     2282.0
669        108     19     18     1264.8     2278.2
670        351     32     29     1422.9     2283.7
671        110     26     19     2620.6     2278.6
672        131     20     18     3903.7     2278.8
673        121     18     24     3974.6     2282.1
674        144     29     21      136.1     2283.0
675        117     16     24      224.8     2285.7
676        112     22     18     2362.6     2283.9
677        114     22     21     2514.3     2288.4
678        103     19     29      711.0     2290.0
679        134     24     25     3723.5     2285.9
680        105     15     23     4749.6     2287.5
681        112     26     14     5331.2     2282.8
682        111     22     23     4643.4     2293.0
683        110     20     16     4125.2     2289.3
684        101     17     23     4201.7     2293.7
685        119     14     28     3795.4     2296.2
686        133     23     22     3870.2     2293.8
687        120     19     21     4084.2     2293.7
688        495     37     47     1385.2     2309.2
689        130     21     15     3297.9     2292.0
690        106     18     24     3782.5     2298.4
691        180     25     27      532.0     2299.8
692        112     29     17     2663.4     2297.3
693        130     15     21     3318.9     2300.5
694        103     22     18     3811.2     2299.1
695        146     30     24      628.5     2304.0
696        120     24     17     2751.8     2300.5
697        125     15     18     3262.1     2304.1
698        183     30     32     3643.2     2312.3
699        140     20     24      690.8     2310.0
700        238     34     31     3046.9     2311.5
701        119     16     28     4514.1     2309.2
702        152     20     27     4979.8     2310.1
703        103     19     16      208.7     2310.2
704        175     25     28      723.1     2315.5
705        108     12     28     1488.4     2315.8
706        211     29     34     1800.7     2318.2
707        126     17     21     3526.0     2313.9
708        149     25     18     1466.1     2314.3
709        121     23     19     2007.8     2313.7
710        129     21     19     3565.5     2312.1
711        150     28     29      179.5     2318.9
712        133     24     19     3691.8     2316.5
713        153      5    136     5468.8     2373.5
714        113     18     17      164.0     2316.1
715        201     21     33     3765.6     2326.1
716        175     30     15     4202.7     2316.0
717        104     15     28     2064.1     2325.6
718        135     21     21     3914.2     2319.5
719        100     23     14      400.4     2319.2
720       1059     57     62     1410.7     2345.4
721        113     19     22     2861.1     2323.1
722        119     35     13     3494.8     2319.3
723        104     19     17     2957.1     2321.7
724        120     17     24     4172.6     2323.8
725        111     12     24     3191.2     2326.9
726        109     11     26     3713.3     2331.3
727        109     15     23     3598.3     2328.8
728        101     11     22     3616.3     2328.8
729        118     18     27     3987.4     2332.5
730        107     18     20     4362.9     2327.1
731        104     15     25     2325.3     2330.1
732        190     22     23     3790.9     2334.2
733        105     23     18     4424.0     2328.4
734        126     24     22     4634.1     2331.3
735        109     24     12     2729.8     2328.2
736        107     23     17     2900.6     2330.4
737        115     12     21     3543.1     2331.2
738        193     16     31     3750.0     2336.3
739        122     20     27      346.4     2336.1
740        113     20     18     3560.0     2331.6
741        110     21     22     3582.5     2333.5
742        206     31     18     3497.4     2334.4
743        121     34     12     4099.4     2330.4
744        115     24     17     4234.5     2335.1
745        107     20     23      653.6     2338.8
746        106     21     14     1889.4     2335.1
747        107     12     24     3672.3     2341.0
748        158     29     24     1477.8     2342.9
749        142     29     18     3023.2     2338.6
750        131     24     22     1550.3     2340.7
751        116     20     20     3727.0     2341.4
752        201     22     41     4194.6     2354.2
753        127     15     32     4503.6     2345.9
754        100     21     18     4659.5     2340.1
755        104     18     21     1604.2     2344.3
756        191     26     33     4175.1     2353.4
757        347     37     33     4042.2     2353.5
758        124     23     18      117.9     2346.7
759        114     22     21     3088.4     2348.8
760        102     23     13     2741.6     2345.4
761        112     27     17     3220.5     2347.1
762        100     17     17     3335.1     2348.9
763        141     26     18     3705.2     2350.4
764        158     14     44     3515.0     2364.2
765        214     24     29     3923.8     2356.0
766        109     15     16     4583.6     2349.8
767        107     21     15     4564.5     2349.6
768        125     26     16     5017.5     2357.0
769        106     20     21      545.0     2360.9
770        129     24     18     3752.3     2358.3
771        100     21     17     2167.6     2361.2
772        122     17     21     3691.3     2366.9
773        115     18     17     3958.3     2363.7
774        136     20     30     3566.9     2371.1
775        132     17     20     3586.4     2369.2
776        159     25     21     3641.1     2367.9
777        108     21     15     3455.9     2367.2
778        101     23     16       94.6     2372.3
779        128     25     14     1557.1     2372.9
780        148     24     22     3218.0     2377.0
781        136     19     28     3425.0     2376.3
782        136     19     22     3839.7     2374.0
783        123     21     15     4426.9     2371.9
784        150     17     27     2198.1     2379.5
785        109     14     21     4029.6     2377.1
786        104     25     15     5223.4     2373.2
787        142     22     20     4375.0     2376.1
788        121     25     16     3669.2     2377.7
789        163     35     18     1584.7     2381.9
790        398     45     38     4752.0     2392.3
791        130     13     29     1044.0     2389.3
792        130     19     25     2130.8     2387.8
793        145     26     18     3470.5     2384.9
794        109     19     21     1156.0     2388.8
795        109     14     21     1437.6     2388.8
796        140     21     22     4607.1     2387.5
797        161     28     21     1717.5     2393.3
798        199     27     28     3255.7     2394.2
799        231     37     28     3981.4     2396.9
800        101     22     13      585.8     2390.2
801        115     21     20     2860.3     2393.9
802        106     18     20     2724.2     2393.4
803        105     19     16     4646.2     2392.9
804        109     26     15     2923.4     2398.3
805        132     23     24     3937.4     2399.2
806        217     47     19     5038.8     2399.3
807        177     24     34     2258.8     2408.8
808        105     15     16     2383.0     2397.1
809        140     21     27       61.0     2407.7
810        176     21     29     3907.6     2408.1
811        131     22     24     4311.9     2404.1
812        150     16     24      247.1     2405.1
813        114     19     18     2812.6     2402.8
814        150     28     15     4535.3     2401.6
815        101     19     20      674.3     2404.4
816        106     14     23     1837.5     2410.4
817        103     23     17     2345.5     2408.7
818        103     11     24     3771.4     2409.2
819        115     16     28     4279.8     2414.7
820        245     25     38     4985.2     2414.1
821        102     20     16     3691.7     2406.1
822        103     17     20     1055.6     2410.8
823        174     18     28     3800.6     2417.5
824        109     23     14     1931.2     2412.0
825        102     20     18     3179.8     2417.4
826        108     17     28     3528.3     2421.4
827        215     28     35     3947.6     2425.4
828        116     21     18     4570.2     2414.5
829        124     27     19      701.0     2418.7
830        132     20     23      983.9     2419.4
831        138     30     16     3402.0     2416.6
832        104     18     17     1525.0     2421.9
833        140     26     28     1979.9     2427.1
834        138     28     18     3623.5     2421.1
835        132     19     21     4119.1     2422.6
836        102     26     14     2277.7     2422.2
837        164     22     30     3223.9     2430.4
838        115     33     17      350.0     2423.1
839        179     21     24     4584.2     2428.2
840        156     30     22     3751.5     2426.6
841        122     29     25      316.1     2432.0
842        143     26     26      790.9     2435.5
843        138     31     19     1111.5     2430.9
844        130     19     17     3650.4     2429.0
845        135     17     23      304.4     2434.8
846        117     22     18     2617.6     2430.2
847        136     36     12     3406.8     2427.9
848        115     23     19     3778.2     2431.2
849        156     20     21     3842.7     2436.2
850        106     21     17     3872.9     2434.9
851        111     16     17     4402.6     2431.7
852        112     15     25     2923.0     2441.2
853        336     43     43     3926.7     2447.5
854        110     20     19     4566.8     2435.9
855        102     19     19     3513.9     2439.9
856        198     29     37      914.1     2449.3
857        108     32     21     3124.0     2441.5
858        236     34     28     1002.8     2446.0
859        142     31     21     2976.0     2445.4
860        290     21     40     3813.8     2453.1
861        136     31     15     1690.7     2445.2
862        192     41     30     3456.8     2451.5
863        102     18     20     4073.7     2446.5
864        268     32     34     4638.5     2449.9
865        140     23     17     3159.0     2443.8
866        193     38     26      962.6     2452.7
867        113     17     21      471.1     2451.1
868        146     18     28     3902.9     2456.9
869        105     14     29     2832.3     2461.6
870        118     25     17     3385.1     2453.1
871        110     21     21     4030.6     2453.6
872        312     39     39     4697.1     2463.0
873        203     12    132     5467.5     2510.6
874        113     21     16     2060.6     2454.4
875        138     30     17     3626.2     2454.8
876        130     22     33      938.6     2463.8
877        109     17     21     4110.8     2459.2
878        101     25     18     3995.3     2458.6
879        256     42     39      302.3     2469.7
880        378     41     34     3664.3     2468.3
881        132     24     15     3833.2     2459.1
882        217     25     44     4807.7     2472.7
883        240     33     28     4490.4     2463.1
884        110     18     26     4150.2     2465.1
885        100     22     16     4397.9     2462.4
886        171     21     26     1308.1     2472.2
887        123     17     28     3127.0     2474.1
888        120     22     17     2725.5     2468.4
889        151     23     29     5298.8     2474.7
890        156     27     20      384.2     2472.2
891        143     28     14     2053.5     2467.9
892        135     19     21     3358.9     2473.2
893        107     24     13     2352.6     2471.7
894        169     30     23     3339.6     2473.3
895        113     26     21     3912.5     2475.5
896        110     16     31     3944.4     2479.9
897        217     40     22     4117.6     2474.4
898        103     19     17      174.2     2474.9
899        117     22     18      983.0     2474.8
900        126     20     24     1085.4     2480.4
901        108     21     24     3241.2     2478.4
902        102     16     19     4511.5     2475.4
903        114     23     18     3701.4     2480.8
904        130     29     15     4609.0     2475.6
905        125     21     33     3494.4     2485.1
906        101     31     10     3784.8     2474.3
907        177     29     22     3091.6     2485.0
908        144     17     24     3515.2     2484.0
909        107     22     21     3567.6     2480.8
910        101     16     21     4983.8     2481.9
911        182     24     21     3432.3     2485.8
912        291     33     41     4167.2     2498.3
913        113     27     20     4560.1     2483.2
914        109     15     19     4135.5     2486.2
915        110     15     22     2768.5     2489.5
916        168     19     25     3642.3     2492.8
917        120     23     17     4769.0     2486.5
918        116     25     16     4844.0     2488.2
919        100     21     17     1839.2     2489.5
920        103     21     17     3975.9     2490.5
921        202     18     37     4079.6     2500.8
922        150     17     22     3229.1     2495.7
923        112     18     25     4286.8     2496.0
924        166     24     23     1602.9     2498.0
925        192     24     24     2886.4     2499.8
926        183     28     17     1865.8     2495.3
927        158     16     43     2784.9     2507.6
928        129     16     22     3330.6     2499.3
929        116     16     19     3747.7     2497.2
930        124     22     25     4357.4     2501.5
931        248     49     22      204.4     2500.8
932        109     18     14     1969.6     2495.7
933        228     26     30     3436.2     2506.2
934        192     18     38     4189.9     2508.7
935        104     12     24      341.0     2502.8
936        127     21     23     2356.7     2504.0
937        102     16     15     3044.4     2499.2
938        193     21     32     3797.3     2506.6
939        114     22     16     3556.3     2504.0
940        118     19     20     3972.2     2504.9
941        141     25     22     1049.7     2507.8
942        116     23     19     3143.9     2506.4
943        123     14     21     3580.0     2511.4
944        105     20     19     1567.1     2510.8
945        193     23     25     3272.7     2513.0
946        238     40     22     1963.9     2516.0
947        184     34     23     1927.0     2519.0
948        101     17     24     3123.0     2517.0
949        108     25     26     4773.3     2521.1
950        100     18     16     3011.4     2518.5
951        126     23     29      509.7     2526.9
952        143     18     35     3376.5     2528.5
953        216     21     43     4042.3     2531.4
954        101     20     14     2125.9     2519.0
955        179     18     36     2429.5     2529.4
956        117     24     18     3992.5     2519.3
957        100     21     18     4504.5     2522.0
958        106     16     17     4605.7     2520.5
959        221     28     32     4700.9     2530.1
960        169     25     23     1257.4     2526.0
961        119     23     17      336.2     2524.3
962        103     19     18      823.4     2527.6
963        113     25     13     2185.2     2523.6
964        152     27     24     2584.7     2532.4
965        133     16     25     3218.4     2530.2
966        130     24     18     3300.3     2527.6
967        101     12     28     3449.4     2530.0
968        158     14     34     3523.4     2535.3
969        112     24     15     4109.7     2526.3
970        117     28     13     2720.3     2526.0
971        118     20     20     3691.6     2530.0
972        112     21     24      117.9     2532.5
973        264     37     23     3562.2     2534.0
974        157     21     21     4562.6     2531.7
975        146     25     23     2969.7     2540.8
976        107     19     23     4631.9     2537.2
977        102     17     16     1496.4     2537.1
978        107     14     26     1124.1     2542.1
979        163     26     23     3117.3     2546.4
980        176     29     30     4725.4     2546.2
981        107     21     31      942.3     2551.1
982        133     19     30     1659.6     2547.8
983        106     16     22     1858.1     2546.3
984        138     24     17      280.6     2546.4
985        162     24     28     1242.7     2552.4
986        120     17     27     3582.8     2549.5
987        191     20     38     4595.9     2560.0
988        262     34     35     2562.4     2555.2
989        142     25     24     3394.1     2553.2
990        235     31     32     3870.7     2555.8
991        241     21     43      643.7     2566.1
992        123     25     23     2854.3     2552.1
993        127     22     28      480.0     2559.4
994        101     17     18      560.7     2554.0
995        175     28     17     2783.7     2554.1
996        339     32     35     3974.2     2559.7
997        176     32     31     5126.3     2557.9
998        111     24     20      665.4     2557.8
999        122     26     23     3788.4     2556.6
1000        103     22     23      217.4     2556.8
1001        135     28     27     3164.7     2560.6
1002        124     21     26     4229.2     2562.9
1003        115     32     18     5077.6     2559.4
1004        114     23     14     1526.5     2556.8
1005        116     14     20       72.7     2564.5
1006        121     21     16     4070.8     2562.3
1007        186     25     25     4104.8     2567.3
1008        105     17     16     2165.4     2565.2
1009        102     15     24     2592.8     2568.4
1010        174     27     23     1057.5     2567.9
1011        111     14     23     1619.5     2569.4
1012        102     11     23     3912.4     2570.0
1013        182     28     27     3700.3     2575.2
1014        120     12     28     4792.7     2578.4
1015        138     33     20      139.0     2572.3
1016        102     17     22     1529.7     2577.1
1017        127     20     18     3068.1     2575.2
1018        120     15     25     4677.6     2577.6
1019        101     29     21     3373.0     2577.2
1020        129     20     22     4071.7     2577.3
1021        175     34     22      507.5     2579.6
1022        105     25     22     1073.6     2580.5
1023        154     26     28     2886.8     2583.8
1024        137     31     22     1444.1     2585.2
1025        125     22     17     3355.2     2583.4
1026        123     20     17     3985.4     2582.0
1027        100     24     11     1596.1     2581.1
1028        111     22     23     1967.1     2588.3
1029        162     35     13     5115.2     2583.2
1030        129     24     16     3733.4     2587.8
1031        188     18     30     4875.1     2594.1
1032        144     21     19     3636.6     2590.4
1033        198     18     34     3803.6     2599.7
1034        110     21     15     4851.3     2588.7
1035        128     20     19     3901.8     2592.4
1036        158     20     28     3919.8     2598.8
1037        199     24     36     4664.6     2600.6
1038        130     21     17      669.9     2592.7
1039        129     26     22     3581.9     2598.1
1040        107     18     22     3858.6     2598.6
1041        116     16     15     4415.1     2594.4
1042        124     26     22      958.9     2598.0
1043        138     24     21     1901.7     2599.1
1044        100     19     19     3129.1     2597.9
1045        246     23     35     1022.7     2607.3
1046        171     36     36     1827.2     2604.6
1047        123     20     14     3384.0     2596.0
1048        114     14     32     5251.0     2608.1
1049        113     12     31     4547.7     2608.2
1050        118     13     26      384.6     2608.4
1051        133     23     16     3216.7     2604.1
1052        169     20     32     4976.5     2612.6
1053        130     19     28     5025.5     2609.3
1054        100     18     18     5411.5     2604.3
1055        103     16     17     3197.7     2609.3
1056        108     23     12       73.6     2607.7
1057        118     18     23      416.7     2613.9
1058        116     22     16     1247.1     2610.9
1059        194     21     39     3630.5     2622.2
1060        101     26     12     4439.0     2608.9
1061        108     16     17     5134.0     2612.6
1062        100     28     13      475.3     2612.9
1063        112     15     26     4134.1     2617.2
1064        102     19     18     4819.6     2613.2
1065        122     17     22     4886.0     2617.3
1066        135     29     21     1633.1     2621.3
1067        167     25     27     3383.2     2624.0
1068        141     25     25     3984.8     2624.1
1069        109     17     18     4368.9     2620.5
1070        105     15     24     1417.6     2624.2
1071        108     16     24     2496.2     2624.1
1072        204     32     25     2766.1     2625.4
1073        108     24     14     3724.4     2621.6
1074        109     22     17     3939.1     2620.3
1075        119     16     18     5457.9     2622.0
1076        235     26     29     1517.3     2629.0
1077        311     52     38      916.8     2636.9
1078        131     21     21      725.1     2633.5
1079        100     17     18     4051.5     2628.5
1080        133     17     24     4339.7     2632.4
1081        124     34     14     1833.9     2628.4
1082        140     20     27     3224.6     2635.7
1083        106     21     20     1487.6     2635.5
1084        139     22     22     3113.8     2634.2
1085        156     15     31     3834.0     2640.3
1086        128     17     25     1455.6     2635.2
1087        103     18     18     3646.9     2637.3
1088        132     20     23     3419.5     2641.0
1089        116     16     17     3881.5     2639.0
1090        199     18     98     5465.9     2667.7
1091        128     18     21     3097.6     2640.5
1092        119     16     28     3294.3     2646.2
1093        110     19     20     4329.5     2643.0
1094        128     33     14     4403.5     2637.1
1095        108     21     19     4617.3     2640.7
1096        113     33     14     1678.4     2642.1
1097        176     22     22     4120.1     2643.8
1098        308     42     26      650.2     2647.1
1099        200     38     22     1072.4     2645.8
1100        125     23     22     4160.7     2647.8
1101        155     22     34     1465.1     2655.8
1102        118     25     18     2629.9     2649.6
1103        122     22     24     3450.0     2651.2
1104        120     17     16     3819.9     2646.7
1105        222     27     43     4089.4     2664.3
1106        100     20     18     4924.2     2648.3
1107        184     35     16     2739.3     2650.7
1108        117     19     15     3984.3     2650.0
1109        154     17     30     4205.5     2653.9
1110        122     22     17     3930.5     2653.1
1111        115     19     18     4433.4     2651.2
1112        155     25     27     4524.7     2656.5
1113        115     24     15     2538.5     2654.2
1114        102     15     25     5106.2     2661.5
1115        100     21     13     3157.0     2657.2
1116        102     21     17     3674.5     2659.7
1117        106     30     12     3505.1     2659.4
1118        143     20     26     3857.0     2663.8
1119        114     19     13     4113.9     2658.6
1120        164     25     29      270.5     2670.5
1121        123     22     18     2650.4     2664.6
1122        122     33     13     3714.9     2660.4
1123        126     27     18     1866.7     2663.5
1124        133     32     20     2414.7     2666.8
1125        103     20     16      106.5     2667.9
1126        132     22     24      808.4     2669.9
1127        256     34     28     3833.3     2676.3
1128        103     25     11      301.3     2667.2
1129        133     19     29     1971.9     2677.8
1130        101     25     14     2674.1     2669.0
1131        107     14     16     4498.3     2669.6
1132        114     18     23      205.8     2675.0
1133        143     23     21     1604.8     2674.4
1134        440     32     38     1286.9     2685.1
1135        166     26     19     2724.8     2676.6
1136        126     17     31     4031.7     2684.1
1137        156     24     38     5392.6     2685.2
1138        162     28     32      617.2     2685.2
1139        136     25     18     2044.4     2680.2
1140        253     28     32     3964.6     2685.8
1141        132     23     32     4208.8     2685.4
1142        113     20     18     1025.1     2680.1
1143        104     20     24     3266.9     2686.5
1144        104     26     14     5161.8     2680.4
1145        100     15     17     1905.9     2681.4
1146        131     20     27     3810.0     2690.1
1147        142     31     14     4693.8     2679.3
1148        108     21     15      701.6     2683.5
1149        112     22     24     3663.1     2686.8
1150        122     21     27     4637.2     2690.6
1151        118     26     20     5070.6     2688.7
1152        127     21     31     2429.1     2694.8
1153        124     22     22     2756.8     2688.9
1154        156     23     18     2851.0     2686.9
1155        122     24     22     3381.9     2687.5
1156        182     16     38     3499.0     2697.8
1157        148     19     28     1744.4     2693.5
1158        130     16     27     2884.8     2693.8
1159        185     30     23     3348.4     2691.0
1160        162     25     27     4355.6     2694.5
1161        150     16     31     4000.5     2695.9
1162        148     23     29      134.0     2700.0
1163        131     17     23     1448.4     2699.5
1164        211     27     27     3844.9     2696.6
1165        218     20     42     3923.0     2706.4
1166        105     23     13      167.2     2693.5
1167        177     25     39     2627.9     2711.5
1168        108     22     14     3030.2     2695.6
1169        298     32     31     3720.9     2704.0
1170        112     19     22     5368.5     2700.6
1171        135     16     22     1517.2     2701.3
1172        131     19     22     1603.7     2704.7
1173        121     23     23      344.8     2708.6
1174        129     30     14     1012.1     2702.9
1175        111     13     23     3105.0     2704.9
1176        159     18     28     3879.6     2713.3
1177        135     29     20     5062.5     2709.8
1178        238     32     30      162.8     2713.6
1179        152     38     30     1693.4     2715.4
1180        117     25     15     2560.9     2708.0
1181        475     67     39     3965.0     2720.7
1182        171     14     31     4576.5     2714.6
1183        128     16     27      919.0     2716.5
1184        113     17     19     1664.9     2709.3
1185        102     15     20     1780.3     2712.0
1186        126     16     25     1809.1     2718.2
1187        116     15     20     1887.3     2715.9
1188        123     18     20     4927.1     2711.9
1189        107     16     18      487.0     2715.1
1190        144     26     24     4261.3     2720.3
1191        105     14     25      774.6     2723.0
1192        116     20     20     1961.0     2719.2
1193        198     24     25     4111.3     2723.4
1194        132     21     20     4820.9     2721.3
1195        165     20     25     4091.6     2726.5
1196        106     19     17     5316.1     2721.7
1197        122     25     19      872.1     2725.2
1198        150     20     38     1527.0     2730.5
1199        242     50     20     3513.1     2726.6
1200        117     26     16     3772.4     2724.7
1201        168     36     17     3810.0     2723.9
1202        108     20     19     3895.9     2726.7
1203        127     29     13     4529.3     2721.6
1204        126     25     18     4804.2     2724.4
1205        149     20     22     5348.1     2728.2
1206        116     33     15     4498.5     2725.8
1207        103     21     14     2447.6     2726.3
1208        113     14     29     2665.9     2736.4
1209        110     21     17     3681.8     2727.2
1210        101     19     17     1972.1     2728.8
1211        243     38     27     3421.8     2739.2
1212        106     15     22     5240.8     2734.1
1213        109     17     18     3395.1     2734.3
1214        155     17     33     4430.8     2741.3
1215        123     20     20     4867.6     2737.4
1216        160     25     25      529.4     2742.3
1217        113     11     27     4301.6     2741.0
1218        184     26     19     4451.7     2738.7
1219        164     18     22     3644.3     2742.4
1220        101     12     20     4167.4     2740.0
1221        106     16     20     4568.4     2740.8
1222        272      3    234     5468.8     2844.1
1223        123     14     17     4042.4     2741.1
1224        105     17     24      842.0     2744.3
1225        125     24     19     3765.1     2743.1
1226        203     26     27     5013.4     2747.7
1227        116     24     22      418.5     2745.3
1228        118     15     30     4148.2     2750.6
1229        110     16     21     4753.1     2747.3
1230        130     18     21     5044.4     2747.9
1231        114     21     16     1836.7     2746.8
1232        147     26     22     3557.8     2752.6
1233        105     15     23     2358.1     2752.8
1234        119     25     22     3828.4     2749.8
1235        110     27     14     4112.2     2746.8
1236        104     15     23     4247.5     2753.5
1237        101     20     18     5210.3     2752.6
1238        100     22     17     1621.3     2751.6
1239        117     18     28     2769.7     2755.5
1240        101     23     21     3147.7     2756.6
1241        126     22     20     4161.7     2754.7
1242        187     21     28     3352.6     2758.9
1243        189     38     20     3691.4     2756.1
1244        123     28     19     3927.5     2758.3
1245        107     23     30      865.4     2761.8
1246        121     13     24     1600.8     2759.1
1247        170     36     13     2317.7     2753.2
1248        205     19     37     3076.9     2765.7
1249        126     19     19     3123.5     2758.8
1250        103     19     14     3304.2     2755.7
1251        138     34     19     3389.2     2756.7
1252        185     21     34     1191.0     2766.1
1253        103     16     20     4477.1     2760.4
1254        138     24     20     4658.1     2759.0
1255        133     32     18     5359.9     2758.1
1256        197     34     36     3521.0     2772.3
1257        163     36     16     4226.1     2759.2
1258        102     22     22     4017.5     2765.4
1259        114     32     19     2845.5     2766.0
1260        110     14     26     3166.9     2769.5
1261        181     31     28     3270.3     2768.0
1262        177     22     29     3864.4     2770.8
1263        102     11     26     4402.4     2768.4
1264        197     31     20     4444.1     2765.9
1265        171     15     40     1613.1     2777.6
1266        117     25     19     2624.8     2765.1
1267        112     13     24     4096.5     2770.7
1268        100     17     14     4617.1     2764.3
1269        108     22      9      339.4     2765.5
1270        183     23     26     5323.8     2776.7
1271        154     23     25     1145.0     2775.9
1272        134     14     25     3596.2     2779.3
1273        180     29     25     4045.8     2776.8
1274        346     39     48     4073.7     2791.0
1275        116     17     18     4245.6     2775.6
1276        116     17     23      369.5     2777.9
1277        117     27     18     3767.5     2779.8
1278        187     24     30     3931.1     2782.0
1279        174     31     25     4739.8     2782.9
1280        104     16     18     4756.7     2775.3
1281        126     20     32      201.4     2784.3
1282        154     22     23     1777.7     2781.3
1283        124     23     22     3578.4     2779.3
1284        108     15     22     3741.1     2782.1
1285        134     22     15     4904.5     2778.3
1286        160     26     37     3698.6     2788.9
1287        103     21     18     4017.8     2780.9
1288        121     12     36     1490.0     2793.5
1289        128     16     26     2498.0     2787.1
1290        107     20     18     4201.3     2782.5
1291        100     15     22     1399.5     2785.4
1292        112     20     17     5181.1     2786.4
1293        104     22     17      510.8     2787.2
1294        100     18     23      719.6     2792.0
1295        123     21     23     1636.7     2795.2
1296        150     22     18     4126.0     2791.1
1297        133     23     18      275.4     2790.5
1298        133     18     28      615.8     2794.9
1299        102     23     14      974.5     2791.3
1300        134     19     19     1847.8     2791.1
1301        377     55     39     3497.5     2803.1
1302        112     17     19     5347.1     2794.1
1303        243     36     28     1572.1     2800.4
1304        117     16     29      226.9     2803.9
1305        127     23     17      550.0     2796.6
1306        234     28     30     2049.9     2803.7
1307        153     22     23     4008.8     2801.3
1308        133     33     14     1304.1     2796.4
1309        123     25     19     3401.2     2802.7
1310        124     19     17     3460.1     2800.3
1311        140     27     20     4052.0     2798.2
1312        125     25     25      440.5     2803.6
1313        154     23     26     2296.7     2803.5
1314        132     20     21     1791.3     2803.4
1315        105     19     22     2699.1     2804.5
1316        193     22     30     4405.2     2810.3
1317        117     26     13     1879.5     2802.5
1318        138     32     19     5258.9     2804.3
1319        138     19     32      820.3     2815.1
1320        154     24     26     1901.8     2814.1
1321        135     30     20     2878.9     2806.8
1322        154     21     22     4760.2     2806.5
1323        103     24     20     5030.2     2807.7
1324        112     26     15     1617.4     2809.4
1325        135     19     34     2502.0     2819.1
1326        103     23     13     3280.7     2811.0
1327        137     15     20     1642.5     2815.0
1328        117     17     22     2416.5     2817.2
1329        167     26     21     2935.8     2817.0
1330        152     24     22     3628.2     2817.4
1331        112     20     23     2648.7     2819.3
1332        139     28     23     1577.9     2819.4
1333        136     16     23     2712.8     2820.0
1334        180     24     23     3197.1     2821.4
1335        166     30     19     3387.6     2818.7
1336        120     16     25     4383.8     2823.0
1337        115     15     24      555.9     2825.5
1338        198     20     31     2144.7     2831.4
1339        104     19     17     3727.5     2818.9
1340        165     28     17     5318.4     2820.2
1341        147     15     29     2431.5     2830.4
1342        118     21     19     2818.3     2822.4
1343        102     15     18     3298.5     2823.1
1344        246     31     35     3642.5     2834.5
1345        119     21     19     2692.8     2829.3
1346        104     22     12     4237.8     2825.6
1347        102     18     16     3580.0     2831.4
1348        163     23     28     4109.6     2835.7
1349        110     16     21     2539.3     2833.7
1350        136     25     14     4703.9     2832.7
1351        108     15     21     4041.7     2836.1
1352        278     50     24     4142.8     2839.0
1353        120     18     26       97.3     2840.8
1354        756     71     70     2001.0     2861.7
1355        125     30     14     2780.5     2837.2
1356        208     32     30     1589.5     2848.4
1357        118     19     21     5016.6     2840.5
1358        117     16     18     3682.7     2842.9
1359        169     30     30      986.2     2847.0
1360        137     21     20     5078.5     2845.1
1361        144     21     28     3611.4     2855.9
1362        109     22     18     1768.1     2850.6
1363        159     28     23     3978.8     2853.6
1364        168     31     32      920.8     2863.0
1365        107     22     17     1121.0     2852.5
1366        121     28     20     1394.6     2854.4
1367        147     19     25     1613.9     2855.0
1368        122     27     19     3821.4     2856.5
1369        189     26     27     4162.5     2859.0
1370        206     46     17     4405.3     2853.2
1371        108     16     21     3538.1     2856.7
1372        106     20     19     4648.5     2854.0
1373        124     28     16      807.9     2856.5
1374        116     16     23     2626.2     2863.1
1375        103     19     18      334.5     2865.1
1376        133     19     20     2969.5     2864.4
1377        101     18     16     3897.0     2865.5
1378        108     20     21     4694.2     2866.1
1379        142     32     26     4855.6     2868.5
1380        169     20     26      845.2     2873.6
1381        102     18     20     1596.6     2872.6
1382        162     22     33     1677.2     2881.6
1383        160     24     18     3944.8     2871.4
1384        149     28     22     4642.4     2871.8
1385        194     26     34     5308.6     2882.1
1386        114     22     16      794.5     2871.9
1387        147     30     16     2031.9     2870.8
1388        127     24     20     3354.3     2875.7
1389        149     17     27     5044.7     2875.7
1390        142     25     17     2918.2     2874.7
1391        116     16     24     3609.0     2879.6
1392        235     25     36     3970.2     2883.0
1393        364     46     44     4125.1     2888.5
1394        103     21     22      525.3     2878.8
1395        138     21     24     5174.8     2884.1
1396        109     20     19     1797.9     2880.7
1397        130     14     26     2420.7     2886.0
1398        109     16     21     2590.8     2881.5
1399        191     25     22     3713.3     2883.9
1400        131     23     22     3286.7     2885.4
1401        118     24     19     1544.2     2886.3
1402        104     17     19      689.8     2887.6
1403        103     13     27     3018.8     2891.1
1404        154     26     24     3073.1     2888.4
1405        235     26     36     3747.5     2898.2
1406        106     16     15     3918.9     2887.2
1407        106     18     18       85.4     2889.4
1408        123     24     23     3170.3     2894.3
1409        135     27     15     4004.1     2891.0
1410        108     21     21     1935.0     2897.5
1411        117     23     19     4031.6     2896.6
1412        102     29     16     1907.1     2899.1
1413        187     37     27     2071.6     2903.3
1414        107     28     16     2301.1     2898.7
1415        103     19     17      108.5     2902.1
1416        285     33     35     2233.3     2910.8
1417        134     28     12     2782.4     2898.9
1418        140     21     29     2876.7     2906.4
1419        160     26     21     3928.0     2904.7
1420        182     16     38     4254.2     2911.7
1421        187     28     23     4643.8     2904.3
1422        109     17     24      277.6     2909.7
1423        596     53     54     1962.8     2921.7
1424        141     22     18     3334.9     2903.4
1425        119     16     20     3995.9     2906.8
1426        110     32     15     4719.2     2901.8
1427        108     20     22     5091.0     2908.3
1428        207     34     20     4166.0     2910.1
1429        107     15     21     5210.0     2911.3
1430        119     18     26     4465.8     2913.2
1431        148     24     26     4975.7     2909.5
1432        108     20     19     5383.0     2910.5
1433        100     13     23      683.7     2915.2
1434        151     16     27     1668.3     2918.6
1435        249     45     24     2327.9     2917.3
1436        252     38     24     3731.1     2918.6
1437        142     21     26     3979.7     2917.7
1438        111     18     18     4335.2     2917.0
1439        105     15     26     1625.1     2919.9
1440        134     24     24     3903.2     2918.0
1441        167     35     19     4715.8     2916.4
1442        228     32     32     5252.3     2926.2
1443        119     18     31     4360.8     2924.4
1444        128     24     22     5004.2     2919.7
1445        127     50     13     1472.0     2918.4
1446        119     16     27     5233.8     2927.3
1447        116     11     26     1418.1     2927.5
1448        123     16     22     3883.6     2926.0
1449        105     24     18     4377.2     2921.8
1450        122     29     12      969.0     2922.0
1451        215     20     43     1286.6     2937.3
1452        140     24     24     3517.6     2926.5
1453        106     13     23     3570.2     2927.4
1454        260     35     27     5091.5     2931.9
1455        106     22     22     4124.0     2928.2
1456        122     20     20     1570.9     2929.1
1457        108     15     26     3174.5     2933.7
1458        110     16     23     3245.1     2931.0
1459        156     19     33     2029.6     2937.8
1460        175     41     14     4585.9     2929.9
1461        145     20     27     4619.8     2936.1
1462        138     20     22      190.6     2936.3
1463        102     16     20     2843.6     2937.8
1464        171     38     21     3751.3     2937.6
1465        113     18     15     5347.8     2932.1
1466        164     20     31     1428.3     2943.7
1467        223     46     25     3939.8     2939.8
1468        126     28     22     2009.8     2943.7
1469        123     20     19     3721.1     2938.6
1470        124     21     26     4029.4     2943.1
1471        217     26     30     4390.1     2947.4
1472        197     19     32     1373.8     2948.8
1473        104     16     18     3818.1     2939.7
1474        141     28     27     5011.0     2947.0
1475        288     19     63     3643.4     2965.1
1476        152     25     29     4297.2     2948.5
1477        147     19     25     2692.4     2947.1
1478        102     18     19     3224.4     2945.5
1479        103     16     23     3904.6     2945.5
1480        124     23     19     4128.9     2944.5
1481        107     23     19     5148.9     2944.2
1482        141     27     23     3593.5     2947.8
1483        106     20     18     4962.3     2946.1
1484        111     20     13     5268.0     2945.6
1485        329     32     43     1929.6     2968.0
1486        178     31     25     3142.6     2951.5
1487        111     20     18     3851.5     2952.9
1488        104     18     22     4420.7     2951.9
1489        221     35     31     1722.4     2959.2
1490        108     26     12     1755.9     2952.3
1491        228     39     27     2795.5     2958.2
1492        116     20     19      696.2     2955.5
1493        117     21     19      858.5     2957.4
1494        107     22     17     1197.3     2955.9
1495        141     21     25     4095.4     2959.6
1496        118     15     26     4468.5     2963.2
1497        119     19     21     4884.3     2958.7
1498        189     33     26     4932.6     2963.8
1499        171     35     22     3298.9     2958.6
1500        131     33     21     4316.5     2958.9
1501        104     16     19     2644.9     2961.4
1502        104     22     19     4531.7     2962.9
1503        233     32     25     3446.8     2966.0
1504        118     21     14     4582.1     2960.6
1505        119     34     17     4758.3     2959.5
1506        279     28     32     5232.3     2970.9
1507        123     22     22      686.0     2967.8
1508        154     16     35     3768.7     2972.3
1509        106     18     15     2358.6     2965.1
1510        168     32     19     3742.1     2967.7
1511        114     24     18     4176.7     2967.1
1512        154     16     27     5098.8     2971.6
1513        135     20     21     1669.5     2970.8
1514        158     34     19     4824.2     2966.6
1515        169     24     15      395.8     2970.4
1516        151     19     24     1988.1     2973.1
1517        126     25     17     4274.9     2969.7
1518        163     29     18     2971.7     2973.1
1519        151     36     26     3407.3     2980.4
1520        102     15     20     3944.7     2973.1
1521        117      2    112     5469.0     3021.1
1522        189     18     44     1323.8     2988.2
1523        139     25     27     1885.4     2981.5
1524        102     26     17     4380.4     2981.7
1525        107     20     16     4888.3     2980.5
1526        101     19     24     2669.3     2982.0
1527        173     29     24     3996.2     2985.5
1528        103     21     16     5378.1     2981.4
1529        116     20     26      444.0     2991.4
1530        235     25     33     3955.9     2996.2
1531        138     22     19     2890.3     2988.3
1532       9526    204    610     1816.4     3277.1
1533        120     16     22     3133.8     2990.2
1534        105     22     19     1683.6     2993.8
1535        129     18     39     2306.4     3002.6
1536        229     23     35     2980.8     2999.8
1537        108     19     16     3350.2     2990.4
1538        132     35     19     2960.0     2994.3
1539        102     17     22     3245.4     2996.6
1540        161     22     29     3923.3     3000.4
1541        101     22     15     4391.9     2994.0
1542        167     25     33     4415.3     3000.3
1543        103     28     19     2151.8     2999.6
1544        126     21     18     5039.1     2997.0
1545        102     23     17     4282.6     2998.2
1546        186     32     19     1872.4     3002.7
1547        163     48     13     3666.5     2998.8
1548        103     21     18     4253.0     3000.9
1549        127     19     18     2638.8     3003.8
1550        130     20     24     4429.0     3006.9
1551        155     42     22      116.0     3008.3
1552        159     19     41      762.1     3015.8
1553        106     20     18     1158.7     3006.7
1554        105     12     21     4229.9     3006.2
1555        159     23     20     4703.4     3005.2
1556        125     19     23     5377.0     3007.3
1557        100     13     27      613.0     3014.2
1558        150     22     18     2754.1     3007.6
1559        140     19     21     3721.1     3009.8
1560        139     26     17     5056.4     3005.5
1561        102     16     22     5305.0     3008.7
1562        122     18     24     1532.6     3011.2
1563        112     13     26     3465.3     3014.0
1564        234     26     30     4272.1     3013.3
1565        141     20     26     4935.3     3013.5
1566        166     42     26     5195.2     3013.2
1567        152     15     33     3627.7     3018.7
1568        110     25     17     4141.5     3011.4
1569        124     24     19     4304.4     3012.0
1570        112     25     10     4893.4     3007.8
1571        131     20     19     5403.4     3013.9
1572        104     19     22     1072.6     3015.6
1573        101     23     15     3429.2     3013.7
1574        114     22     22     2568.0     3022.0
1575        166     24     29     4185.9     3025.6
1576        130     27     16     4390.8     3016.8
1577        106     26     18     4863.0     3017.3
1578        138     36     16       49.2     3023.0
1579        261     30     34     4897.6     3026.6
1580        166     35     21     1641.3     3025.5
1581        102     17     20     2887.3     3023.0
1582        120     15     20     3446.3     3026.3
1583        133     16     26     4493.7     3031.5
1584        122     27     18     4526.3     3024.9
1585        100     18     16     5069.8     3024.4
1586        118     24     13     5261.8     3023.2
1587        217     28     35     4453.4     3032.0
1588        101     17     12     1619.2     3026.7
1589        208     28     23     3836.6     3031.4
1590        113     23     14     5397.0     3025.9
1591        105     19     22      876.0     3031.3
1592        203     26     28     1039.6     3033.9
1593        170     31     20     1221.5     3033.5
1594        208     32     31     1583.6     3043.1
1595        299     38     55     2817.2     3047.8
1596        182     37     19     3224.6     3035.9
1597        179     35     19     5188.2     3034.5
1598        119     19     18     1596.1     3037.7
1599        134     31     20      790.3     3038.0
1600        199     28     23     4388.1     3039.1
1601        133     21     18     1725.7     3040.2
1602        152     28     19     4738.6     3041.7
1603        222     26     26     2774.6     3045.8
1604        100     14     24     3714.8     3045.1
1605        172     22     34     2874.9     3056.4
1606        131     19     29     2997.2     3049.2
1607        113     16     20     4664.9     3046.5
1608        123     27     22     1003.7     3048.5
1609        132     22     21     2720.6     3049.1
1610        114     22     18     4422.9     3048.1
1611        159     26     21     4944.5     3048.3
1612        100     17     16      657.7     3046.4
1613        101     25     17     1302.5     3048.9
1614        158     35     19     3576.5     3046.9
1615        167     25     28     3952.2     3051.5
1616        102     15     21     2503.6     3053.0
1617        175     26     31     2663.7     3054.9
1618        101     17     17     3267.7     3050.4
1619        140     14     24      495.4     3054.4
1620        116     34     13     3446.3     3051.9
1621        151     25     32     1143.1     3063.2
1622        162     26     22      579.1     3059.6
1623        105     23     20     3721.8     3059.2
1624        119     25     22     1416.8     3062.0
1625        102     18     24     3213.6     3062.8
1626        111     16     19      520.2     3064.5
1627        109     14     20     2217.9     3065.6
1628        100     15     18     5191.6     3063.4
1629        105     10     28     2578.8     3069.2
1630        157     25     26     3981.4     3071.3
1631        115     20     18     2857.5     3067.0
1632        102     19     18     3320.9     3066.5
1633        102     17     15      453.2     3068.2
1634        281     24     52     5030.6     3088.6
1635        154     16     23     3092.8     3075.6
1636        116     22     24     4616.0     3074.0
1637        103     14     19     4690.4     3070.2
1638        199     35     22     3388.9     3075.4
1639        207     25     27     3857.2     3079.0
1640        181     18     31     4263.0     3080.6
1641        120     22     21     4534.9     3075.0
1642        162     23     31     3578.3     3084.4
1643        155     28     19     3648.7     3077.7
1644        145     26     25     5223.0     3079.8
1645        191     21     27     2885.5     3083.7
1646        113     17     17     4013.9     3080.3
1647        123     15     28     4950.3     3083.6
1648        165     29     20     3454.5     3084.2
1649        126     16     18     3778.7     3082.4
1650        110     16     18     3707.8     3084.8
1651        109     19     18     5006.9     3085.1
1652        103     16     20     5093.1     3085.6
1653        416     12    216     5467.0     3180.1
1654        104     26     14      778.9     3085.0
1655        126     23     26     4595.5     3091.7
1656        100     28     14     4820.9     3084.9
1657        115     25     19     3834.8     3089.9
1658        120     24     15     3938.0     3091.3
1659        115     18     22     5069.9     3093.5
1660        198     27     28     4537.5     3097.8
1661        115     17     27     1471.4     3101.1
1662        122     14     31     4019.8     3104.2
1663        189     23     29     4180.7     3103.1
1664        168     19     27     4310.2     3100.6
1665        122     17     20     2383.5     3096.9
1666        130     12     29     2211.0     3104.1
1667        184     26     18     3902.4     3103.5
1668        124     21     20     4762.4     3103.1
1669        116     18     25     3059.7     3109.0
1670        126     26     20     3300.2     3108.6
1671        132     23     19     3977.6     3105.8
1672        110     21     19     4674.8     3108.9
1673        127     17     20      918.0     3110.4
1674        141     30     14     4368.4     3108.2
1675        102     19     18     2868.7     3113.5
1676        119     17     26     2655.5     3121.0
1677        137     18     22     4245.2     3119.7
1678        132     24     19     4988.9     3117.7
1679        158     32     31     3151.8     3122.3
1680        214     38     27     3714.0     3119.5
1681        246     33     34     4362.7     3127.1
1682        108     16     24     5232.9     3123.4
1683        106     17     22     3374.0     3127.4
1684        266     39     23     4303.2     3125.7
1685        184     34     26     4663.6     3129.4
1686        182     30     32     1613.0     3130.9
1687        101     20     18     2341.5     3124.6
1688        153     22     29     3822.5     3128.9
1689        101     18     11      602.7     3122.9
1690        115     14     28      727.5     3130.5
1691        140     24     20     4836.0     3127.3
1692        109     18     28      882.1     3132.3
1693        136     14     29     2775.7     3139.5
1694        108     18     24     2907.4     3135.9
1695        111     15     24     5308.1     3135.7
1696        128     22     23     2322.3     3136.7
1697        102     19     22     4637.2     3134.3
1698        124     15     25     5120.7     3138.8
1699        180     23     25     2733.9     3140.3
1700        103     16     23      568.8     3142.4
1701        191     19     28     2982.0     3145.2
1702        138     24     28     1211.2     3143.7
1703        103     15     24     2662.9     3142.7
1704        115     20     18     3345.1     3139.4
1705        123     31     20     3742.2     3144.3
1706        142     23     29      782.2     3151.0
1707        111     11     21      831.9     3144.4
1708        173     19     36     2834.9     3151.4
1709        143     21     17     2950.4     3144.4
1710        142     27     23     3897.8     3143.2
1711        160     22     28     4302.7     3148.2
1712        150     16     32      457.6     3150.3
1713        139     14     31      689.9     3152.8
1714        197     25     39     1093.6     3159.4
1715        127     26     15     4280.1     3145.7
1716        135     29     23     2800.8     3151.9
1717        261     33     35     3103.4     3157.7
1718        244     32     36     4565.1     3157.5
1719        132     17     28     4728.9     3157.2
1720        151     25     17     3770.1     3151.8
1721        113     23     15     5437.4     3154.2
1722        114     25     26      743.4     3159.9
1723        101     28     14     4429.0     3158.0
1724        155     24     28     1695.2     3161.6
1725        172     17     32     1539.0     3168.8
1726        126     26     15     3618.6     3161.8
1727        175     21     33     3961.0     3173.1
1728        116     19     17     4788.7     3162.1
1729        122     18     21      119.5     3167.3
1730        124     13     34     2402.3     3175.0
1731        117     19     15     2451.2     3166.1
1732        139     31     14     4478.2     3164.7
1733        122     28     22     1577.4     3171.2
1734        212     29     36     4196.0     3178.0
1735        129     24     19     2102.9     3173.0
1736        112     28     15     1946.2     3172.0
1737        129     26     25     4347.3     3177.5
1738        213     28     27     5156.9     3177.5
1739        165     23     39     2884.5     3188.3
1740        114     22     24     3818.1     3178.4
1741        120     21     21     1315.1     3178.1
1742        230     30     38     3711.7     3191.1
1743        130     24     23     4727.3     3184.3
1744        227     37     23     3660.1     3184.3
1745        105     20     19     3020.7     3184.3
1746        129     16     23      921.2     3189.8
1747        100     24     17     1375.8     3186.8
1748        140     28     23     2460.3     3189.5
1749        111     17     19     4615.4     3189.2
1750        176     18     31     2380.3     3200.4
1751        110     20     18     3173.5     3191.6
1752        112     14     19     2111.3     3191.9
1753        163     25     22     3905.3     3194.7
1754        146     21     25     2633.5     3197.7
1755        118     20     25      820.7     3199.1
1756        110     12     20     3315.4     3202.2
1757        106     23     19     2526.4     3202.0
1758        159     34     23     1404.1     3206.5
1759        128     22     23     1626.5     3203.9
1760        172     34     29     3071.6     3211.3
1761        112     28     18     3495.3     3204.0
1762        113     19     18     3642.0     3204.4
1763        114     17     23     3900.7     3208.2
1764        113     23     14     1128.7     3203.8
1765        100     22     18     1862.2     3206.4
1766        148     18     21      943.2     3208.8
1767        111     21     16     1375.8     3208.9
1768        147     22     21     2411.1     3209.7
1769        116     26     17     3768.6     3209.4
1770        125     17     22     5343.0     3210.9
1771        145     17     31     1615.1     3220.7
1772        109     25     19     1277.0     3217.9
1773        166     30     35     4256.4     3226.1
1774        103     20     17     5233.3     3219.6
1775        104     18     17     3971.8     3219.8
1776        156     24     24       63.4     3230.8
1777        115     19     23      824.6     3230.3
1778        133     19     23     1427.9     3229.4
1779        238     28     34     2622.5     3232.9
1780        142     13     34      993.4     3237.1
1781        142     21     28     2389.5     3235.7
1782        127     15     26     4271.2     3236.2
1783        127     20     15     4652.8     3230.7
1784        115     19     19      312.0     3236.3
1785        245     29     33     1378.8     3240.2
1786        100     15     21     4046.1     3237.5
1787        103     28     13      646.6     3233.2
1788        143     26     24     1643.4     3240.8
1789        170     22     23     2819.9     3240.4
1790        107     20     19     3598.3     3236.1
1791        102     11     22     3030.2     3242.4
1792        106     25     17     3477.4     3238.3
1793        142     28     22     4985.3     3241.7
1794        131     20     27     4069.6     3241.0
1795        101     19     14     2683.3     3241.4
1796        140     22     27     5307.7     3248.1
1797        105     16     17     1433.0     3244.0
1798        124     25     18     1606.4     3250.0
1799        137     23     19     1033.6     3252.1
1800        220     22     32     2152.5     3258.1
1801        151     18     21     2498.6     3254.2
1802        126     28     16     2780.9     3253.5
1803        113     22     20     3963.1     3254.4
1804        160     16     25     4463.3     3256.4
1805        124     13     34      269.2     3259.4
1806        120     16     19     2263.3     3256.0
1807        140     28     19     2709.8     3254.6
1808        141     16     23      832.2     3259.7
1809        201     31     26     3621.3     3257.9
1810        149     28     16     4484.8     3255.2
1811        131     15     28     4564.5     3260.3
1812        110     18     28     5074.3     3261.4
1813        123     16     27     2562.8     3263.8
1814        111     20     18       29.4     3261.3
1815        107     22     16     4175.5     3258.7
1816        319     34     40      636.7     3275.4
1817        123     15     23      780.0     3263.9
1818        152     20     29     1569.4     3266.8
1819        157     26     22     4034.7     3266.2
1820        128     21     26     4269.2     3267.4
1821        119     24     21     1618.0     3266.3
1822        119     22     17     1761.9     3265.6
1823        107     22     16     2422.6     3268.9
1824        101     13     21     4195.1     3270.0
1825        118     32     15     4854.3     3265.4
1826        143     23     20      512.7     3268.4
1827        112     18     16     1064.2     3267.6
1828        257     27     34     3137.2     3276.1
1829        114     22     17     5315.4     3268.8
1830        112     23     14     2312.1     3267.9
1831        153     30     20     2869.1     3271.4
1832        145     25     31     4933.1     3278.2
1833        110     27     12     1854.6     3269.9
1834        116     24     16     2468.7     3271.4
1835        157     23     18     3402.0     3273.2
1836        107     20     20     3689.0     3273.9
1837        144     22     24     3066.9     3278.3
1838        105     14     25     4617.1     3280.2
1839        130     28     19     1516.2     3279.6
1840        162     26     32     2375.2     3284.6
1841        136     27     20     3711.9     3281.7
1842        134     28     19      878.8     3281.5
1843        102     20     16     1128.2     3277.5
1844        126     20     24     2915.6     3284.5
1845        104     13     26     5363.5     3285.5
1846        128     29     24     1573.5     3294.5
1847        101     22     19     4469.9     3287.7
1848        101     19     15     5268.2     3287.6
1849        129     22     22     1099.6     3291.8
1850        148     20     25     1531.4     3295.5
1851        190     21     33     3531.6     3300.1
1852        173     27     30     3751.2     3297.9
1853        116     18     17      256.9     3294.2
1854        116     19     18     2706.1     3295.1
1855        104     14     20     3736.3     3295.0
1856       4131     84    146     2107.5     3349.3
1857        101     19     15     1721.9     3296.4
1858        134     21     27     2587.8     3304.3
1859        122     27     20     2406.1     3306.1
1860        160     19     31     2983.8     3314.4
1861        110      4     96     5468.8     3339.3
1862        120     19     19     3178.6     3306.2
1863        140     15     30      228.4     3313.5
1864        112     15     25      707.7     3310.9
1865        128     30     20     5055.5     3309.9
1866        108     25     12     1572.7     3309.4
1867        221     41     24     4481.0     3314.4
1868        125     23     17      194.4     3315.3
1869        106     23     22      575.6     3318.0
1870        152     26     22     4799.5     3319.4
1871        100     19     14     3753.3     3316.8
1872        126     24     20     2853.3     3323.3
1873        139     15     40     2969.5     3332.3
1874        100     26     11     2546.9     3318.8
1875        109     23     10     4014.4     3317.3
1876        110     23     14      262.8     3322.4
1877        102     15     23     3736.8     3328.0
1878        154     27     33     2847.3     3336.7
1879        147     22     19     3869.9     3329.3
1880        114     20     15     4209.2     3326.6
1881        124     24     22     2373.5     3337.6
1882        226     25     28     2622.4     3337.7
1883        155     14     31     3061.9     3340.7
1884        130     21     22      196.9     3337.3
1885        117     25     15     3295.2     3332.5
1886        109     12     27     3501.0     3339.0
1887        133     30     20     4110.6     3338.6
1888        141     25     28     3092.1     3345.2
1889        130     22     14     2693.3     3337.5
1890        129     17     18      762.6     3343.6
1891        123     18     22     2054.3     3345.6
1892        129     19     25     4151.3     3348.4
1893        102     16     28     1122.0     3348.9
1894        153     28     15     4088.5     3346.7
1895        134     18     23     4939.8     3350.7
1896        129     14     21     5114.0     3348.6
1897        196     30     31     1064.1     3356.4
1898        144     27     19     3899.6     3353.2
1899        117     29     17     3934.1     3348.2
1900        112     34      9     3121.0     3350.4
1901        113     24     20     3553.1     3355.9
1902        113     17     24      642.7     3358.5
1903        109     19     17     2355.0     3353.8
1904        106     10     26     3602.6     3359.3
1905        140     20     21     3827.1     3355.1
1906        102     22     18     4868.1     3353.5
1907        127     23     17     4113.5     3355.2
1908        145     16     22     4448.1     3358.2
1909        111     30     14      494.4     3356.5
1910        134     20     20     1672.3     3360.3
1911        142     20     20     1574.9     3361.3
1912        196     23     21     2778.4     3365.9
1913        133     27     20     3622.9     3366.3
1914        160     25     22     4786.3     3366.2
1915        107     16     20      792.3     3367.2
1916        127     25     16     4290.4     3366.9
1917        114     18     28     5301.6     3374.9
1918        125     16     22     3985.7     3374.5
1919        130     30     18       79.3     3375.6
1920        183     37     19     3846.9     3373.7
1921        137     18     22     3110.0     3385.8
1922        603     39     55     2152.9     3403.3
1923        100     19     17     3170.3     3383.9
1924        108     21     20      583.2     3390.5
1925        127     14     36     1538.3     3395.8
1926        120     24     23      982.8     3395.6
1927        101     25     15     1017.4     3390.7
1928        107     12     18     5311.4     3391.0
1929        143     16     32     3873.2     3399.5
1930        138     25     22     2564.3     3399.7
1931        240     21     35     4183.6     3405.1
1932        261     37     32     4557.3     3403.2
1933        176     27     27     3277.0     3400.3
1934        129     26     20     4215.9     3401.4
1935        117     17     23     4441.3     3404.3
1936        117     18     21     4919.7     3402.8
1937        406      8    255     5468.1     3519.6
1938        113     20     20     3237.2     3403.9
1939        126     28     16     4642.0     3401.3
1940        153     19     30     2856.8     3414.7
1941        101     16     19     3831.9     3406.9
1942        171     21     25     4474.1     3408.0
1943       2119    249     84     5053.9     3433.8
1944        115     19     22     1503.4     3405.7
1945        320     35     44     4993.3     3421.1
1946        152     19     22      991.4     3419.0
1947        172     23     27     4285.5     3426.2
1948        121     28     24     4517.7     3422.7
1949        102     11     21     5041.8     3421.3
1950        126     11     21     5063.0     3422.4
1951       1524     67     61     2118.2     3444.7
1952        121     14     29     3881.2     3430.1
1953        120     20     20     1558.1     3428.9
1954        228     30     36      396.4     3442.7
1955        102     30     15     1702.6     3432.1
1956        145     19     21     2222.0     3436.0
1957        180     32     23     2790.1     3437.5
1958        126     27     22     2320.3     3437.7
1959        153     25     28     3144.6     3441.9
1960        175     23     19     1213.4     3438.7
1961        146     19     26     3850.1     3438.6
1962        103     27     12      805.0     3437.9
1963        131     24     19     2708.1     3440.7
1964        137     24     25     2554.1     3444.6
1965        130     26     23     2768.6     3444.5
1966        109     24     21      209.8     3443.9
1967        135     24     19     2928.0     3445.3
1968        106     23     15     3733.2     3445.0
1969        123     25     16     4232.8     3445.8
1970        121     23     16     2817.4     3448.6
1971        107     16     16     3019.9     3450.5
1972        106     15     25      991.8     3457.9
1973        145     27     31     3818.2     3460.5
1974        798    296     29     5097.3     3460.8
1975        104     18     21     1857.5     3457.8
1976        103     22     16      160.4     3457.1
1977        142     21     29     4560.4     3461.0
1978        107     20     16      772.9     3456.6
1979        139     20     17     2065.9     3460.1
1980        100     20     18     4632.5     3457.1
1981        123     23     22      262.9     3463.2
1982        100     23     14      407.2     3461.5
1983        106     16     24     2526.5     3468.3
1984        108     15     23     2086.1     3471.9
1985        259     35     32     2456.2     3474.3
1986        102     23     15      628.7     3467.6
1987        140     22     26     3972.6     3470.6
1988        130     24     19      215.9     3467.7
1989        121     21     26     2641.2     3472.0
1990        202     25     39     4046.6     3479.5
1991        105     14     16     4569.7     3472.0
1992        112     27     17     3471.8     3478.5
1993        129     23     20     3604.9     3484.1
1994        135     30     15     4537.2     3481.8
1995        240     42     21     2393.1     3488.2
1996        188     28     23     4125.7     3488.8
1997        428     33     29     1971.3     3493.2
1998        105     12     21     2053.3     3492.0
1999        463     32     48     2079.7     3502.8
2000        102     14     24     3839.5     3493.4
2001        129     28     15     4643.7     3487.7
2002        204     24     36      931.0     3500.6
2003        144     20     26     2225.5     3494.9
2004        100     13     23     3574.3     3498.5
2005        107     19     13      364.1     3495.7
2006        115     17     19     1070.6     3496.8
2007        111     20     16      249.4     3496.9
2008        143     32     15     4734.2     3498.0
2009        181     17     28     3311.9     3504.6
2010        130     26     20     3500.7     3503.5
2011        163     22     29      566.3     3510.0
2012        123     19     20     1865.5     3507.1
2013        134     19     23     2469.9     3508.1
2014        148     20     19     2052.7     3510.3
2015        131     21     22     2189.0     3516.0
2016        101     12     21     3627.4     3518.0
2017        110     17     26     3717.2     3515.8
2018        108     13     24     3978.0     3515.8
2019        115     22     20       44.4     3516.1
2020        113     24     18      772.1     3514.8
2021        149     22     33      269.9     3523.9
2022        102     18     17      315.7     3517.3
2023        140     34     16      705.3     3516.1
2024        104     14     18     3057.7     3519.5
2025        105     20     18      944.1     3519.2
2026        167     24     30     3243.0     3526.1
2027        126     19     25     3964.7     3524.4
2028        106     10     27      156.6     3528.0
2029        112     25     16     2284.6     3522.1
2030        133     20     27     2701.3     3529.1
2031        117     21     15      970.0     3526.0
2032        112     16     24     1870.0     3533.3
2033        155     28     19     2338.0     3530.5
2034        112     14     24     1333.3     3535.1
2035        103     24     20      133.9     3532.8
2036        105     18     28      231.9     3538.0
2037        151     14     17     1787.0     3535.0
2038        111     23     16     2387.0     3534.1
2039        139     20     19      718.4     3539.2
2040        232     22     27     2063.5     3541.8
2041        149     17     27     2078.9     3543.5
2042        123     18     18     3430.6     3537.1
2043        184     26     28     3687.3     3543.5
2044        107     24     11     2973.9     3534.3
2045        203     35     29      108.7     3548.0
2046        158     18     22      319.5     3547.0
2047        151     21     22      762.0     3546.9
2048        148     24     18     3886.9     3545.3
2049        109     22     16     4928.2     3542.8
2050        116     18     18     3517.8     3545.8
2051        189     29     32     4082.7     3555.5
2052        122     23     22     1490.3     3550.6
2053        151     21     25      853.1     3555.8
2054        107     17     21       62.7     3553.2
2055        142     24     30      188.5     3559.1
2056        191     32     31     1524.8     3557.1
2057        129     23     20     3934.9     3553.1
2058        106     20     21      471.8     3553.5
2059        136     21     19     2669.7     3555.7
2060        192     37     20     4604.0     3556.6
2061        118     19     16     4439.5     3555.9
2062        130     20     20     1704.3     3562.4
2063        112     19     20     2827.2     3564.4
2064        120     24     22     1583.5     3564.1
2065        189     29     29      149.3     3568.4
2066       1539     47     91     2047.4     3603.8
2067        130     29     13     3921.0     3562.7
2068        174     17     29     4535.6     3570.6
2069        104     14     22     1164.1     3569.0
2070        104     17     17     1545.0     3566.9
2071        132     23     20     2711.2     3574.9
2072        100     17     14     3467.5     3574.0
2073        182     22     28     2986.7     3583.5
2074        155     31     20      101.1     3583.5
2075        151     26     22     2680.6     3582.9
2076        140     16     28     3876.9     3588.5
2077        123     14     28      335.3     3591.4
2078        127     36     14      670.6     3583.9
2079        122     26     21      787.0     3588.7
2080        137     28     18     3801.5     3588.7
2081        118     15     27     3771.7     3596.1
2082        129     24     19     3827.8     3592.4
2083        104     26     17      264.2     3592.1
2084        109     20     23     1065.8     3595.8
2085        120     23     18     1730.7     3596.8
2086        192     18     26     1749.5     3602.7
2087        136     29     18     2409.2     3602.2
2088        103     20     26     3713.1     3604.9
2089        103     14     17      108.1     3603.3
2090        112     31     15      271.3     3608.1
2091        101     14     24     2955.4     3615.4
2092        125     18     21      827.6     3618.8
2093        106     16     18     2185.9     3618.2
2094        147     24     24      361.0     3624.5
2095        107     21     18      481.3     3622.6
2096        107     20     16     4350.2     3620.7
2097        118     22     21     5268.9     3622.7
2098        102     23     14      504.8     3626.7
2099        120     13     22     3431.0     3629.6
2100        106     15     21     3984.5     3630.9
2101        102     16     18     4147.8     3628.0
2102        103     17     18     4418.0     3630.8
