Flake Detection Statistics
==========================

Probability threshold: 0.3
V hard gate: 2.0σ
H hard gate: 2.0σ
Minimum area: 100px

Detected components: 12631

  #   Area(px)  Width Height    CenterX    CenterY
-------------------------------------------------------
  1        106     26     13      754.1        5.6
  2        163     22     22     1348.7        8.6
  3        122     14     24     1461.3       13.0
  4        194     26     33     1741.3       13.6
  5        120     22     22     2215.3        9.2
  6        196     27     23     2414.5       11.5
  7        114     19     24     3169.2       12.8
  8        109     17     18     3295.9        9.2
  9        175     23     31     2100.1       18.3
 10        152     30     16     2346.2        9.8
 11        104     15     22     2494.4       12.8
 12        103     15     15     1825.0       11.0
 13        142     20     21     1006.7       17.9
 14        120     22     14     2549.1       12.2
 15        102     19     22     2585.0       15.9
 16        207     28     32     2137.8       26.5
 17        106     19     20     1253.0       18.8
 18        152     17     29     1486.8       23.7
 19        113     19     23     2436.5       20.1
 20        102     18     27     1439.6       27.0
 21        306     38     30     1993.6       28.4
 22        120     26     22     2255.4       23.6
 23        174     26     22     2038.5       22.9
 24        114     24     20     2680.5       23.6
 25        105     19     23     2931.7       25.8
 26        102     15     17     3380.6       24.0
 27        255     37     27     1117.8       32.0
 28        129     18     19     1614.9       27.8
 29        143     25     24     3030.5       30.2
 30        121     17     24     3147.1       30.0
 31        192     34     19     3505.8       27.4
 32        118     28     19      838.6       29.9
 33        140     19     16     1025.0       28.0
 34        137     23     30     1345.5       36.7
 35        124     18     30     1713.8       35.2
 36        184     21     29     1915.0       30.6
 37        276     32     54     2610.5       44.5
 38        116     22     15     1196.0       30.8
 39        159     22     25     1602.0       36.2
 40        127     22     18     1833.5       30.6
 41        196     23     26     2058.1       37.0
 42        106     13     30     2218.0       37.7
 43        108     16     27     2705.2       36.1
 44        103     18     13     1063.7       31.1
 45        122     23     15     1870.5       31.1
 46        118     25     21     2645.3       35.3
 47        123     26     19     2723.3       33.2
 48        152     24     29      861.6       39.1
 49        159     28     30     1559.8       40.4
 50        116     17     22      792.1       39.3
 51        332     28     42     1267.3       46.7
 52        444     49     52     1651.7       49.5
 53        122     28     16     4124.5       35.4
 54        249     33     36     1385.7       48.2
 55        151     19     28     1889.1       45.9
 56        115     14     29     2334.0       47.7
 57        227     37     22     2669.9       42.2
 58        146     17     27     3337.2       42.8
 59        115     30     16     3589.7       39.5
 60        229     33     23     1144.6       45.5
 61        181     29     34     1288.6       47.0
 62        128     25     26     2370.4       45.1
 63        128     31     14     3057.4       39.6
 64        115     17     23     3208.7       46.8
 65        111     19     30      488.3       49.1
 66        142     32     26      875.1       46.8
 67        131     26     13     1500.4       43.3
 68        147     23     21     1862.5       46.9
 69        105     19     14     2866.4       42.2
 70        108     21     24     1004.6       48.0
 71        160     24     27     2752.1       52.3
 72        118     24     21     2789.7       46.6
 73        142     25     30     3404.9       54.2
 74        220     36     32     1410.4       59.6
 75        128     34     18     1568.8       52.4
 76        179     22     35     3142.4       58.6
 77        215     39     24     1708.7       58.2
 78        112     31     15     2121.0       51.5
 79        147     28     20     2242.4       53.2
 80        127     25     19     2995.4       54.5
 81        118     17     18     1065.3       53.9
 82        155     31     21     1741.4       54.9
 83        119     25     16     3284.1       54.5
 84        224     25     27     2066.3       61.6
 85        178     19     29     2715.3       61.7
 86        130     13     27     2806.6       61.2
 87        125     21     21     2936.5       58.8
 88        149     31     20     3453.7       61.6
 89        136     21     21     3107.3       64.3
 90        126     14     27     1851.5       69.5
 91        175     28     30     2093.9       66.4
 92        109     13     18     1525.8       65.0
 93        130     19     23     1983.0       72.4
 94        271     45     24     2368.9       69.5
 95        113     27     13     3022.5       65.8
 96        104     22     18     3225.9       67.8
 97        118     29     16     3341.7       64.7
 98        102     25     12     3540.3       65.5
 99        144     22     33     1236.2       75.9
100        145     26     22     2302.5       70.0
101        124     24     17     2568.2       67.1
102        119     20     17     2694.6       68.7
103        275     26     39     2122.1       81.3
104        180     28     24     2232.0       71.5
105        172     23     24      615.1       76.7
106        297     35     39     1219.2       83.8
107        154     24     28     1596.4       77.7
108        266     25     30     1745.8       79.8
109        104     17     20     2742.9       72.3
110        114     18     23     2913.4       73.9
111        131     16     28      820.9       80.6
112        156     29     19     1041.8       75.0
113        147     17     29     1880.8       82.1
114        327     43     35     2202.8       82.5
115        123     19     22     2554.9       79.5
116        430     31     59     1318.8      102.7
117        146     20     27     1822.9       83.9
118        121     17     21     2792.1       78.1
119        107     19     25     2849.1       81.2
120        131     19     32     2533.5       86.4
121        143     27     17     2583.2       78.4
122        191     27     27     3417.2       85.4
123        161     27     21      897.9       81.5
124        151     43     21     3185.1       82.7
125        159     23     28      950.9       88.6
126        173     33     22     1113.4       83.1
127        114     15     32     2642.7       86.6
128        242     43     23     3270.8       84.4
129        212     37     26      985.8       87.7
130        129     22     18     1347.3       84.8
131        471     35     52     1378.4      107.1
132        262     25     36     2154.3       93.3
133        246     39     35     2611.9       95.0
134        104     19     17     3378.0       84.9
135        125     22     22     1272.1       86.8
136        262     32     37     1902.4      100.3
137        183     24     26      834.8       92.9
138        108     23     14     3310.2       87.7
139        114     25     18     3497.9       89.3
140        131     18     23     2045.6       94.1
141        119     23     16     3106.4       89.3
142        136     35     16      282.9       92.4
143        174     34     23      451.9       97.5
144        266     41     25     1837.8       98.2
145        127     21     24     1100.4       97.1
146        128     33     22     1521.8       98.2
147        109     24     22     3825.4      100.7
148        138     22     25     1780.6      100.8
149        106     15     35     2142.9      106.4
150        130     29     15      383.2       98.8
151        556     55     55     2216.5      123.1
152        143     25     20     2279.3      100.8
153        245     25     44     2412.3      110.2
154        213     42     31     2462.5      107.7
155        191     22     31       26.3      105.9
156        374     31     47     1696.7      116.6
157        116     14     28      895.2      109.4
158        148     20     26      966.9      106.0
159        179     18     29     1289.4      107.6
160        147     27     16     2261.8      104.0
161        102     27     11     2468.3       99.2
162        166     35     23     2882.5      102.9
163        137     17     19     1059.6      104.9
164        104     19     15     1734.7      102.3
165        220     24     41     2005.7      114.8
166        106     18     14     2969.8      101.2
167        150     37     20      506.8      108.1
168        309     44     30     1191.2      116.5
169        257     26     36     2112.2      115.3
170        200     24     35     1618.9      120.5
171        147     14     42     2800.2      120.3
172        114     22     20     1772.1      111.8
173        520     52     58     2644.5      134.8
174        161     19     24     1713.9      115.1
175        126     24     15     2846.7      110.6
176        106     20     27     3141.0      115.6
177        148     21     20     1939.9      116.8
178        106     11     21     2314.3      117.0
179        263     32     29     1156.1      120.3
180        103     16     24     2272.3      121.1
181        128     20     33     2360.8      121.2
182        106     14     23     2934.2      119.3
183        117     29     15     3353.1      115.9
184        147     36     14      757.4      118.8
185        130     14     23     1244.0      119.8
186        113     16     23     1825.9      120.8
187        137     28     16     2451.0      117.3
188        153     26     27     3481.3      123.1
189        115     17     19     1416.9      121.5
190        189     21     28     2087.1      126.6
191        143     24     22      483.4      126.7
192        125     22     21     2545.5      122.2
193        724     51     70     1254.0      152.0
194        191     26     29     2951.7      131.6
195        166     23     29     1651.1      132.2
196        168     21     34     2339.7      136.5
197        123     23     22     2593.2      131.0
198        124     22     20     1098.1      131.4
199        169     28     25     2355.5      137.7
200        140     20     26     2837.9      137.3
201        119     22     23       34.5      140.3
202        153     31     29      589.9      136.9
203        450     46     50      689.4      150.7
204        100     20     18      869.5      134.1
205        531     67     35     1430.4      143.2
206        215     32     27     1729.2      137.9
207        179     32     17     2042.4      134.3
208        148     18     33     2150.6      142.8
209        106     17     20     3605.8      135.7
210        102     15     22      759.0      137.8
211        319     34     35      930.8      143.7
212        217     21     32     2572.0      142.4
213        165     22     32      615.2      142.9
214        183     25     25     1674.9      143.6
215        231     29     30     1872.3      148.7
216        180     23     33     3328.4      148.3
217        342     30     46     1857.8      160.3
218        121     21     16     3368.8      144.6
219        104     21     17     3388.4      143.9
220        317     45     37      730.9      154.7
221        141     23     25      897.9      151.2
222        122     28     16     1288.0      146.1
223        141     18     24     1951.0      151.1
224        104     15     21     2186.3      148.0
225        399     57     31     2415.4      157.0
226        158     29     23     3871.4      149.5
227        151     24     19     1004.6      149.5
228        115     17     21     1122.5      150.2
229        125     18     22      338.4      150.4
230        130     22     17     1212.9      149.9
231        310     46     29     1611.9      155.4
232        176     22     21     1694.8      153.9
233        128     19     17     2740.8      150.4
234        110     15     19     3119.6      152.9
235        176     22     31     1799.1      157.0
236        307     43     39     1822.0      164.2
237        149     27     15     1926.3      152.4
238        339     36     30     2555.9      159.6
239        164     24     22     2596.5      153.6
240        142     16     25     1538.9      158.8
241        138     20     18     1969.8      156.2
242        408     34     52     2283.4      176.8
243        152     23     27     3592.7      159.0
244        128     20     27     4074.1      156.6
245        146     21     28     2300.2      161.9
246        163     24     25     2786.0      159.4
247        118     17     22     2987.7      157.8
248        121     18     26     2021.0      162.7
249        142     17     31     2371.4      167.5
250        251     31     37     2814.6      171.1
251        161     26     36      633.4      166.7
252        281     24     43      806.0      171.5
253        116     20     16     1334.9      160.9
254        114     18     20     2514.0      162.3
255        132     26     21      915.6      165.8
256        758     57     59     2218.4      185.0
257        139     25     22     2846.9      166.9
258        193     33     25     3223.7      167.0
259        111     22     24      824.5      166.0
260        226     22     27     1167.8      167.4
261        128     21     20     1480.5      166.2
262        103     24     15     2069.8      163.0
263        211     25     35     2729.5      174.1
264        110     16     20      735.5      169.4
265        131     21     19      890.0      167.1
266        132     30     20     1013.7      164.8
267        108     14     23     1093.9      168.0
268        120     19     20     1638.1      167.2
269        157     22     21      379.8      172.0
270        104     23     15      530.0      168.1
271        112     29     16     2482.0      167.5
272        119     25     18     2585.9      168.4
273        129     24     16     3288.5      167.1
274        371     43     37     1720.3      179.0
275        124     30     20     2042.7      172.8
276        148     25     25     2153.9      173.3
277        356     47     36     1920.4      187.9
278        117     18     14     1033.0      177.0
279        164     25     29     1284.9      185.5
280        187     18     29     2653.1      184.0
281        102     14     21     2751.3      181.1
282        182     29     25     2795.5      182.3
283        207     37     21     3579.5      181.2
284        136     23     24     1193.2      182.1
285        355     34     37     2351.6      188.1
286        172     26     40     4260.6      192.0
287        120     22     24      914.4      184.6
288        109     13     20     1149.7      183.5
289        107     15     31     1756.5      192.1
290        169     23     25     2683.4      187.1
291        351     37     36      456.6      194.8
292        189     24     28     1613.0      189.2
293        137     23     16     2052.6      187.1
294        132     27     16     3333.2      185.6
295        129     28     17      234.9      190.5
296        105     31     12      310.4      187.5
297        157     18     26     1571.6      195.1
298        262     31     41     2098.1      199.3
299        142     25     23     2182.7      193.9
300        140     19     25     2260.3      195.9
301        131     26     19     3365.5      191.4
302        144     25     20      482.8      193.0
303        117     20     22      651.3      194.9
304        163     21     27     2126.4      195.5
305        121     19     21     2329.7      193.8
306        593     63     54     1447.0      212.0
307        120     18     26     1680.1      196.4
308        122     21     17     2157.8      193.7
309        143     21     20     3626.2      196.6
310        154     29     19     3908.6      194.5
311        105     21     20     4046.7      197.1
312        165     22     33      806.2      202.9
313        156     28     21      936.8      199.3
314        158     27     25     1834.8      203.4
315        108     24     17     3222.3      196.7
316        134     36     14     3430.2      193.8
317        206     37     26     1025.3      200.1
318        161     22     29     1169.1      205.5
319        330     22     59     2067.3      218.8
320        700     65     61     2614.8      219.2
321        134     18     31     3110.0      203.7
322        107     21     21     3644.1      200.4
323        100     16     22      742.7      201.9
324        181     20     30     2149.3      208.7
325        113     24     24     3463.5      205.3
326        127     26     16     4015.0      199.5
327        119     22     14      425.2      199.9
328        180     24     38     1513.7      214.2
329        181     25     29     1633.2      207.9
330        139     19     28     1878.0      207.3
331        106     15     19     2677.6      203.5
332        115     26     16     3073.9      200.3
333        122     26     19      151.6      206.6
334        154     31     15      904.3      203.3
335        189     30     23     2562.0      208.2
336        138     23     26      769.8      209.4
337        226     35     23     1099.1      211.8
338        160     21     24     1597.1      209.5
339        122     20     19     1859.2      205.7
340        164     28     34      122.2      215.4
341        151     20     30     1671.6      215.4
342        152     39     18     2295.4      207.4
343        231     19     36     3423.3      218.7
344        304     39     32      688.1      216.8
345        133     22     21     1492.9      214.2
346        182     25     25     1693.9      215.1
347        172     33     24     1961.1      214.0
348        194     23     38     2480.5      219.5
349        316     41     30     2803.7      215.3
350        170     30     18     3012.6      211.9
351        153     22     26      264.5      217.9
352        114     23     18     1242.1      212.6
353        111     21     16     1789.5      212.1
354        110     24     13     2377.3      210.2
355        113     16     22     2693.9      215.5
356        159     26     24     3053.1      216.4
357        138     17     38     3592.4      225.1
358        187     27     25     3752.8      213.9
359        108     19     16      727.4      215.9
360        172     30     26     1352.2      219.6
361        208     30     29     2439.1      219.6
362        124     23     21     2891.4      218.7
363        100     22     18      339.1      216.9
364        172     22     17      610.9      215.9
365        250     33     32     1058.8      223.0
366        255     33     27     1138.0      223.6
367        203     24     27     1304.7      219.1
368        138     26     21     1771.9      220.6
369        161     31     21     2200.7      216.1
370        146     21     20     3395.6      218.6
371        145     30     19     3685.2      217.1
372        228     37     20      219.7      219.1
373        110     20     21      477.0      220.1
374        123     11     30     1006.7      224.5
375        150     19     25     1252.9      225.8
376        148     16     28     1714.3      222.4
377        111     17     22     1751.2      220.8
378        118     20     23     2279.0      223.1
379        607     83     36     2531.6      229.0
380        125     21     18     2644.3      218.5
381        139     27     27     3109.5      224.1
382        127     20     19     1191.4      221.5
383        103     19     19     1401.1      223.5
384        187     25     28     2031.4      227.8
385        102     17     21     3272.8      220.8
386        115     24     17     3464.9      220.2
387        188     25     43     3570.6      235.3
388        108     26     13      289.3      219.7
389        143     24     24      320.4      226.2
390        162     20     23     1579.2      224.6
391        176     23     28     3179.8      226.8
392        104     16     22      738.1      226.8
393        208     31     28      959.7      230.8
394        178     33     19     1549.7      226.8
395        239     27     31     1886.3      232.6
396        149     30     23     2670.8      228.9
397        139     19     32     3199.3      235.1
398        341     52     35      767.9      235.5
399        176     27     28      875.5      232.1
400        105     22     16     1118.1      225.8
401        158     25     20     2185.1      227.1
402        120     21     20     4101.9      227.2
403        156     21     34      916.1      234.2
404        133     25     16     2234.4      227.2
405        229     23     35     2866.4      235.5
406        139     30     27     3454.3      232.4
407        137     36     13     3491.6      226.7
408        117     27     17     1285.8      229.7
409        150     37     22     1420.9      230.0
410        619     80     49     1793.2      247.8
411        366     44     28     1501.1      239.5
412        221     29     31     1598.9      239.8
413        125     14     20      575.2      235.3
414        446     48     42     1949.9      250.5
415        132     15     23     3380.8      238.9
416        133     23     21       96.5      238.4
417        113     20     24      508.4      240.2
418        172     28     22      558.2      240.7
419        185     27     30     1117.2      242.7
420        472     39     49     1727.2      252.9
421        128     23     17     2563.7      239.7
422        177     22     27     2771.6      241.9
423        185     30     29      804.6      246.1
424        319     23     43     2696.9      252.8
425        112     21     17     2744.3      238.1
426        223     28     36     3000.8      252.1
427        111     24     16     3025.2      239.2
428        256     25     44     1224.5      254.4
429        359     43     30     1560.0      246.8
430        106     21     18      294.4      244.2
431        135     28     14      476.0      243.0
432        209     36     28     1051.5      248.0
433        150     17     20     1143.3      246.3
434        851     65     54     1848.6      263.4
435        111     19     16     2201.8      241.9
436        187     25     24     2440.8      246.7
437        135     23     19     3519.0      244.8
438        220     34     34      213.8      259.5
439        200     21     31      378.6      253.9
440        397     62     38      696.4      258.8
441        227     42     26     1272.5      250.8
442        119     24     19     1391.4      248.6
443        170     28     16     2408.1      247.2
444        105     20     17     3123.4      245.5
445        139     17     27      978.7      255.0
446        199     21     35     1323.0      258.9
447        118     17     26     3094.3      251.5
448        117     20     24     3348.6      251.4
449        116     17     20      609.9      251.8
450        314     36     30      944.2      255.8
451        131     14     24     1155.7      253.6
452        194     22     34     1666.7      257.1
453        244     22     37     2347.9      258.8
454        664     66     50     2737.0      267.4
455        157     23     26     3638.8      253.6
456        102     14     16     3839.6      250.4
457        100     20     14     3929.0      249.6
458        414     32     47      879.7      269.2
459        103     21     21     2107.9      254.5
460        111     24     17     2375.6      250.9
461        513     56     53      555.5      272.0
462        108     15     21     1616.9      258.0
463        146     28     28     1699.1      262.6
464        248     27     30     2155.1      261.3
465        175     24     21     2539.0      255.8
466        146     31     17     2841.2      256.2
467        111     23     20     3913.4      254.8
468        137     19     26      267.0      261.8
469        139     24     27      652.3      261.6
470        162     26     26     1103.2      261.4
471        143     17     28     1237.4      263.8
472        164     28     25     1393.0      260.3
473        113     19     16      771.5      258.4
474        303     37     30     2880.5      265.0
475        276     28     31     3056.0      264.9
476        100     17     24       68.4      264.3
477        132     23     26      584.5      264.6
478        197     27     33      785.5      268.1
479        300     29     42      922.8      273.3
480        162     16     39     1211.7      270.3
481        618     56     68     1576.5      294.3
482        366     23     52     1894.2      281.8
483        117     14     26     2213.6      265.4
484        134     23     16     2953.9      258.8
485        232     24     37     1497.0      271.2
486        147     18     24     2605.2      266.9
487        473     62     32     2922.9      268.0
488        114     23     16     3127.8      263.3
489        166     20     33      119.2      267.5
490        113     15     24      317.4      267.2
491        131     17     26     1436.5      268.7
492        103     13     22     1537.9      265.7
493        156     24     26     2064.0      269.4
494        119     26     16     3032.3      264.5
495        122     16     24     3084.7      269.1
496        201     18     36     3294.4      269.7
497        120     25     14     1025.1      265.5
498        130     26     19     1458.5      266.6
499        184     21     30     1572.9      270.3
500        117     18     23     3070.8      268.6
501        111     20     20     3844.0      266.0
502        172     21     37     2003.8      278.5
503        316     39     42     1055.1      278.6
504        362     41     33     1802.1      279.1
505        208     23     37     1971.2      280.0
506        100     24     18     2412.6      271.9
507        103     22     20     3340.0      272.8
508        181     25     26     3463.1      274.0
509        146     18     33      394.8      278.8
510        169     37     24      456.0      275.1
511        217     26     30      825.2      280.3
512        274     39     40     1247.1      286.4
513        106     20     20     3797.3      274.5
514        154     26     31     3834.0      277.8
515        144     29     18      678.2      274.8
516        127     24     16     1749.6      273.0
517        110     17     19     2037.6      275.3
518        109     25     14     2182.2      272.4
519        282     28     35     2298.0      284.3
520        101     13     28     3100.1      279.9
521        125     19     21     3171.2      277.5
522        169     21     18      997.1      278.6
523        109     28     14     1515.0      274.1
524        162     15     45     3530.1      291.3
525        295     27     40      629.4      287.2
526        311     33     41      750.8      291.7
527        129     23     19     3118.8      280.1
528        174     34     31     3233.8      284.1
529        136     26     16      343.9      280.2
530        110     28     11     1867.1      277.5
531        319     34     43     1919.7      291.2
532        233     29     23     2160.8      282.7
533        103     15     21     2585.8      282.5
534        124     18     22     1016.4      283.7
535        222     36     23     1618.1      287.3
536        137     21     21     2540.8      284.1
537        110     16     19     2557.4      282.4
538        161     23     31     2706.1      291.6
539        296     34     49     1421.9      303.4
540        106     16     20     1427.1      284.6
541        134     24     15     2469.9      283.5
542        118     15     24     1981.0      287.8
543        255     33     28     2409.9      288.8
544        192     18     30     3620.8      292.4
545        104     15     22     3789.2      289.0
546        191     25     27      321.8      293.1
547        135     20     22      798.2      290.9
548        334     26     42      851.3      299.0
549        237     25     33     1211.3      296.4
550        149     18     20     1542.4      288.2
551        109     14     20     1727.5      290.9
552        137     22     22     2050.7      289.7
553        206     31     21     2632.1      290.2
554        564     42     66     2782.7      318.7
555        137     27     26     2880.9      293.5
556        255     38     41     3580.6      300.2
557        109     15     17      685.6      291.2
558        104     16     17     1112.4      288.1
559        561     37     64     1190.8      310.7
560        280     26     32     1291.9      297.3
561        233     27     33     1469.5      298.1
562        145     22     24      566.3      295.5
563        316     32     50      707.3      309.4
564        171     34     18     1327.0      292.9
565        231     29     45     3262.9      312.3
566        181     27     25       12.4      299.8
567        208     24     27     1140.4      300.8
568        104     17     20     3017.8      296.0
569        253     52     15     3189.7      293.5
570        129     20     19     3902.8      295.3
571        417     50     40      403.3      311.4
572        136     18     21     1098.3      298.6
573        102     16     19     1828.9      298.8
574        372     40     44     1951.5      304.5
575        116     24     15     2900.4      294.4
576        105     21     25      602.9      305.4
577        104     17     15      658.0      297.5
578        112     12     27     1116.8      301.8
579        170     23     27     1709.4      305.1
580        209     24     33     1747.8      306.9
581        269     36     27     2125.7      302.6
582        107     23     14     2860.1      296.9
583        241     24     31      891.0      306.4
584        832     49     81     1311.1      340.8
585        179     21     30     1666.7      307.5
586        183     35     27     2241.6      304.4
587        171     28     25     2935.6      302.8
588        140     32     23     3511.7      302.9
589        180     25     29     2072.7      306.3
590        199     27     32     2446.8      310.0
591        300     34     40     2577.1      312.5
592        129     18     26     2655.3      308.3
593        116     21     16      922.4      305.2
594        106     20     21      956.3      306.1
595        197     20     31     1168.1      313.8
596        155     23     31     2267.2      308.6
597        403     45     42      150.8      320.4
598        225     26     29      780.4      310.6
599        421     28     47     2020.1      323.0
600        103     20     14     2191.1      304.7
601        133     18     22     2674.9      308.7
602        122     16     21     3490.0      308.0
603        159     26     19      165.4      308.6
604        223     40     22      296.6      310.1
605        162     28     22      507.2      309.5
606        131     19     18      549.1      309.0
607        145     34     19      814.9      308.6
608        132     20     30     1328.4      317.9
609        326     36     37     2171.2      319.4
610        330     31     42     2478.6      319.6
611        140     14     22     2506.5      311.2
612        110     15     18     2532.6      309.3
613        110     15     26     1015.8      316.2
614        234     21     42     1686.5      322.5
615        139     29     20     1803.3      314.8
616        124     18     16     1878.1      309.2
617        660     46     62     1936.5      330.4
618        155     27     25     2303.4      314.5
619        195     49     20     3035.0      312.4
620        109     16     24      357.7      315.0
621        230     31     24     2993.1      317.8
622        148     19     24     3340.3      315.2
623        330     48     32      472.7      323.0
624        274     35     32     1646.1      321.4
625        227     37     27     1836.1      317.4
626        323     30     58     2804.6      335.3
627        118     20     24     1392.6      320.7
628        155     25     25     3689.5      322.7
629        120     29     23     3879.7      318.9
630        107     23     14      990.2      316.1
631        378     48     34     1776.8      325.3
632        162     26     28     2950.0      322.8
633        135     33     16     3552.7      318.6
634        120     25     16      927.5      319.6
635        222     40     27     1069.0      325.3
636        125     20     22     2839.9      320.2
637        196     34     31     3729.6      328.8
638        103     13     24      442.7      328.0
639        140     27     19      609.1      323.8
640        257     36     32      838.5      329.0
641        223     39     25     1244.6      325.3
642        165     24     29     1613.1      330.5
643        163     28     16     2415.6      322.7
644        108     19     26      197.8      329.6
645        332     33     34     1478.7      333.5
646        516     60     33     1564.7      330.3
647        109     23     18     1979.1      324.3
648        184     25     22      666.2      328.4
649        164     23     27     1352.4      331.7
650        214     28     29     2042.2      333.1
651        171     28     21     2522.4      328.8
652        150     16     27     2601.4      333.8
653        136     22     18     3079.6      326.7
654        182     30     27      184.4      334.9
655        135     23     18     1517.7      328.4
656        219     29     35     1868.0      337.4
657        190     29     26     2557.4      333.1
658        149     18     22     3021.5      329.3
659        126     24     16       43.8      329.6
660        133     21     24      295.6      331.7
661        121     21     18      891.5      332.9
662        114     19     29     2094.9      336.9
663        576     59     84      623.3      371.7
664        146     18     20     1290.3      333.5
665        120     19     23     1409.6      334.7
666        116     20     32     1723.5      337.4
667        600     66     52     2250.5      345.0
668        490     37     50     2661.6      348.2
669        223     36     24     3655.5      334.6
670        264     27     36     2621.5      346.5
671        116     27     13     3997.9      331.8
672        112     21     17       14.2      336.0
673        132     20     31      102.0      345.0
674        120     21     17      713.5      336.2
675        134     16     23      741.1      339.6
676        155     26     22      790.2      338.8
677        102     16     19      860.4      338.1
678        131     17     24     2587.3      340.9
679        117     23     14     2913.7      334.2
680        152     27     20     3222.6      337.2
681        156     25     31      379.2      344.9
682        265     25     32      454.9      347.4
683        180     28     37     1199.4      348.7
684        319     33     31     1500.2      345.7
685        115     20     16     1915.5      336.9
686        200     26     37     3065.9      348.1
687        102     17     15     3404.1      337.4
688        274     43     27     1444.8      343.9
689        136     21     22     1964.1      342.6
690        156     24     19     2357.5      341.2
691        224     30     25     2424.9      343.2
692        284     32     39     3239.6      350.0
693        321     41     36     3485.9      349.3
694        178     15     30     1396.1      348.6
695        104     21     18     3697.1      344.5
696        129     20     25      492.8      346.2
697        152     15     29     1099.0      349.5
698        138     20     20     1526.8      345.6
699        563     50     50     2515.0      362.1
700        108     14     24      325.8      350.3
701        138     24     19     1225.7      347.2
702        109     24     16     1996.6      348.3
703        206     22     38     2542.1      356.1
704        175     28     20     2909.3      348.1
705        270     33     36     3155.4      353.1
706        100     22     17     3347.4      346.4
707        236     30     32      297.6      354.2
708        132     22     21      432.8      351.2
709        108     24     18     1784.8      349.3
710        179     24     29     2023.2      352.4
711        109     23     20     3416.2      349.3
712        185     41     15     3939.7      347.2
713        126     26     18      256.9      352.0
714        211     28     30     1117.6      356.7
715        100     19     14     1287.5      349.3
716        148     20     23     1825.3      355.7
717        188     28     26     2135.0      353.8
718        121     19     25     3208.7      352.3
719        120     23     13     3278.0      348.2
720        105     20     18     4402.4      349.9
721        118     20     21      164.8      356.0
722        225     35     28     1623.4      358.9
723        137     28     18     2847.2      356.0
724        128     30     14     2988.7      349.4
725        378     39     47     3091.1      365.8
726        122     22     24     3557.9      355.1
727        116     25     21     3740.6      355.6
728        128     21     21      420.5      358.5
729        320     37     29      843.8      360.5
730        158     25     21     1009.1      358.6
731        139     19     28     1356.2      358.3
732        104     20     19     1547.5      351.9
733        129     24     18     2095.3      356.6
734        114     18     20     3372.3      354.1
735        180     26     24     3607.9      359.2
736        275     31     31      543.2      367.3
737        122     19     19      663.9      356.3
738        366     39     46      736.1      372.9
739        130     31     13      743.9      356.3
740        131     21     22      781.7      359.2
741        904     51     78     1579.7      385.5
742        114     22     19     2278.2      359.5
743        161     26     22     2470.0      357.8
744        529     45     47     2925.8      374.5
745        102     23     13     3848.5      357.3
746        109     17     17      952.5      360.0
747        466     35     55     1415.0      379.0
748        192     35     20     2351.5      363.3
749        221     22     40     2741.0      373.5
750        268     35     35     3505.5      369.0
751        140     18     20      405.6      362.3
752        100     24     11     1529.5      360.1
753        663     54     62     2769.0      380.0
754        120     22     14     3459.0      359.2
755        290     42     21     1092.7      366.7
756        370     37     31     1176.9      371.1
757        123     21     19     1270.6      364.7
758        142     35     15     1781.8      363.1
759       1095     59     79     1902.3      398.1
760        205     26     36     2154.8      375.7
761        115     15     21     2170.3      367.7
762        122     17     24      178.2      367.8
763        127     17     23     1949.7      368.1
764        119     15     26     2306.2      369.7
765        177     20     38     2477.0      375.4
766        102     22     23       70.5      374.9
767        115     19     14      476.6      366.1
768        101     22     16      505.0      366.9
769        111     20     17     1387.0      367.6
770        262     36     24     1645.2      372.7
771        138     27     23     1672.7      370.0
772        174     32     29     2058.2      375.7
773        250     36     24     2084.1      370.7
774        235     29     37     2262.6      379.4
775        918     61     60     2375.6      394.5
776        109     25     16     3539.4      368.7
777        128     20     26      564.0      372.7
778        118     22     23      926.5      373.2
779        138     24     22     1339.7      373.3
780        106     19     14     1728.0      369.9
781        360     43     35     2810.5      380.9
782        109     23     23     2838.7      373.8
783        176     28     22     3171.7      374.1
784        268     37     31     3304.4      379.4
785        122     12     27     3363.6      376.8
786        168     24     22     3760.7      372.1
787        112     15     19       85.5      373.9
788        199     35     30      702.0      384.6
789        332     40     34     1134.6      379.1
790        173     22     35     1434.0      384.0
791        100     24     11     1513.5      370.4
792        140     15     33     1827.5      383.6
793        125     17     18     3350.8      372.3
794        155     28     19     3448.5      373.8
795        109     14     38     3903.4      382.0
796        246     37     36      653.4      382.4
797        132     26     15      796.2      372.8
798        240     28     31     1875.9      379.7
799        655     58     49     1970.2      391.3
800        194     33     25     3269.2      379.6
801        179     27     22     1042.8      376.6
802        211     25     25     1487.8      380.0
803        171     25     20     1773.9      378.5
804        181     26     27     2235.7      382.1
805        136     31     19      856.0      380.5
806        103     16     15     1797.9      377.8
807        156     31     19     1844.2      380.2
808        281     34     31     2687.4      383.6
809        150     35     13     3869.1      376.9
810        104     14     22      249.7      382.7
811        126     21     19      339.2      380.5
812        141     29     27      497.8      385.0
813        297     32     33      908.8      388.0
814        149     18     33     1244.8      389.0
815        113     24     15     1270.7      380.1
816        126     23     16     1461.0      379.5
817        515     44     52     2138.3      397.5
818        141     19     29     2546.5      385.4
819        535     50     38     3001.5      391.5
820        476     38     55     3478.3      401.1
821        122     30     20     3665.0      381.9
822        192     30     23      382.4      386.2
823        279     20     38     1290.8      395.8
824        239     30     26     2192.6      385.7
825        131     22     18     2630.3      381.6
826        127     19     22     2885.8      386.8
827        147     22     23     2967.0      383.6
828        102     19     18     3539.8      383.5
829        107     19     17      265.0      384.3
830        259     33     34     1334.6      393.9
831        120     22     14     1537.6      383.0
832        123     20     18     2028.4      386.1
833        211     24     30     2579.4      388.9
834        330     30     43     3562.5      398.1
835        124     20     35     3844.5      394.5
836        206     22     25     1003.0      391.0
837        351     36     56     1731.0      405.9
838        344     47     37      529.8      393.4
839        122     21     22     1029.0      389.4
840        109     19     22     2212.0      391.2
841        138     22     20     2709.3      389.8
842        118     16     21     2944.4      389.9
843        162     28     23     3917.7      391.7
844        344     53     37      758.5      401.8
845        124     18     24     1224.3      393.0
846        319     38     32     1518.2      399.2
847        127     19     23     1842.6      393.4
848        112     22     19     3063.6      391.7
849        106     19     18     3453.8      389.6
850        181     31     19     1375.0      393.1
851        118     21     23     1701.1      398.4
852        112     17     22     1999.5      393.0
853        237     29     35     3400.4      402.8
854        668     38     73     1607.8      418.9
855        204     30     23     1645.9      397.2
856        230     28     41     1678.8      407.2
857        171     23     26     2248.5      399.7
858        136     15     25     2607.4      398.3
859        176     21     32      456.1      404.7
860        106     18     21     1187.7      396.5
861        173     31     20     2054.1      399.5
862        131     16     19     2282.8      396.7
863        278     38     28     3047.7      403.4
864        255     31     30     3084.5      404.2
865        119     30     15     3319.2      394.7
866        101     25     16     3692.3      395.6
867        394     36     37     1053.8      408.4
868        137     17     26     1253.6      402.9
869        929     63     96     1647.0      433.7
870        133     20     23     2175.6      402.4
871        222     26     41     4038.3      411.0
872        100     18     17     4415.9      400.9
873        131     19     24      659.4      404.4
874        269     24     41     1938.3      415.4
875        122     28     14     2926.0      398.8
876        161     21     23     3538.1      404.9
877        329     43     41     1788.4      412.7
878        158     24     22     2413.7      403.9
879        381     37     41     2440.7      415.9
880        109     19     16     2889.0      401.4
881        433     37     52      271.1      422.7
882        138     28     20     1444.3      406.8
883        166     24     25     1852.8      408.9
884        138     27     22     2107.0      405.1
885        370     30     35     3128.1      416.5
886        165     18     36      205.7      417.0
887        108     17     27      950.9      411.9
888        152     35     16     1095.7      404.8
889        776     56     58     2040.7      431.1
890        146     25     16     2484.2      406.5
891        166     17     30     3176.7      416.6
892        131     24     17     3964.2      405.9
893        247     41     27     4214.9      409.3
894        137     22     20      577.5      409.6
895        169     18     28     3103.3      413.2
896        253     35     31     3333.2      414.5
897        211     26     26      597.6      415.9
898        240     30     31      794.3      417.4
899        546     48     57     1332.8      427.7
900        201     30     26     3630.8      412.9
901        108     27     19      401.1      416.8
902        386     40     44      923.0      429.5
903        142     25     23     1267.2      413.5
904        154     20     27     1362.6      418.0
905        146     18     24     2077.2      419.0
906        182     18     31     2094.6      421.2
907        131     25     14     2541.5      409.9
908        136     16     33     2912.7      419.3
909        320     29     42     2985.1      424.1
910        114     23     17     3839.4      413.9
911        127     16     33      134.6      424.1
912        286     33     30      377.4      420.5
913        132     15     22     1403.7      415.5
914        269     23     47     1479.0      428.9
915        324     28     35     1712.2      423.4
916        325     47     48     1980.5      434.1
917        275     40     39     3212.4      429.3
918        102     28     13     3678.8      412.2
919        136     22     17     1161.5      415.1
920        430     33     63     2270.6      437.8
921        285     35     31     2936.6      424.5
922        188     30     28     4099.9      424.7
923        129     18     18      528.9      419.2
924        134     22     18     1830.1      418.2
925        142     22     24     2018.2      422.2
926        119     24     21     2459.6      421.9
927        191     16     37      116.5      429.4
928        278     35     38      972.5      427.2
929        154     22     21     1093.8      421.9
930        101     15     18     1276.5      420.0
931        166     23     21     2143.1      424.1
932        192     23     26     2547.3      424.3
933        140     28     18     2576.1      423.0
934        242     31     25     2628.0      424.2
935        479     62     30     2802.2      427.0
936        272     38     39     3020.0      433.1
937        179     19     26     3413.7      424.7
938        198     25     27     3788.4      426.2
939        222     34     36       71.4      433.6
940        126     20     23      239.7      423.1
941        364     33     46      854.4      437.5
942        253     26     42      874.9      433.8
943        160     28     21     1120.8      423.9
944        140     22     20     2666.1      421.9
945        186     36     21      756.4      426.7
946        184     22     33     1001.0      432.8
947        119     24     21     1199.0      429.0
948        212     31     33     1457.7      431.7
949        141     22     18     1859.1      424.4
950        140     26     17     2712.2      423.8
951        179     24     29     1070.5      433.3
952        223     30     23     2172.1      429.0
953        267     29     36     2748.9      438.3
954        116     19     17     3444.2      426.4
955        338     39     34     3722.8      434.2
956        224     25     28      339.2      436.2
957        446     64     37     1779.5      435.7
958        251     24     33     2242.4      436.2
959        115     19     23     3676.3      434.7
960        349     44     27     1296.8      437.8
961       1079     78     84     2227.5      471.0
962        204     36     20     2482.7      432.9
963        219     20     36     3355.6      441.9
964        105     21     13     3905.3      431.3
965        178     23     23      428.7      438.8
966        131     27     17      810.2      434.6
967        234     25     41     1050.9      444.2
968        244     22     49     3745.8      447.5
969        150     20     27      406.5      441.3
970        124     23     14     1160.7      434.1
971        184     26     22     1743.1      440.7
972        284     28     34     2313.2      445.7
973        148     15     30      251.5      444.5
974        222     25     30      666.1      444.6
975        121     14     27     1266.3      443.4
976        150     27     18     1416.3      439.7
977        198     22     25     1445.5      440.9
978        246     21     36     1627.5      448.1
979        355     42     42     2126.6      448.1
980        197     30     21     2779.3      438.7
981        174     19     26     3643.9      443.9
982        117     14     30      352.9      446.3
983        179     20     31      529.0      447.0
984        123     19     21     1924.1      443.0
985        343     38     34     2362.2      449.2
986        141     22     28     3513.3      446.2
987        163     33     26      143.1      449.0
988        130     19     18      730.5      442.1
989        201     25     27      782.1      445.0
990        527     58     36     1208.7      451.4
991        145     27     17     2567.2      441.7
992        283     34     23     2852.0      444.0
993        240     23     32     3312.4      448.4
994        107     12     20     3695.6      444.7
995        149     17     23     1539.0      447.2
996        142     15     27     1665.1      447.3
997        275     36     31     1880.2      452.0
998        108     22     14     1907.8      442.9
999        172     24     27     1995.1      448.0
1000        104     14     20       21.5      447.4
1001        153     20     28      481.0      452.3
1002        198     27     24      549.5      448.6
1003        151     20     25     2472.6      449.6
1004        168     24     22     2503.5      448.7
1005        141     23     13     2659.1      442.7
1006        365     51     29     3235.3      450.0
1007        117     26     16     4107.0      445.4
1008        120     23     17      105.7      449.2
1009        153     23     23      463.2      451.8
1010        181     22     28      939.1      451.7
1011        101     27     16     1379.6      448.7
1012        148     27     18     2770.5      450.3
1013        106     15     19     2932.5      451.1
1014        411     34     39     3792.4      457.3
1015        124     19     20     4193.7      451.3
1016        150     23     23      309.5      454.5
1017        267     31     38      329.1      461.4
1018        109     20     21      361.1      455.9
1019        312     29     39      921.6      465.1
1020        203     31     22     1324.7      453.2
1021        504     51     42     1737.7      469.9
1022        132     26     25     2550.1      459.8
1023        158     22     30     2584.2      457.9
1024        138     32     24     2616.4      459.5
1025        213     24     28     3480.8      456.7
1026        150     20     22     3560.1      455.3
1027        391     46     36      573.6      462.7
1028        108     25     13      743.7      452.9
1029        510     40     46     1259.0      468.8
1030        157     29     21     1683.5      456.6
1031        219     26     36     2997.2      461.9
1032        199     30     21     1113.5      459.4
1033        344     32     39     1922.6      466.8
1034        149     19     25      439.4      461.4
1035        312     31     36      791.2      469.8
1036        180     25     32     1093.9      467.3
1037        111     17     19     1287.8      460.9
1038        426     58     30     1432.7      461.8
1039        437     40     51     2503.5      470.4
1040        134     21     18     2657.4      457.8
1041        104     21     16     3103.6      457.7
1042        148     17     22     1398.1      462.9
1043        154     17     28     1795.6      465.1
1044        165     20     30     1812.7      467.4
1045        113     20     16     1177.8      462.5
1046        119     30     15     1474.4      460.1
1047        167     25     33     1827.7      472.8
1048        207     32     26     2167.5      464.8
1049        201     23     28     2726.8      469.8
1050        192     27     29     2808.1      470.5
1051        239     36     18     3441.6      464.4
1052        206     35     25      886.7      468.7
1053        151     17     37     1497.2      477.7
1054        173     17     23     2114.0      467.6
1055        230     30     24     2289.1      469.5
1056        136     25     24     2832.8      469.3
1057        210     30     25     2975.6      469.1
1058        102     23     16      145.4      466.3
1059        184     21     24      174.3      469.3
1060        101     17     24      638.7      468.7
1061        275     40     48      641.2      485.1
1062        122     16     26      732.4      469.0
1063        189     22     32     1778.1      473.3
1064        239     37     21     3085.9      469.5
1065        157     26     26     3491.2      471.0
1066        157     16     26      249.0      473.7
1067        170     28     27      289.4      473.2
1068        164     29     27      367.3      475.6
1069        320     44     35      611.9      478.5
1070        193     22     25      767.8      472.8
1071        192     26     29     2065.7      471.4
1072        150     23     22     2862.2      470.3
1073        100     21     14     3654.7      464.9
1074        667     72     53     1396.7      490.3
1075        138     19     17     1622.6      472.2
1076        114     16     25     1903.8      473.3
1077        136     20     27     2186.5      476.9
1078        156     23     26     3923.0      476.3
1079        304     31     38      411.6      481.7
1080        242     35     26      498.4      474.0
1081        129     19     23      530.9      475.3
1082        206     34     19     1687.7      473.4
1083        288     34     31     1883.7      479.2
1084        117     16     25     2762.0      478.5
1085        211     38     23     1282.3      476.0
1086        193     26     18     2316.1      474.1
1087        172     22     25     2781.4      480.7
1088        278     38     41     3588.2      486.5
1089        149     21     24      221.9      479.4
1090        114     25     17      452.4      476.1
1091        109     26     20     1168.6      478.8
1092        263     22     31     2422.3      483.3
1093        246     22     38     2576.1      487.0
1094        524     57     46     2907.5      491.4
1095        257     28     43     2959.1      493.2
1096        214     34     23     3042.7      479.8
1097        100     24     20     3209.8      478.7
1098        209     27     26     3337.6      482.2
1099        168     23     29     3628.1      481.1
1100        134     22     30     3827.0      481.9
1101        184     24     24       84.4      481.8
1102        166     29     26      133.1      483.4
1103        401     35     43     1808.6      493.9
1104        234     26     34     2547.9      486.7
1105        128     15     26     3557.6      484.9
1106        163     25     28     4052.3      484.1
1107        127     21     18      155.6      480.8
1108        185     24     27      722.5      485.3
1109        249     38     25      820.8      485.1
1110        776     62     60     1116.0      494.4
1111        105     15     20     1210.9      481.4
1112        230     30     25     1470.4      485.8
1113        265     31     30     1954.0      486.0
1114        128     31     13     2135.0      477.6
1115        464     43     47     2366.4      495.9
1116        286     36     44     2481.4      496.9
1117        220     31     22     2598.6      482.4
1118        100     28     13     3158.7      478.1
1119        162     20     26     4093.8      484.8
1120        116     31     11      678.2      480.1
1121        209     32     34      765.5      493.1
1122        114     16     17      850.8      483.4
1123        167     24     20     1756.0      484.4
1124        484     60     34     2025.4      492.0
1125        199     32     20     3521.2      484.7
1126        100     17     28     3857.8      487.5
1127        104     19     22     4186.4      482.8
1128        139     20     23      475.0      486.5
1129        110     22     19     1321.3      484.3
1130        477     51     37     1685.3      496.0
1131        226     32     31     2518.4      495.1
1132        111     18     19     2873.4      488.1
1133        139     17     27     3099.8      490.4
1134        173     33     17     3967.9      485.4
1135        108     19     18      335.5      486.7
1136        258     18     41      985.2      498.4
1137        203     37     26     1300.9      490.3
1138        112     19     18     1510.5      487.8
1139        101     17     20     1556.8      487.6
1140        220     33     27     2664.3      492.4
1141        273     23     42      304.4      503.7
1142        205     23     32     1157.4      496.7
1143        282     32     30     2440.3      496.1
1144       1933     95    130     2615.9      549.6
1145        254     36     32     3165.0      496.0
1146        528     67     42     3401.0      504.1
1147        133     24     26     3752.4      491.8
1148        110     23     20      708.8      492.6
1149        451     38     47     1348.5      504.6
1150        151     23     21     2166.5      491.6
1151        354     33     42     3234.5      503.2
1152        101     16     16     3617.8      490.8
1153        140     23     24      145.0      498.3
1154        192     30     26     1014.4      495.9
1155        170     15     27     1251.8      497.3
1156        229     20     38     1443.0      501.9
1157        183     23     22     2322.7      496.7
1158        107     19     20      284.3      495.5
1159        152     30     19     1595.7      494.6
1160        276     39     30     3049.2      500.2
1161        127     23     20     3451.7      496.8
1162        231     29     29      107.5      502.5
1163        158     28     26      403.1      500.1
1164        114     19     18     1641.7      498.0
1165        153     19     27     1851.1      498.6
1166        782     89     43     2069.1      510.8
1167        137     30     19     3137.0      497.1
1168        252     39     30      503.9      505.2
1169        164     26     21      627.4      499.6
1170        733     68     48     1515.5      515.5
1171        339     42     25     2132.8      501.5
1172        488     56     41     2177.3      514.2
1173        155     25     23      874.6      503.9
1174        217     22     36     1770.0      512.2
1175        102     24     13     1784.4      498.1
1176        144     20     32     2932.3      508.8
1177        392     41     30     3200.7      507.0
1178        321     35     51      450.1      526.0
1179        123     28     15     1214.9      500.0
1180        208     22     22     1927.7      505.7
1181        119     24     21     2771.5      502.9
1182        144     25     24     2829.8      504.9
1183        101     16     25     2877.0      506.3
1184        158     15     30     3842.6      507.3
1185        101     27      9     3873.7      498.2
1186        116     10     29     4226.0      507.1
1187        152     30     26      385.5      507.0
1188        110     16     20      941.5      506.0
1189        232     27     24     1058.9      507.7
1190        143     21     22     1949.8      505.2
1191        354     25     48     2708.5      519.6
1192        162     19     30     2788.4      511.8
1193        152     30     29     3888.4      508.0
1194        111     20     22      246.7      508.4
1195        106     16     16      359.6      506.7
1196        105     15     22     2593.8      508.3
1197        235     30     35     1124.6      516.4
1198        118     24     24     1837.5      510.1
1199        104     14     15     2232.3      506.8
1200        119     20     25     2728.7      510.9
1201        266     26     33     2995.0      518.4
1202        157     19     29     4245.4      515.4
1203        117     23     20      821.4      512.9
1204        267     27     35     1183.7      518.7
1205        158     17     29     1289.1      517.2
1206        400     42     42     1555.0      522.5
1207        169     26     27     1975.6      515.5
1208        299     37     39     2671.7      516.8
1209        957     57     64     2742.9      536.4
1210        116     20     19     3080.2      511.0
1211        133     19     19     3126.0      511.5
1212        494     35     42     3325.3      524.0
1213        378     47     35     3987.6      519.3
1214        155     17     27      534.7      519.5
1215        552     45     54      567.4      534.6
1216        130     21     19      776.5      515.2
1217        110     24     14     2199.6      514.3
1218        363     29     46     3463.0      530.0
1219        175     31     21      346.0      520.9
1220        116     21     18      582.6      516.6
1221        160     19     28      872.7      523.7
1222        100     15     25     1138.2      519.5
1223        209     32     23     1690.9      521.0
1224        205     18     36     1735.9      528.6
1225        250     23     35     2574.1      526.2
1226        104     20     23     2965.2      520.0
1227        164     25     31     4345.6      523.8
1228        105     13     20      213.8      519.8
1229        492     62     34      672.0      528.3
1230        177     22     25      726.1      523.9
1231        104     26     13     1253.6      516.3
1232        305     31     38     2363.1      528.4
1233        116     15     28     3497.8      524.3
1234        150     26     21     3533.8      522.6
1235        119     26     19      157.6      523.8
1236        135     20     20      229.3      519.3
1237        103     23     15      680.1      520.3
1238        528     48     42      755.3      531.8
1239        202     32     36      795.6      532.8
1240        124     16     29     1877.5      528.0
1241        264     41     23     2634.3      522.2
1242        226     19     35     3065.5      529.9
1243        129     18     25     3140.2      525.7
1244        124     22     15     3594.6      520.2
1245        103     17     19     3769.8      520.6
1246        156     18     21     3784.3      523.2
1247        115     20     14      600.6      522.5
1248        101     17     18      915.0      522.9
1249        775     55     67     1603.4      540.0
1250        115     21     23     2255.6      526.0
1251        139     25     17     2541.2      520.6
1252        406     56     32     2932.4      528.7
1253        205     28     26     3251.2      528.3
1254        165     23     23     3954.0      524.7
1255        109     18     23     4310.1      524.0
1256        107     17     23      112.1      528.2
1257        290     38     32      282.6      529.0
1258        682     64     56     1327.9      546.9
1259        116     25     14     2870.9      523.7
1260        150     24     21     3681.2      525.7
1261        186     17     32     4009.0      532.1
1262        161     23     22      250.0      527.8
1263        136     22     18     1393.0      527.3
1264        123     20     20     1441.5      528.4
1265        123     32     14     2815.5      523.5
1266        112     18     22     2892.0      528.5
1267        175     23     24     3921.1      529.6
1268        135     23     29      132.8      532.3
1269        136     17     29      510.4      533.2
1270        285     21     51     1051.5      550.5
1271        218     32     29     1149.6      538.2
1272        499     41     56     1208.7      546.2
1273        144     19     25     1229.8      532.8
1274        170     23     21     3386.9      529.8
1275        350     53     28     1102.5      537.2
1276        161     18     31     1893.4      534.9
1277        174     19     26     1997.7      534.2
1278        324     36     34     3640.7      537.9
1279        131     26     16      856.0      531.2
1280        129     15     20     1429.1      534.0
1281        513     56     38     1655.0      541.2
1282        224     45     27     2816.7      536.6
1283        140     25     19     3440.2      531.5
1284        237     30     34     3604.7      543.1
1285        101     15     19       63.7      534.1
1286        358     36     41      188.7      542.4
1287        431     40     47      488.3      552.2
1288        140     36     17     1768.5      532.8
1289        494     48     58     1786.5      556.4
1290        181     17     37     2115.0      547.4
1291        133     21     23     2233.0      538.0
1292        252     43     19      322.0      536.0
1293        282     29     28      822.0      543.2
1294        174     16     37     3032.7      546.6
1295        222     26     33      144.2      545.6
1296        138     25     24      596.2      539.4
1297        271     30     32     2788.6      543.9
1298        242     30     30     2860.9      543.6
1299        362     42     44     3403.5      551.3
1300        261     31     31      408.9      549.1
1301        105     19     17     1038.6      539.4
1302        109     16     16     1469.3      539.4
1303        160     28     21     2032.4      543.2
1304        129     22     20     2100.4      539.8
1305        118     15     27     2315.6      547.9
1306        172     28     24     2459.1      543.3
1307        163     29     23     3086.7      543.6
1308        265     23     47     3203.3      557.2
1309        219     22     40     3287.3      549.2
1310        232     33     44     3544.0      555.3
1311        241     33     26     1278.7      546.5
1312        181     27     21     1559.4      545.3
1313        424     52     41     1923.8      551.1
1314        102     20     19     3519.5      544.2
1315        124     27     23     4290.5      545.4
1316        124     22     22     4312.7      544.7
1317        211     32     24      107.2      548.5
1318        199     21     38     1836.2      552.1
1319        100     18     13     2169.1      542.0
1320        583     40     60     2265.3      569.4
1321        264     29     29     2559.6      552.2
1322        105     20     16     2589.5      544.9
1323        215     20     38     2671.6      555.6
1324        200     28     26     2881.6      549.0
1325        184     24     21     3560.3      548.1
1326        453     58     39     3706.5      551.8
1327        162     25     32      155.2      556.6
1328        170     24     25      628.5      551.5
1329        100     18     19     1004.0      548.5
1330        391     27     56     2472.3      565.7
1331        185     27     25     3007.4      551.2
1332        128     17     29     3579.5      552.9
1333        114     14     24     3661.1      550.5
1334        138     26     22     3992.8      548.8
1335        166     23     27      698.1      555.2
1336       1409     74    101     1479.2      585.4
1337        239     30     26     1855.4      553.5
1338        114     23     15     2198.5      549.0
1339        143     28     22     2693.6      553.1
1340        121     23     13     3136.6      545.7
1341        152     13     30      660.7      557.7
1342        130     21     20      717.6      550.9
1343        214     26     28      768.1      555.7
1344        992     74     77      860.9      582.6
1345        384     60     30     1120.9      557.2
1346        164     26     16     1880.8      549.9
1347        147     23     16     2071.0      550.7
1348        128     22     18     2132.4      552.1
1349        339     42     34     2333.1      559.2
1350        371     48     41     2511.3      563.5
1351        819     61     52     2983.4      566.3
1352        132     19     22     3048.2      554.7
1353        275     39     34      743.4      563.2
1354        147     21     28     1410.6      556.1
1355        187     28     22     2041.1      556.1
1356        128     18     24     2097.5      557.4
1357        208     21     31     2147.9      559.9
1358        168     25     28     3739.4      561.1
1359        155     26     19     4380.0      552.3
1360        126     21     28      515.6      560.2
1361        145     21     20     1366.0      558.1
1362        164     28     17     3246.6      553.6
1363        176     25     31     3348.1      563.6
1364        208     34     19     3840.6      555.8
1365        136     22     23       65.1      558.7
1366        618     33    106      224.9      602.0
1367        102     24     13     1675.5      553.2
1368        128     18     17     3119.3      556.1
1369        201     23     29     3942.1      561.2
1370        306     33     35      438.3      570.8
1371        259     28     32     1079.4      563.1
1372        113     21     21     1168.0      559.8
1373        155     13     32     2424.8      567.7
1374        143     19     36     2813.1      569.7
1375        106     19     15     3142.1      556.7
1376        159     25     29      171.5      568.7
1377        222     34     32      927.3      568.5
1378        368     36     33      976.7      568.6
1379        273     46     33     2902.8      570.6
1380        116     20     18     4188.1      560.4
1381        131     19     18      533.3      562.0
1382        172     19     26     1249.1      566.1
1383        236     38     31     1747.7      571.1
1384        265     34     47     2166.6      577.9
1385        124     21     18     2795.6      563.5
1386        269     40     24     3471.3      567.2
1387        252     32     32     3817.5      571.6
1388        108     14     30     4606.3      566.5
1389        438     47     36      124.4      575.3
1390        200     17     33     1229.6      572.6
1391        129     17     24     1729.8      566.0
1392        290     41     21     1962.3      566.3
1393        588     70     47     2334.1      579.5
1394        355     42     38     2929.6      574.4
1395        216     33     33     3319.9      570.4
1396        128     19     20     3683.9      565.8
1397        109     19     15     3910.8      562.6
1398        236     30     33     4071.7      568.6
1399        115     14     24      784.9      569.6
1400        150     17     22      838.6      569.5
1401        737     46     60     1692.8      585.4
1402        169     25     28     2447.4      571.5
1403        195     21     35      190.5      578.7
1404        597     54     40     3099.4      581.3
1405        297     39     34     3508.5      576.3
1406        139     21     22     3603.2      569.0
1407        251     25     32     3858.7      576.6
1408        202     24     23     4257.1      571.9
1409        105     23     19     1314.1      570.9
1410        428     43     34     2120.6      579.2
1411        248     19     37     2184.4      581.8
1412        300     37     26     2708.3      575.4
1413        274     47     30     3037.3      575.6
1414        285     27     46     3577.4      583.2
1415        171     21     29     4228.9      577.2
1416        104     19     25      723.7      577.9
1417        117     20     22      944.6      572.7
1418        490     42     43     1361.7      586.6
1419        102     21     16     2021.3      569.6
1420        169     28     21     2741.3      575.8
1421        218     28     29     2790.2      579.9
1422        413     51     30     3255.9      580.1
1423        162     22     27     3428.5      577.0
1424        107     20     15     3533.9      571.4
1425        123     17     22     3752.0      576.4
1426        131     12     29        4.0      582.8
1427        119     22     22      209.7      576.3
1428        157     31     29     1269.7      581.4
1429        256     34     23     1861.9      576.4
1430        102     11     25     3226.0      577.5
1431        199     21     49     3376.0      592.2
1432        121     19     22     3772.1      577.2
1433        176     35     23       26.7      579.0
1434        154     17     27      606.0      579.3
1435        101     14     27      963.2      581.1
1436        117     21     20     1415.3      579.1
1437        169     29     23     1509.2      580.2
1438        391     44     40     1649.4      590.0
1439        129     20     25     2547.6      581.6
1440        610     46     44      298.1      589.1
1441        191     17     38      472.4      589.1
1442        110     18     20      574.1      579.4
1443        177     21     28      772.4      583.2
1444        416     38     41      800.5      592.4
1445        153     23     23     1131.1      584.4
1446        277     28     30     2206.9      585.4
1447        134     23     24     2765.6      583.1
1448        162     20     31     3175.6      588.3
1449        230     33     28     3652.0      585.1
1450        111     19     20     3734.2      580.0
1451        112     17     23     4036.1      581.8
1452        362     39     48      556.7      597.6
1453        221     35     26      628.6      585.0
1454        521     50     63     1052.1      601.4
1455        138     32     12     1175.3      578.4
1456        171     33     25     1548.2      580.5
1457        129     22     20     1631.3      582.7
1458        127     23     21      370.8      583.8
1459        143     27     20      396.0      583.5
1460        183     27     30      744.8      590.5
1461        147     25     22     1402.1      584.7
1462        187     33     18     1783.7      584.5
1463        106     17     16     1947.7      580.2
1464        673     52     62     1978.5      598.2
1465        184     23     31     2957.1      588.0
1466        106     22     19     3312.2      583.8
1467        198     21     33     3978.8      590.3
1468        189     33     23      253.9      588.0
1469        142     26     32      952.1      592.8
1470        104     21     17     1099.1      582.5
1471        346     47     37     2398.4      594.0
1472        107     18     22     4283.4      584.7
1473        238     26     41       54.4      599.3
1474        117     14     22      707.8      589.1
1475        171     19     29      899.8      589.9
1476        129     25     21     1570.6      590.9
1477        183     34     23     2865.6      588.3
1478        177     34     24     4314.9      587.8
1479        139     24     21      213.3      589.6
1480        214     32     25     1023.0      590.0
1481        332     31     36     1240.3      598.5
1482        155     21     23     1588.7      592.2
1483        219     24     32     1831.8      598.4
1484        163     35     19     2026.2      587.8
1485        132     21     20     2235.8      588.6
1486        103     11     25     2499.5      590.1
1487        114     16     20     3135.8      591.0
1488        109     23     15     3356.4      585.2
1489        109     17     22     4251.7      592.0
1490        169     22     25      354.2      596.3
1491        250     29     33     1796.4      600.8
1492        391     40     41     2050.6      600.7
1493        162     20     24     2447.2      593.9
1494        202     21     23     2518.2      593.8
1495        103     16     18     2664.1      590.2
1496        363     49     36     3610.8      597.4
1497        174     20     30     3671.3      597.5
1498        130     21     16     3956.3      589.9
1499        162     25     32      650.6      596.9
1500        109     13     21      862.1      595.0
1501        118     20     22      924.9      594.4
1502        558     30     63     1272.5      615.2
1503        355     27     43     1547.6      607.4
1504        122     15     27     2778.8      596.6
1505        128     20     19     2824.5      593.0
1506        103     20     16     3438.3      590.5
1507        250     30     25     3492.6      594.5
1508        222     22     29     3926.1      600.6
1509        110     24     19     4106.8      594.4
1510        137     16     20     4213.3      592.6
1511        101     15     21     4462.8      595.3
1512        192     23     24      989.7      600.0
1513        149     27     26     1882.7      595.5
1514        101     14     26     2877.3      600.5
1515        246     38     43     3169.2      606.7
1516        155     21     30     3689.0      602.2
1517        156     19     28       13.8      601.3
1518        359     30     55     2224.0      617.6
1519        114     22     19     2477.8      597.9
1520        455     43     48     2542.3      613.2
1521        190     21     27      328.3      602.1
1522        575     50     44     1330.7      614.6
1523        176     23     24     1761.8      601.6
1524        122     22     16     1814.4      596.6
1525        357     30     43     2081.9      611.7
1526        282     28     22     2156.4      600.6
1527        448     41     37     2268.2      608.1
1528        257     42     20     2937.5      598.8
1529        175     29     22     3076.1      601.2
1530        188     28     33     3279.9      604.4
1531        121     22     18     3771.4      600.2
1532        157     25     16     1866.2      600.3
1533        247     23     31     2850.9      607.4
1534        124     21     16     2989.5      599.3
1535        105     21     13     3701.4      597.3
1536        202     22     31     3831.8      609.6
1537        114     21     22      113.2      605.1
1538        142     27     18      396.9      602.4
1539        153     22     26     1204.8      608.3
1540        199     27     24     1512.6      603.8
1541        115     15     24     2029.1      605.0
1542        118     26     15     2360.4      600.5
1543        227     32     32      359.6      615.9
1544        207     21     32      531.4      613.1
1545        152     26     22      601.5      605.6
1546        135     22     27      745.0      609.1
1547        142     20     27     1013.9      610.5
1548        271     28     46     1532.0      618.4
1549        115     22     17     2190.1      605.4
1550        235     41     23     2462.7      609.0
1551        119     25     14     2552.7      601.1
1552        116     11     21     4170.2      606.9
1553        122     20     30      490.8      609.8
1554        135     15     25      513.0      610.7
1555        111     17     23      652.2      608.7
1556        138     19     19      786.6      607.9
1557        432     40     50     1630.5      620.9
1558        266     35     21     2643.2      606.8
1559        138     23     18     2717.4      606.4
1560        133     25     19     3092.7      606.5
1561        188     29     22     4059.7      609.9
1562        229     33     28      192.0      613.2
1563        431     35     47      885.5      626.1
1564        137     17     23      944.4      612.3
1565        154     34     18     1396.1      610.9
1566        133     23     24     1465.0      613.1
1567        225     29     25     3032.1      613.0
1568        582     63     40     3627.2      621.1
1569        147     28     29     3699.8      614.0
1570        273     32     41     3995.8      619.4
1571        133     26     21     4539.8      610.7
1572        383     37     42      589.4      623.2
1573        172     24     27     1175.7      615.6
1574        438     45     53     2353.8      626.1
1575        412     37     42     2425.1      624.0
1576        217     26     34     3228.3      618.7
1577        252     37     27     3463.8      614.7
1578        380     31     53     3554.4      625.0
1579        117     23     18      292.8      611.4
1580        110     19     20      916.8      614.1
1581        161     27     23     2390.2      615.2
1582        370     43     38     2838.0      625.7
1583        222     31     24     3141.2      615.5
1584        121     23     21     4512.4      615.9
1585        100     23     22      618.0      617.6
1586        271     36     46      681.5      629.9
1587        106     16     21     1081.1      618.9
1588        309     43     40     1308.2      630.1
1589        100     18     14     1873.9      613.2
1590        308     34     41     2125.3      626.3
1591        115     21     14     2502.8      613.1
1592        103     19     21     2699.3      614.9
1593        152     27     16     2807.3      615.3
1594        120     15     22      555.1      618.3
1595        128     19     21      964.5      619.3
1596        104     27     10     2612.1      613.4
1597        241     34     28     2740.3      620.8
1598        106     27     19     4019.4      619.1
1599        384     48     43      654.6      633.2
1600        169     20     31      997.3      625.3
1601        270     25     37     2964.1      626.5
1602        110     13     18     2983.5      618.4
1603        691     46     56     3315.3      639.8
1604        144     18     22     3790.7      619.7
1605        144     20     23     4082.9      622.6
1606        144     15     26      863.8      626.6
1607        271     19     48     1426.4      634.5
1608        120     25     12     1817.1      617.5
1609        115     26     18     1886.3      621.5
1610        231     30     31     2288.0      628.6
1611        113     23     16     2887.4      619.4
1612        400     34     42     3094.5      632.0
1613        211     34     23      145.8      625.5
1614        109     18     22      713.3      625.5
1615        190     31     23     1205.3      626.9
1616        154     27     21     1694.8      621.9
1617        283     26     37     1909.3      633.5
1618        198     19     39     1936.9      632.2
1619        136     17     28     2242.7      624.7
1620        130     26     14     3206.5      620.7
1621        468     53     43     3374.4      636.4
1622        112     26     17     3396.0      622.4
1623        141     19     23     3674.1      625.7
1624        176     33     20     4308.3      623.9
1625        463     45     36      772.5      633.5
1626        535     53     44     2592.1      633.3
1627        255     34     29     4256.0      630.9
1628        101     23     12      299.2      622.8
1629        237     39     20      465.9      628.6
1630        587     53     59      744.1      652.5
1631        148     15     26     1109.6      629.8
1632        256     22     39     1244.5      634.2
1633        133     21     21     1393.9      628.4
1634        114     15     21     1567.7      627.6
1635        306     34     37     1835.4      634.3
1636        509     44     47     2328.3      643.3
1637        103     15     22     2519.2      629.0
1638        339     32     39     2631.6      635.6
1639        258     33     41     3506.1      640.2
1640        101     16     18     3707.6      627.1
1641        162     19     31      848.0      636.5
1642        169     21     22     1597.1      633.3
1643        197     26     22     1751.5      631.1
1644        275     36     28     2912.5      633.9
1645        271     24     39     3131.1      640.7
1646        109     20     22     3827.3      629.8
1647        164     27     18     4490.6      628.7
1648        281     41     26      522.0      634.6
1649        248     48     28     1022.6      632.5
1650        770     58     53     1516.8      650.8
1651        172     28     17     2399.8      629.9
1652        171     25     22     3000.8      630.9
1653        102     15     25     3409.3      635.3
1654        343     46     24     3474.4      634.7
1655        166     29     19      919.2      632.7
1656        194     18     33     1578.3      640.6
1657        149     20     20     2104.4      632.2
1658        226     27     36     3880.7      643.4
1659        204     21     28      382.4      641.5
1660        842     71     62     2166.1      659.1
1661        114     13     23     4115.6      638.4
1662        213     44     24     4670.1      638.7
1663        225     28     28      345.2      644.8
1664        190     27     38      418.8      645.2
1665        546     42     51     1701.8      654.4
1666        110     14     23     2870.5      641.1
1667        229     36     23     2944.1      639.2
1668        413     35     48     3176.7      654.5
1669        189     22     26     3217.2      640.5
1670        180     22     27      457.0      645.1
1671        534     58     36     1088.6      649.2
1672        108     21     16     1204.2      638.6
1673        127     17     16     2773.4      638.4
1674        159     20     33     3702.2      647.3
1675        102     16     17     3799.4      637.9
1676        180     25     31       14.3      644.1
1677        360     39     39      702.5      654.8
1678        731     88     70      920.2      662.0
1679        511     53     46     1797.9      653.4
1680        424     39     45     2666.7      657.6
1681        110     24     11     4148.3      637.0
1682        528     49     59       53.3      660.7
1683        878     58     75      806.3      668.1
1684        110     15     19     1802.0      642.0
1685        254     34     23     2808.2      646.3
1686        131     18     22     3583.3      644.4
1687        266     31     34     3631.8      652.6
1688        285     26     39      618.2      652.4
1689        114     19     20      972.2      647.6
1690        128     21     23     1055.4      646.1
1691        112     14     24     1377.5      648.5
1692        411     48     38     2467.3      654.3
1693        441     51     34     3666.9      655.8
1694        168     18     35     3719.4      654.5
1695        109     23     16     4429.3      643.7
1696        537     42     52      160.5      666.2
1697        133     21     22      474.2      647.6
1698        115     16     19      580.3      649.0
1699        114     27     16     1293.2      645.4
1700        150     17     34     1398.2      656.1
1701        805     40     68     1556.0      671.3
1702        258     23     38     1728.0      655.3
1703        368     52     27     1888.2      651.5
1704        485     42     63     1924.0      669.3
1705        112     19     20     2378.0      650.0
1706        109     16     30     3595.8      656.7
1707        175     35     21     4316.1      648.4
1708        103     23     17     4534.8      646.3
1709        116     23     17     4775.6      649.7
1710        138     28     18      990.6      649.6
1711        203     20     30     1026.7      655.9
1712        170     18     23     2106.7      654.5
1713        125     17     19     2145.2      653.2
1714        353     50     34     2228.6      657.3
1715        115     13     25     2606.0      654.8
1716        101     19     17     2863.3      653.3
1717        374     39     34     2911.4      659.3
1718       1176     60     79     2964.3      683.1
1719        166     27     22     3270.6      653.4
1720        138     20     24     4065.2      652.6
1721        185     23     32      364.4      662.1
1722        200     25     30      652.0      658.3
1723        100     19     19     1980.6      652.7
1724        275     26     30     2765.8      657.1
1725        133     18     24     2883.4      656.0
1726        131     15     30     4691.4      660.2
1727        188     24     27      315.4      660.9
1728        103     18     17     2941.2      654.7
1729        201     29     22     3484.2      659.3
1730        187     29     24     4408.2      659.7
1731        106     17     22      186.5      659.5
1732        390     50     30      402.3      661.9
1733        107     14     16     1195.5      655.0
1734        210     28     30     1957.9      661.8
1735        151     18     25     2365.7      661.0
1736        202     30     29     2625.7      664.4
1737        257     41     27     2701.4      662.1
1738        328     39     35     2739.6      663.7
1739        119     23     13     3022.0      653.4
1740        234     33     33     3128.0      668.8
1741        109     20     20     3914.6      658.1
1742        127     15     21      603.0      659.7
1743        257     19     36     1178.7      666.7
1744        105     16     18     1227.3      659.3
1745        233     29     27     1479.1      665.2
1746        153     37     16     1847.8      658.0
1747        108     26     18     2086.3      659.8
1748        173     30     16     2286.3      658.6
1749        222     30     34     2524.8      668.4
1750        173     29     25     3214.0      662.3
1751        382     27     52     3284.7      680.0
1752        209     31     26     3540.7      660.6
1753        102     14     28       33.0      666.6
1754        616     51     44      559.5      674.6
1755        329     26     38      672.0      672.1
1756        111     16     22      994.1      663.3
1757        228     22     43     1125.7      673.3
1758        510     57     28     2015.3      666.1
1759        195     33     36     2393.1      671.9
1760        256     22     41     3865.3      675.3
1761        147     20     28     3885.6      668.7
1762        288     29     43     1632.0      673.3
1763        105     21     14     2260.4      660.9
1764        419     72     56     4182.5      681.9
1765        172     30     23      235.1      670.1
1766        112     18     20      338.3      666.0
1767        112     15     23     1286.9      667.8
1768        117     19     17     1430.6      664.3
1769        146     28     17     1600.7      663.2
1770        175     25     28     2046.2      671.5
1771        180     28     32     2421.6      673.7
1772        121     26     18     3202.4      666.3
1773        104     20     17     3344.4      663.0
1774        124     22     20     1204.6      667.6
1775        125     21     20     1671.7      666.1
1776        128     19     19     1977.9      666.5
1777        619     49     52     2192.1      682.9
1778        170     30     23     3041.1      670.1
1779        121     19     17     3388.9      667.9
1780        290     25     48     3556.3      685.3
1781        138     22     24      277.4      673.4
1782        255     32     32      861.0      674.5
1783        439     28     47      964.2      681.2
1784        165     22     28     3460.8      672.8
1785        139     31     18      450.9      668.7
1786        104     23     25     1089.7      676.7
1787        108     16     21     1319.6      671.2
1788        135     23     21     1349.9      673.2
1789        139     16     19     1106.4      672.2
1790        135     23     29     1579.6      680.0
1791        188     41     15     1745.2      671.3
1792        542     50     55     2514.0      691.8
1793        145     27     16     2719.1      672.6
1794        155     21     25     3589.4      677.0
1795        129     13     34     3613.5      684.0
1796        353     36     33     3678.6      680.9
1797        166     16     29     3762.0      679.6
1798        106      9     30        8.0      681.1
1799        123     20     19      373.2      674.8
1800        241     21     32      695.1      683.2
1801        116     18     24      839.7      678.9
1802        221     25     34     1004.1      682.7
1803        218     39     25     1223.3      677.0
1804        472     41     42     1367.3      690.6
1805        332     40     32     2459.4      681.1
1806        174     26     28     2790.3      676.6
1807        210     28     29     3318.6      679.3
1808        162     22     28     3800.2      681.5
1809        263     49     26      649.9      683.7
1810        104     18     17     1390.1      675.7
1811        218     19     30     1870.2      682.3
1812       1149     84     56     2066.4      696.3
1813        202     34     24     4360.5      680.6
1814        106     20     20      482.5      681.0
1815        811     79     52      758.6      694.2
1816        321     31     43      940.4      688.9
1817        112     19     19     2248.7      678.5
1818        261     41     23     4082.4      681.3
1819        146     19     24     1049.0      685.8
1820        162     22     28     1821.9      683.9
1821        148     22     19     1842.2      680.4
1822        183     39     22     3005.8      680.5
1823        397     36     44     3832.7      692.1
1824        178     33     18     4532.5      681.5
1825        178     22     32      259.6      691.1
1826        249     30     29      318.9      687.6
1827        146     18     25      521.7      685.0
1828        217     26     33     1030.4      689.2
1829        311     31     42     1079.1      698.0
1830        232     26     28     1194.3      687.8
1831        175     26     23     1411.7      683.4
1832        285     38     45     1946.3      697.6
1833        557     65     44     3091.4      702.3
1834        105     18     16     3341.2      680.5
1835        399     55     26     3496.1      686.5
1836        152     32     21     4432.7      682.6
1837        127     11     26     4661.3      685.4
1838        116     16     21     4790.5      685.5
1839        295     45     27      360.2      690.9
1840        154     28     16     1469.6      683.2
1841       1076     57     76     2846.9      714.7
1842        141     22     18     1702.0      686.3
1843        236     31     23     2747.9      690.5
1844        206     36     25     2990.1      691.8
1845        399     30     43     3032.4      697.1
1846        180     30     22     3211.4      690.0
1847        100     15     30     4057.6      695.9
1848        132     24     17     1171.3      689.3
1849        126     19     23     1653.9      689.4
1850        654     54     66     1836.0      715.1
1851        281     32     35     2680.9      696.3
1852        186     32     20     2888.4      689.9
1853        102     17     21      239.8      692.2
1854        145     37     19      284.9      691.2
1855        126     21     21     1224.8      692.5
1856        177     25     27     1625.8      696.8
1857        179     19     32     2359.2      699.8
1858        331     33     45     3898.3      703.0
1859        106     20     14     3922.2      688.3
1860        127     26     20      465.9      694.6
1861        167     33     21     1271.9      697.5
1862        226     40     21     1677.9      695.2
1863        115     21     23     4634.3      696.2
1864        452     50     45      711.2      708.8
1865        161     21     25      793.7      698.3
1866        252     27     33     1444.4      699.2
1867        183     22     27     2472.9      699.1
1868        245     21     35     3577.3      704.3
1869        202     26     24      634.7      700.1
1870        192     28     28      990.0      701.4
1871        146     23     22     1132.8      699.6
1872        179     27     23     1156.7      699.8
1873        437     49     33     1412.4      707.5
1874        147     15     25     1516.8      700.9
1875        193     25     23     2572.6      699.0
1876        140     29     17     3428.0      696.1
1877        106     19     20     3858.9      697.9
1878        284     22     43     1298.5      711.6
1879        133     23     12     1331.3      694.9
1880        137     31     22     1481.1      699.9
1881        507     38     66     1775.9      720.8
1882        289     47     26     2020.2      705.2
1883        171     27     22     2236.9      700.3
1884        762     62     52     2395.2      716.2
1885        109     12     23     3324.2      701.0
1886        321     31     33     3746.9      709.9
1887        215     27     37     3993.2      710.3
1888        118     22     16     4412.7      697.8
1889        171     35     26      189.9      705.4
1890        139     27     30      383.4      704.4
1891        693     42     77      838.6      736.9
1892        189     21     37     2215.3      715.0
1893        121     25     15     2894.2      700.1
1894        190     30     24     3676.1      701.7
1895        108     21     17     4121.9      699.0
1896        104     25     13      660.3      702.1
1897        130     20     26      890.8      705.7
1898        178     34     17     1536.8      702.2
1899        423     34     42     1709.2      715.6
1900        103     22     13     1969.7      701.6
1901        783     41     73     2132.9      730.8
1902        170     28     19     2598.3      701.9
1903        154     20     19     2821.9      703.9
1904        169     21     28     3144.5      708.2
1905        231     25     31     3702.7      710.0
1906        128     26     18      843.1      706.9
1907        150     17     27     1760.3      709.1
1908        189     28     28     1927.1      708.7
1909        120     18     26     2619.1      706.8
1910        317     36     28     3303.2      709.6
1911        468     31     48     3972.8      717.8
1912        109     23     15     4027.0      704.3
1913        110     16     17      160.0      706.1
1914        174     32     16     3625.9      706.1
1915        204     26     26     3877.8      713.1
1916        170     24     28      220.7      714.3
1917        162     23     23     2550.0      711.8
1918        192     24     28     3194.4      712.5
1919        115     19     23     3210.4      711.2
1920        108     19     17     3272.6      710.4
1921        138     26     22     3810.8      712.1
1922        300     31     47       73.6      728.1
1923        477     61     34      317.1      717.3
1924        106     20     16     1319.1      711.3
1925        253     27     26     2296.1      715.1
1926        131     17     23     3048.0      714.0
1927        125     20     24     3237.4      712.5
1928        198     19     39     4278.3      722.2
1929        109     20     26     4520.1      715.1
1930        166     25     34      351.6      719.8
1931        237     24     34      675.6      720.4
1932        162     18     30     1452.4      719.3
1933        136     21     19     1500.5      714.0
1934        143     28     24     2573.8      713.9
1935        200     18     31     3411.1      715.7
1936        117     17     23     4294.5      715.4
1937        269     23     41     4451.9      725.8
1938        309     42     34      519.3      720.5
1939        271     35     24     1066.7      718.0
1940        116     21     19     2244.8      716.3
1941        303     32     38     3561.7      725.6
1942        117     16     25     4328.3      720.2
1943        393     45     38      163.5      727.4
1944        152     19     20     1130.3      717.4
1945        514     55     31     1374.3      725.1
1946        337     40     46     1967.6      725.6
1947        151     28     28     2665.2      721.3
1948        113     23     17     2681.6      716.6
1949        119     21     23     2738.3      721.1
1950        102     18     17     2794.4      717.8
1951        117     26     18     3332.9      715.3
1952        116     22     15     3374.9      714.2
1953        159     28     21     3460.8      720.5
1954        117     30     13     4131.2      713.5
1955        116     20     18     4745.6      716.5
1956        149     26     26      414.1      719.4
1957        206     28     28      597.9      723.4
1958        133     16     20     2187.5      719.2
1959        207     18     27     3017.5      723.8
1960        136     28     19     3109.5      718.2
1961        129     19     24     3164.5      726.0
1962        115     27     23     3347.5      721.5
1963        296     38     27      574.3      724.8
1964        142     20     17     1337.9      720.5
1965        244     25     34     2164.2      729.8
1966        133     20     20     2711.7      722.6
1967        100     18     18     2777.8      721.8
1968        110     18     18     3219.9      721.8
1969        154     27     19     3783.4      721.4
1970        114     25     19     4899.6      722.9
1971        115     17     19      968.3      724.4
1972        422     53     32     1244.4      731.2
1973        210     28     33     1597.6      729.2
1974        928     93     47     2075.8      740.5
1975        178     19     21       25.3      726.4
1976        464     42     44      269.4      734.6
1977        120     16     20     1041.5      725.8
1978        225     30     28     1097.1      730.5
1979        114     15     20     1481.9      724.3
1980        102     18     15     1880.9      723.5
1981        164     26     28     2266.1      728.7
1982        137     12     33     2358.6      730.3
1983        116     20     19     2511.9      725.4
1984        424     51     27     3875.1      730.8
1985        120     20     17     4500.2      724.9
1986        429     54     49      631.6      739.3
1987        744     39     94     2634.2      763.3
1988        157     25     18     2872.8      727.7
1989        489     39     44     3127.0      741.3
1990        151     32     21     3823.0      727.1
1991        252     31     26     3282.6      733.8
1992        133     24     24     4314.8      729.5
1993        185     27     41     1657.4      740.8
1994        408     34     41     2004.1      743.4
1995        176     30     18     2769.9      730.7
1996        106     14     22     3376.8      733.5
1997        482     68     31     3714.3      734.9
1998        283     40     30      223.9      738.4
1999        373     35     46     1688.3      748.8
2000        296     25     39     1927.2      747.6
2001        182     28     32     2455.9      740.3
2002        207     17     33     2700.9      740.4
2003        400     48     72     3088.5      769.7
2004        167     25     17     3185.9      733.6
2005        124     20     21     3949.4      732.8
2006        209     24     39     3989.2      741.9
2007        443     59     42       98.9      750.3
2008        170     28     24      364.5      739.4
2009        125     30     13      904.7      733.9
2010        170     19     36     1200.6      745.1
2011        171     27     21     1325.2      737.2
2012        875     74     83     2296.1      764.7
2013        107     18     18     2477.6      734.4
2014        199     28     26     2612.7      739.2
2015        137     18     22     4425.5      736.6
2016        178     17     41      424.4      748.8
2017        240     29     29      442.0      744.4
2018        471     35     45      665.8      749.3
2019        112     20     23      784.0      741.9
2020        117     16     18      941.4      737.0
2021        110     20     18     1076.9      737.7
2022        165     22     29     1513.9      741.7
2023        148     25     24     1801.5      736.2
2024        103     19     20     2731.9      736.2
2025        192     33     14     3612.3      734.0
2026        252     26     36     3930.0      746.6
2027        107     16     27     4295.5      743.7
2028        249     34     24      399.2      740.6
2029        128     21     22     1618.6      740.6
2030        277     43     28     1731.6      743.2
2031        202     25     25     3055.3      743.6
2032        318     24     58     3787.1      760.1
2033        154     27     16      736.9      738.9
2034        194     25     25     1163.4      743.9
2035        432     43     35     1300.8      748.7
2036        140     22     27     2275.4      746.6
2037        247     37     23     2533.8      744.2
2038        182     28     28     2676.3      749.0
2039        129     14     22     3398.5      742.0
2040        374     38     54     4327.0      759.1
2041        131     16     28      769.4      746.8
2042        185     30     22     1002.5      743.8
2043        335     30     31     1552.9      749.1
2044        107     16     15     1640.2      741.6
2045        519     50     34     2228.7      749.5
2046        166     30     23     2882.2      743.7
2047        543     46     43     3214.4      756.1
2048        703     52     45     3529.8      757.2
2049        133     23     24     3672.3      746.8
2050        455     54     41     4106.9      753.8
2051        157     20     28     4692.4      745.8
2052        261     38     31      976.5      748.2
2053        166     27     19     1414.7      744.9
2054        356     28     52     1442.5      765.0
2055        358     32     52     1475.2      764.8
2056        104     15     25     2594.0      748.6
2057        414     54     34     3351.5      756.1
2058        137     17     25     3456.6      748.0
2059        259     30     35     3488.2      751.8
2060        153     26     24     4211.6      745.5
2061        245     30     31     2787.1      752.6
2062        243     23     39      352.0      758.2
2063        221     30     28     3296.7      752.1
2064        129     25     14     3609.0      747.6
2065        103     22     18     4467.7      746.7
2066        160     23     25      543.1      753.9
2067        260     32     26     1265.5      757.8
2068        143     20     23     1346.7      752.5
2069        107     21     14     3001.2      750.1
2070        301     34     37     3079.3      759.5
2071        285     27     40     3238.5      763.3
2072        173     22     26     3432.2      758.1
2073        141     22     22     4141.1      751.5
2074        121     22     31     4758.5      756.0
2075        732     62     59     1520.7      778.3
2076        127     24     18     2824.1      753.6
2077        106     15     23     2941.5      756.7
2078        172     17     28     3469.9      758.6
2079        417     33     44       31.6      766.3
2080        143     21     21      385.3      756.8
2081        101     18     17      489.4      753.0
2082        182     28     26      616.0      756.1
2083        278     27     28     2964.1      758.1
2084        187     32     16     3272.6      755.5
2085        174     29     29      508.8      763.7
2086        122     20     25      821.0      758.9
2087        177     21     23     1045.5      758.4
2088        248     26     38     1194.3      768.8
2089        301     35     36     2554.6      768.8
2090        298     33     38     4070.2      765.8
2091        105     18     19     4356.5      757.6
2092        151     29     31      194.4      768.3
2093        106     15     27      291.8      764.4
2094        445     69     30      454.6      767.7
2095        179     25     28     1228.9      764.9
2096        321     21     55     1634.6      775.0
2097        114     23     13     1903.9      756.4
2098        134     18     23     2339.3      761.3
2099        219     39     32     2664.0      764.9
2100        103     20     17     2729.0      758.6
2101        131     16     24     3654.1      760.9
2102        150     23     15     3722.5      757.0
2103        180     33     13      113.9      759.2
2104        204     32     33      882.0      766.0
2105        879     54     68     1821.4      791.4
2106        590     56     47     1846.6      775.5
2107        268     35     45     2185.6      774.1
2108        130     25     21     2387.4      761.6
2109        212     21     30     2767.4      766.0
2110        110     20     29       62.9      768.3
2111        109     17     19      770.9      764.5
2112        104     18     12     1785.5      760.3
2113        105     16     17     1869.3      762.1
2114        318     23     36     1958.2      771.5
2115        200     22     29     2361.1      770.2
2116        393     35     38     2411.2      771.3
2117        426     46     27     2705.6      768.3
2118        165     28     17     2907.4      763.2
2119        124     25     14     3607.0      759.8
2120        276     22     41      695.5      776.6
2121        160     24     24     1013.0      769.8
2122        189     32     21     1157.0      765.5
2123        188     23     26     2156.9      769.5
2124        109     18     18     3120.4      764.4
2125        315     38     31      900.3      774.9
2126        128     18     24     2083.4      769.6
2127        119     23     18     3836.9      768.6
2128        126     17     23      307.4      772.5
2129        236     21     43      367.1      780.4
2130        184     18     32      609.3      775.9
2131        128     27     14     1609.7      767.2
2132        298     31     39     2235.6      779.7
2133        184     42     17     3022.0      767.8
2134        154     21     22     1737.8      770.1
2135        297     27     42     1907.5      781.5
2136        140     19     25     4501.1      775.5
2137        458     53     36       90.6      780.4
2138        130     24     17      683.4      772.3
2139        101     17     15      966.3      771.2
2140        766     80     45     1255.5      784.8
2141        267     29     27     2108.5      777.8
2142        637     55     71     2301.6      806.9
2143        186     34     37      532.8      780.2
2144        170     26     27      584.6      777.4
2145        119     14     27     1894.1      779.4
2146        771     75     54     1957.1      797.4
2147        273     31     37     2031.1      781.4
2148        120     22     23     2066.6      777.5
2149        226     33     28     2805.6      779.8
2150        137     28     28     2926.4      777.2
2151        129     21     22     3174.1      777.5
2152        124     25     23     3382.4      777.0
2153        156     28     28     4877.9      782.6
2154        121     27     19      396.3      777.4
2155        955     80     64     1037.6      801.6
2156        400     39     37     1352.1      785.1
2157        110     20     17     1759.2      776.5
2158        249     29     30     1779.5      783.3
2159        123     17     21     2869.1      777.8
2160        151     24     17     3365.7      776.9
2161        341     50     26     3501.7      783.5
2162        286     30     44     3583.2      788.3
2163        374     54     26     3718.3      779.5
2164        146     25     24     3748.4      778.0
2165        163     22     26     3876.9      781.0
2166        145     17     28      342.4      786.7
2167        130     24     19     1214.6      780.0
2168        104     15     18     3248.6      778.7
2169        264     29     32     3625.9      786.1
2170        121     24     16      266.2      779.7
2171        372     29     39     1612.5      790.3
2172        239     37     27     2499.9      784.2
2173        137     21     23     2533.2      781.4
2174        121     20     16     3344.8      779.6
2175        173     20     25     1743.3      789.0
2176        316     35     32     3543.5      788.4
2177        129     21     20     4917.7      782.9
2178        191     27     22      448.5      787.0
2179        131     25     20      916.9      785.7
2180        246     26     31     1010.5      790.2
2181        144     22     26     2458.1      789.2
2182        449     38     52     3605.8      801.3
2183        168     27     18     3766.1      784.8
2184        432     36     56      630.8      807.9
2185        252     42     34      938.6      794.3
2186        413     45     43     1142.6      800.0
2187        347     40     41     2011.1      795.7
2188        323     32     48     2395.2      801.1
2189        511     44     36     2704.4      794.2
2190        167     28     16     2760.6      787.0
2191        145     24     25     2856.6      792.8
2192        133     30     16     3133.9      783.7
2193        208     38     19     4434.0      787.4
2194        170     22     28      245.0      795.8
2195        152     21     21      756.9      790.4
2196        247     27     37     2078.0      797.4
2197        102     19     22     3400.2      789.8
2198        106     24     23     3430.0      791.3
2199        122     26     21     3445.4      788.5
2200        235     24     41     3642.2      801.0
2201        170     30     19     3960.9      791.0
2202        251     41     22      847.0      794.1
2203        591     49     53     2605.2      806.7
2204        151     20     24     2669.9      792.7
2205        147     17     25     2740.0      794.3
2206        289     33     26     2998.5      797.0
2207        143     16     26     3053.9      795.9
2208        141     21     22     3678.9      794.4
2209        211     24     31      288.4      802.5
2210        131     28     18     2426.9      795.3
2211        225     29     24     2889.2      793.6
2212        663     42     70     3160.5      818.0
2213        161     26     23      410.1      797.4
2214        159     17     22     1916.8      797.4
2215        156     19     19     2047.2      794.7
2216        207     29     30     2117.4      801.1
2217        127     18     25     2217.2      798.3
2218        101     23     17     3356.0      793.5
2219        490     44     48     3732.3      813.4
2220        664     54     57     3824.7      808.7
2221        187     34     16     3918.3      794.4
2222        246     32     35     3948.8      805.2
2223        276     27     49     3981.0      808.1
2224        169     17     30     4056.7      799.7
2225        147     23     22     4355.9      797.4
2226        113     21     19     4751.6      797.2
2227        192     23     31      210.6      806.3
2228        541     72     31      702.1      804.1
2229        310     43     31     2194.6      802.4
2230        117     24     13     2559.4      794.2
2231        167     18     31      227.7      802.2
2232        175     23     27     1378.5      803.3
2233        152     24     23     1432.5      802.6
2234        114     15     24     1574.9      800.2
2235        130     24     24     1879.0      802.1
2236        322     30     50     2144.9      812.2
2237        111     24     21     2463.9      801.3
2238        783     73     53     2808.1      814.8
2239        199     25     29     3107.9      805.4
2240        542     38     57     4112.6      818.7
2241        187     24     30     3131.8      805.9
2242        133     20     17     3289.1      799.3
2243        133     22     25     4024.7      804.5
2244        527     75     36     1214.0      812.9
2245        117     16     18     1534.0      800.8
2246        544     55     47     1746.9      823.0
2247        225     20     28     2681.6      806.5
2248        173     20     24     2906.2      808.1
2249        362     51     38     3034.4      812.2
2250        100     16     16     4160.9      800.4
2251        121     19     15       29.0      803.6
2252       1003     72     90      124.2      841.2
2253        100     16     17      881.0      804.5
2254        123     18     25     1397.3      809.7
2255        374     40     35     3412.2      813.6
2256        807     44     74     3469.4      833.1
2257        133     14     24     4268.6      806.8
2258        241     27     37      754.6      813.9
2259        165     27     20     1505.8      808.8
2260       1277     64     77     2745.0      829.1
2261        157     29     21     3072.9      807.3
2262        143     21     20     3337.0      807.6
2263        100     17     21     3765.5      810.0
2264        390     36     38     4007.7      817.9
2265        415     41     34       76.9      819.5
2266        101     16     17      128.8      808.8
2267        217     44     25      343.9      809.2
2268        169     26     22      388.1      811.3
2269        523     48     51      780.6      826.1
2270        100     18     21      992.2      807.7
2271        105     18     16     1256.0      807.6
2272        310     33     34     2237.8      817.0
2273        617     43     56     2870.0      830.6
2274        198     31     23     3226.5      811.4
2275        114     28     20      105.1      810.7
2276        509     67     41     1317.8      818.0
2277        173     24     26     1338.0      814.6
2278        111     15     22     2027.8      813.4
2279        103     16     24     2480.5      811.9
2280        285     33     24     3796.3      813.8
2281        153     18     27      955.2      818.5
2282        113     16     16     2045.3      810.6
2283        152     23     19     3591.3      814.3
2284        192     20     27     4157.7      817.3
2285        233     27     25     4294.6      815.4
2286        270     27     36     1095.5      825.3
2287        513     49     36     1257.2      827.1
2288        155     35     16     1479.1      814.6
2289        100     24     13     1555.9      812.2
2290        111     17     16     3567.3      814.1
2291        157     26     25     3919.4      817.3
2292        165     29     28     2966.2      820.9
2293        143     24     21     2992.8      817.1
2294        255     23     45     3432.3      828.3
2295        132     24     24     3900.9      820.5
2296        280     28     35     4504.3      823.5
2297        100     20     21      508.6      822.4
2298        242     33     24     2446.6      821.7
2299        135     17     22     2594.8      822.4
2300        226     27     29      712.4      827.4
2301        332     34     37      979.9      832.6
2302        292     38     31     1147.1      829.4
2303        137     25     21     1604.0      822.4
2304        437     47     27     2171.6      824.3
2305        104     17     18     4333.6      818.9
2306        181     27     24     4433.8      824.3
2307        110     14     25      675.9      826.5
2308        194     24     25      835.7      824.9
2309        370     37     36      863.5      831.0
2310        525     57     41      898.1      836.1
2311        119     24     20     1117.7      823.2
2312        158     23     26     1309.7      826.7
2313        545     60     38     2076.9      829.5
2314        140     16     35     2312.4      829.9
2315        101     15     15     2325.5      821.8
2316        277     27     31     2912.6      831.2
2317        168     29     20     3197.6      825.5
2318        130     22     16      530.2      822.5
2319        132     27     20     1444.0      826.7
2320        184     21     33     1571.1      832.6
2321        112     16     14     2506.3      822.3
2322        226     32     22     3699.9      828.2
2323        141     29     20       18.5      828.2
2324        184     27     26      598.5      832.9
2325        103     15     18     3004.8      826.9
2326        308     37     30     3117.9      832.6
2327        161     21     25      274.2      830.2
2328        269     41     24      442.6      833.4
2329        106     14     18     2398.2      830.0
2330        204     24     25     3028.3      831.3
2331        167     26     22     3530.9      830.1
2332        182     28     33     4216.4      836.1
2333        117     18     21      407.1      830.7
2334        768     56     56     1643.6      848.3
2335        263     24     44     2715.1      845.4
2336        108     21     17     3337.8      832.3
2337        176     27     19     3570.6      831.4
2338        100     17     15     4525.8      831.4
2339        236     19     34      291.5      840.6
2340        210     26     24     1465.5      837.1
2341        313     34     31     1868.0      837.5
2342        107     14     23     3717.0      835.7
2343        430     48     35     3792.9      838.5
2344        103     16     18      159.3      835.8
2345        524     42     52     1172.1      850.8
2346        125     25     18     1524.1      834.8
2347        340     27     47     2567.1      845.9
2348        557     42     50     2674.1      852.4
2349        157     23     25     3592.7      838.2
2350        190     28     22     3656.1      836.9
2351        217     28     25      811.2      840.7
2352        151     19     24     1800.0      839.5
2353        109     15     22     1959.6      838.0
2354        158     29     19     2959.3      837.9
2355        196     23     28     3967.0      840.6
2356        120     18     28     4378.9      841.4
2357        101     21     21      389.9      838.7
2358        318     26     41      936.1      849.6
2359        549     56     42     1363.6      848.5
2360        188     24     33     2319.0      848.8
2361        330     34     36     2417.7      844.0
2362        108     18     22     4262.2      841.0
2363        498     50     44      397.0      857.0
2364        122     18     22     1001.3      842.3
2365        325     28     37     1726.7      851.7
2366        244     29     31     2167.6      846.3
2367        171     22     23     2198.8      840.2
2368        382     38     40     2832.7      848.4
2369        151     30     20     3290.0      841.4
2370        114     19     16     3551.5      840.5
2371        113     15     21     4246.5      841.0
2372        127     23     26     2034.3      847.2
2373        245     30     29     2081.6      850.5
2374        134     20     16     2280.6      841.0
2375        135     17     18     2444.9      842.1
2376        129     19     23     2587.3      847.3
2377        556     46     59     1068.7      871.9
2378        195     23     31     2475.9      852.4
2379        396     54     29     2631.9      847.6
2380        465     48     35     2928.6      855.4
2381        153     26     29     3365.4      850.3
2382        144     23     19     4085.0      845.8
2383        116     16     20     4508.6      845.7
2384        202     31     24      636.2      848.5
2385        671     57     40      704.7      861.6
2386        219     36     37      855.7      856.9
2387        209     27     36     3395.2      854.0
2388        172     31     25     4604.9      852.5
2389        118     18     20     4685.8      849.5
2390        120     18     19     1041.7      846.8
2391        223     30     28     1083.5      856.6
2392        144     22     18     1845.7      847.8
2393        157     22     20     2224.0      847.4
2394        192     24     28     2807.8      854.4
2395        613     55     46     3046.4      868.6
2396        438     42     37     4010.9      860.5
2397        125     24     14     4281.4      846.9
2398        184     35     27     4437.2      852.1
2399        112     16     31     4864.8      857.2
2400        100     12     20      426.0      851.3
2401        103     20     18     1122.1      849.6
2402        168     20     30     1942.5      856.7
2403        197     22     26     2118.3      854.5
2404        101     12     22     2984.3      853.5
2405        156     16     30     3323.6      856.0
2406        590     54     32     3690.8      858.0
2407        193     23     28      177.2      857.8
2408        481     60     30     1574.2      856.7
2409        355     42     45     1900.7      865.5
2410        564     57     53     2258.6      870.8
2411        744     55     84     2750.6      888.5
2412        182     24     27     3000.8      856.0
2413        378     26     42     3091.1      864.3
2414        158     22     24     3140.3      854.0
2415        101     16     16     3948.3      851.3
2416        121     22     24     4137.5      855.1
2417        112     24     17     4351.8      853.3
2418        119     20     16     4851.1      851.2
2419        109     19     16       68.2      854.2
2420        137     19     25      357.3      860.8
2421        106     19     16      595.5      852.7
2422        117     13     22     1427.8      855.0
2423        141     19     21     1477.7      857.6
2424        645     54     37     1766.2      865.4
2425        271     40     26     1827.6      858.0
2426        128     18     26     2290.7      857.5
2427        105     18     22     3202.4      857.5
2428        163     32     17     3279.2      853.6
2429        353     38     24     3765.7      857.3
2430        110     18     19      792.5      857.2
2431        475     39     47     1288.7      867.1
2432        111     21     15     1520.6      857.0
2433        107     21     16     2268.9      854.5
2434       1755    128     72     2503.7      886.2
2435        105     18     18     3021.2      856.1
2436        843     48     82     3885.4      891.8
2437        542     41     56      476.2      881.3
2438        237     41     45      736.8      871.0
2439        106     14     22     1101.0      860.4
2440        107     21     15     1207.4      858.6
2441        124     15     25     2016.9      860.1
2442        648     63     50     2441.3      872.0
2443        247     21     42     3856.8      871.9
2444        134     26     23     3937.6      861.8
2445        135     16     26       52.6      863.1
2446        100     17     16      239.4      859.3
2447        190     34     29      800.8      867.6
2448        437     44     44     1003.9      875.5
2449        198     28     36     2827.4      870.6
2450        133     25     18     3539.8      859.6
2451        197     32     28     3599.5      866.2
2452        134     19     26     3975.4      865.5
2453        130     18     23     4330.8      863.5
2454        156     18     26      291.4      867.6
2455        112     22     24     1700.9      863.5
2456        200     31     24     1852.2      867.4
2457        124     24     17     2191.3      863.2
2458        367     23     63     2891.8      887.0
2459        294     35     29     3351.3      871.4
2460        118     16     19     4223.6      862.5
2461        116     19     16      530.9      865.5
2462        234     24     39     1315.6      874.9
2463        158     14     32     2030.8      874.2
2464        147     23     31     3426.2      871.3
2465        140     22     26     1109.5      872.8
2466        158     24     21     1253.5      867.4
2467        117     21     12     2334.4      864.4
2468        241     34     21     3234.5      867.2
2469        504     44     60     3278.3      882.4
2470        114     28     15     3811.0      866.8
2471        108     19     21       37.8      869.3
2472        139     17     30       59.4      874.5
2473        241     28     22       85.2      869.5
2474        162     34     20      204.7      869.9
2475        199     22     33     1598.3      876.6
2476        200     23     20     2085.0      869.4
2477        739     57     71     2239.0      892.2
2478        151     29     27     2306.5      873.5
2479        240     34     25     4050.6      871.7
2480        104     18     17     4164.3      869.5
2481        161     30     21      145.1      873.0
2482        136     22     17      619.5      869.7
2483        496     47     55      767.5      890.9
2484        210     33     18      820.3      870.8
2485        335     26     55     1681.3      887.9
2486        112     28     15     1794.6      867.7
2487        103     16     20     2152.5      873.3
2488        124     14     26     2695.9      872.9
2489        191     22     32     3403.6      877.9
2490        228     32     27     3730.7      874.2
2491        108     24     18     4382.7      871.5
2492        196     22     27     4510.8      876.5
2493        149     17     33     1444.6      880.8
2494        301     40     31     1536.2      882.7
2495       1099     66    119     1651.9      920.4
2496        237     27     31     3481.1      877.4
2497        114     23     15     4614.6      871.4
2498        157     25     26     4647.6      876.5
2499        209     23     36     1209.0      880.9
2500        156     21     29     1474.6      878.6
2501        101     17     19     1490.3      874.5
2502        137     16     21     1512.3      875.9
2503        233     28     31     1927.3      882.9
2504        231     28     27     2872.2      878.3
2505        152     23     16     4737.1      873.7
2506        224     45     43      369.7      892.5
2507        104     18     12     1730.7      873.4
2508        281     34     36     2584.7      886.8
2509        189     22     33     2815.7      884.0
2510        499     41     42     2976.9      887.1
2511        253     29     26     3561.2      882.4
2512        327     34     38     3931.7      884.9
2513        103     19     18     4078.1      878.9
2514        140     30     20     4266.7      875.8
2515        232     37     33     4701.4      882.2
2516        237     26     30      238.6      884.2
2517        109     22     16      561.1      876.4
2518        136     22     20      753.0      880.5
2519        277     42     21     1979.4      879.8
2520        106     21     12     2333.3      875.5
2521        122     20     19     3770.0      879.9
2522        167     27     23     4325.5      882.5
2523        134     20     22     4461.1      878.9
2524        175     21     29      379.8      887.1
2525        143     21     22     1664.4      880.8
2526        147     21     26     1723.0      884.8
2527        149     29     24     2052.5      886.8
2528        204     25     27     2713.8      886.2
2529        328     27     44     3123.9      895.6
2530        577     34     48     3163.8      897.1
2531        137     19     19     3540.2      881.5
2532        165     20     30     4596.9      889.0
2533        179     24     24      106.2      884.3
2534        100     24     13      583.4      881.1
2535        110     23     23     1172.8      882.5
2536        141     31     15     2112.5      883.0
2537        808     51     77     2682.7      917.2
2538        169     34     22     3518.8      884.7
2539        118     21     16     4365.2      881.6
2540        458     42     40      304.1      893.8
2541        129     19     20      404.3      887.8
2542        460     41     44      854.5      896.3
2543        279     29     33     1399.4      887.9
2544        142     32     15     3249.2      885.4
2545        294     32     39     3647.7      897.4
2546        286     30     45     3741.0      895.8
2547        193     37     24     4376.4      888.4
2548        142     23     19      447.6      888.5
2549        553     42     54      937.3      902.4
2550        200     17     39      991.5      899.1
2551        202     30     22     1355.7      889.2
2552        175     23     19     1423.7      888.2
2553        256     26     39     1702.9      896.8
2554        130     23     21     4013.1      886.9
2555        280     25     34      203.9      896.0
2556        113     20     22     1276.2      891.0
2557        240     31     33     2022.2      896.5
2558        116     12     27     2932.0      894.5
2559        198     20     26     3044.3      891.8
2560        117     19     17     3832.9      888.4
2561        138     25     20     4156.1      889.1
2562        325     32     47     4287.8      904.2
2563        358     42     39     4443.0      896.7
2564        163     31     18      264.7      890.6
2565        223     27     29      350.3      893.9
2566        131     14     39      524.8      900.2
2567        101     14     22      670.3      891.1
2568        126     22     21     2167.1      893.6
2569        576     40     51     2288.4      904.4
2570        153     19     26     2421.9      893.9
2571        166     23     35     4646.0      901.1
2572        428     40     52      881.9      909.7
2573        555     59     53     1570.6      905.7
2574        116     17     19     1825.6      893.6
2575        103     24     19     1877.4      894.2
2576        230     26     27     2557.8      896.9
2577        104     22     14     3711.9      890.1
2578        523     42     49      699.0      912.1
2579        219     25     27     1514.0      900.9
2580        190     27     18     3219.1      893.7
2581        130     27     16     3763.6      893.9
2582        131     18     24      136.0      898.9
2583        205     22     35      733.0      906.5
2584        295     29     34     1166.6      905.6
2585        153     33     16     1756.2      895.6
2586        114     21     16     1998.4      895.9
2587        104     29     13     2123.5      893.6
2588        220     20     43     2188.9      908.8
2589        145     21     19     2369.7      897.4
2590       1340     83     85     2768.2      933.6
2591        217     31     25       78.3      903.6
2592        315     34     39     1465.7      908.5
2593        119     20     20     2310.8      900.5
2594        124     17     23     2407.2      903.0
2595        166     18     38     2873.1      907.4
2596        345     32     57     2908.6      916.9
2597        119     25     16     2950.9      897.1
2598        152     22     23     3511.1      900.8
2599        137     20     22     3947.9      899.8
2600        109     14     33     4173.6      910.1
2601        100     20     20     5161.9      899.7
2602        140     25     22      899.5      904.2
2603        187     31     22     1780.9      904.0
2604        158     27     27     1918.2      904.3
2605        250     28     29     2505.7      909.4
2606        115     19     13     2846.1      898.1
2607        305     32     36     4256.4      908.1
2608        235     36     23     4318.7      902.7
2609        126     20     20     4557.3      901.8
2610        212     24     40     4725.0      914.1
2611        151     18     23     4862.1      902.4
2612        657     72     39      654.2      913.1
2613        144     36     17      811.4      903.0
2614        122     21     20      972.8      905.1
2615        107     21     14     1290.8      900.9
2616        100     12     23     1806.1      904.7
2617        119     28     13     1860.9      901.5
2618        138     22     25     2044.8      906.6
2619        225     27     25     2388.0      906.7
2620        199     28     23     3577.0      906.8
2621        150     21     20     3700.0      903.2
2622        212     30     21     3852.9      906.7
2623        123     18     25      184.0      909.3
2624        170     28     15      406.1      902.9
2625        151     29     19      436.8      905.7
2626        226     27     24     2828.7      908.8
2627        268     22     44     2965.1      920.8
2628        138     18     23     3790.5      906.4
2629        140     24     20     4037.8      906.3
2630        213     25     26      115.0      910.8
2631        565     51     47      496.2      923.2
2632        406     40     34      789.5      915.7
2633        111     16     20     1306.0      906.8
2634        285     45     21     1350.0      907.3
2635        396     36     36     2628.3      914.4
2636        120     15     22     3974.5      907.7
2637        133     23     16        8.9      908.4
2638        237     25     33      235.1      918.4
2639        392     27     52      554.1      922.1
2640        102     13     22     1495.5      910.4
2641        222     31     33     1764.2      919.2
2642        117     21     21     2335.8      912.2
2643        201     31     21     3060.4      910.2
2644        168     21     29     3333.2      911.5
2645        332     37     37     4388.5      920.1
2646        185     22     41      164.8      922.2
2647        145     24     19     1068.1      911.6
2648        300     25     38     1081.5      922.9
2649        315     42     30     2098.0      912.7
2650        247     23     40     2159.2      922.4
2651        463     38     46     3906.0      925.2
2652        211     21     27     4432.3      915.2
2653        180     25     25     4525.1      912.9
2654        187     22     26     1026.4      914.9
2655        210     36     20     1853.3      911.9
2656        125     22     19     2948.9      912.4
2657        183     32     15     3305.6      911.0
2658        144     18     28     4187.2      917.3
2659        130     22     18     4345.4      912.9
2660        391     52     39     1150.1      928.4
2661        125     13     18     1974.9      914.0
2662        155     23     18     3421.7      913.7
2663        164     30     23     3778.0      919.0
2664        134     24     21      340.0      919.7
2665        100     14     19      464.8      916.9
2666        203     26     24      580.4      919.4
2667        124     22     15     2001.5      913.2
2668        136     19     27     2066.5      922.1
2669        422     52     34     2553.6      923.8
2670        100     19     15       38.8      915.8
2671        104     20     18      448.2      918.0
2672        109     21     14      829.0      917.6
2673        198     13     38     1004.8      929.5
2674        206     31     36     1309.7      927.7
2675        284     40     26     1372.1      923.0
2676        121     20     24     1428.0      920.6
2677        122     28     17     1510.0      919.3
2678        105     16     20     1618.0      918.3
2679        100     14     19     1880.5      918.9
2680        109     15     24     2255.8      923.6
2681        223     26     30     2454.9      922.3
2682        119     14     23     3271.4      922.4
2683        244     25     27     4034.5      926.9
2684        161     30     17     4472.5      917.9
2685        231     29     36      389.2      926.8
2686        183     25     18     1296.2      920.8
2687        205     17     40     3142.0      931.5
2688        208     33     25     3476.1      926.6
2689        164     24     24     3497.6      923.4
2690        146     28     25     4582.2      923.2
2691        113     13     22     4615.9      922.5
2692        196     29     31     4701.3      929.1
2693        106     21     18     4745.5      921.0
2694        160     20     23     1583.9      925.1
2695        154     24     31     1711.9      931.1
2696        131     26     14     1811.2      920.6
2697        126     26     13     2273.7      919.4
2698        108     20     18     2324.9      923.9
2699        121     21     17     2386.1      923.2
2700       1299     74     92     3207.6      962.4
2701        137     18     32     3658.3      929.5
2702        137     18     26     4559.1      926.6
2703        118     20     16      277.7      924.7
2704        208     32     31      914.3      931.1
2705        914     66     79     1342.7      962.1
2706        101     25     16     1694.2      924.1
2707        101     20     17     2140.7      924.9
2708        102     15     19     2364.9      925.6
2709        148     18     21     3033.4      926.5
2710        104     22     16     3307.1      924.0
2711        102     16     20     3628.5      926.5
2712        308     26     35     4239.3      933.0
2713        108     16     25       61.0      929.7
2714        289     31     38     1930.3      937.9
2715        278     24     48     2596.3      942.2
2716        588     48     67     3067.4      944.9
2717        108     20     17     3155.7      925.7
2718        249     27     30     3372.6      933.6
2719        100     18     15     3680.7      925.0
2720        130     16     31      356.2      935.2
2721        103     22     16      811.9      929.2
2722        169     31     28     1536.9      930.4
2723        305     29     36     1846.7      936.8
2724        183     28     28     2489.9      930.3
2725        229     27     22     2525.2      931.2
2726        125     21     18     3435.8      926.2
2727        223     31     26     3595.2      932.3
2728        367     33     40     3826.0      941.8
2729        128     24     27     4499.6      933.4
2730        171     25     25       19.4      936.9
2731        103     14     22      134.4      931.6
2732        100     20     13      440.4      928.1
2733        279     18     42     1639.1      941.8
2734        193     28     20     1980.5      932.6
2735        124     17     23     2712.4      934.1
2736        130     18     21     3289.6      930.6
2737        116     20     18     4545.4      930.6
2738        168     21     28     1500.8      938.9
2739        115     23     21     1598.2      935.7
2740        440     39     45     2173.5      949.1
2741        308     24     39     2831.4      947.1
2742        218     21     32     3128.2      939.9
2743        229     26     35     3558.5      939.9
2744        263     24     28      293.4      939.2
2745        168     25     19      372.6      935.0
2746        566     55     41      853.6      949.5
2747        255     28     34     1202.6      942.5
2748        157     20     25     1387.8      937.4
2749        178     19     33     2886.9      939.6
2750        213     31     29     3774.3      943.3
2751        145     22     22     4926.0      938.1
2752        135     24     24     4984.9      936.4
2753        113     15     22       49.8      937.2
2754        593     59     43     1105.6      950.3
2755        427     45     32     1467.6      944.4
2756        158     20     25     2036.6      940.9
2757        167     18     28     2660.9      942.2
2758        101     16     15     2848.9      935.8
2759        195     27     20     3878.0      938.0
2760        129     19     21     4378.5      939.4
2761        124     20     25     5077.9      940.6
2762        119     15     31      129.1      946.2
2763        175     26     25     1255.7      941.4
2764        159     29     23     1796.3      941.2
2765        300     38     33     1906.4      943.0
2766        108     17     18     2407.8      937.5
2767        156     40     19     3410.9      937.3
2768        429     50     31     4062.8      946.7
2769        326     35     38      511.1      951.2
2770        106     22     18      716.6      938.3
2771        120     23     22     1179.2      942.1
2772        114     19     15     2384.0      938.8
2773        140     26     23     3850.8      943.0
2774        319     23     40      537.5      954.5
2775        614     44     44      805.5      955.8
2776        193     29     19     2088.0      944.6
2777       1199    100     63     2513.5      963.9
2778        493     42     40      211.0      956.3
2779        101     22     19      570.0      946.2
2780       1501     60    128      684.8      997.1
2781        322     48     29      974.0      950.0
2782        442     42     43     1215.9      955.5
2783        122     22     23     2263.3      948.1
2784        269     33     29     2911.9      947.8
2785        469     48     39     3029.9      954.6
2786        246     37     31     3100.0      948.0
2787        114     21     15     3977.8      942.6
2788        122     31     20     4148.9      945.5
2789        117     17     22      168.7      949.3
2790        105     14     17      309.9      947.9
2791        139     28     22     1524.4      951.0
2792        113     17     21     3303.4      949.8
2793        271     44     32       73.4      952.7
2794        838     72     52     1870.4      964.0
2795        324     33     34     2063.8      956.1
2796        142     13     30     3151.9      953.8
2797        278     32     24     3244.4      952.7
2798        123     21     16     3318.8      948.8
2799        206     30     25     4589.7      953.4
2800        366     30     38     4728.0      957.3
2801        250     33     25      904.5      954.0
2802        170     28     18     1589.9      952.1
2803        105     19     18     1830.1      949.8
2804        267     28     29     1974.5      957.8
2805        206     30     23     2857.8      951.3
2806        479     35     58     3657.2      968.1
2807        112     22     22     3938.9      952.3
2808        267     37     31      431.0      960.4
2809        139     21     27      459.5      955.0
2810        101     20     21     1430.6      954.0
2811        106     28     12     2563.1      948.7
2812        113     20     17     2711.2      952.1
2813        107     18     18     3336.2      952.7
2814        152     30     13     3432.4      949.6
2815        610     48     59     3732.1      971.9
2816        241     31     36     4653.9      959.7
2817        555     54     37      608.1      965.9
2818       1060     54     66     1489.9      980.3
2819        120     24     14     2325.0      953.7
2820        118     27     15     3002.8      954.0
2821        103     18     20     3529.3      954.8
2822        353     44     42     4437.4      965.2
2823        138     27     20     1014.3      958.9
2824        170     30     24     1736.1      961.1
2825        105     24     14     1995.7      953.6
2826        131     16     26     2422.5      960.1
2827        130     15     28     2641.3      964.4
2828        425     48     43     3874.8      972.6
2829        184     30     21     4002.1      956.9
2830        432     49     32     1250.9      965.8
2831        137     22     28     1377.6      964.3
2832        152     17     28     2696.2      965.4
2833        636     43     52     3403.0      975.0
2834        245     35     30     3508.6      967.2
2835        111     21     12     4706.0      955.4
2836        182     26     22     4958.3      961.9
2837        300     40     26       20.9      966.2
2838        165     24     26      714.6      966.6
2839        104     14     19     2094.7      961.7
2840        195     20     30     2252.9      966.5
2841        304     33     39     2450.0      973.5
2842        229     29     29     2666.6      969.2
2843        198     46     20     3121.1      962.5
2844        131     23     19       53.7      965.0
2845        406     41     47      320.0      975.0
2846        191     25     19      776.5      964.6
2847        156     22     19      890.9      965.0
2848        107     18     20     3275.3      964.2
2849        172     26     24     3321.4      968.6
2850        162     23     19     3434.0      962.7
2851        225     19     40     3583.4      972.9
2852        155     32     19     3849.1      965.2
2853        356     27     48     4204.6      979.6
2854        125     31     13     4234.3      960.5
2855        133     25     25     4286.7      966.9
2856        111     24     18      485.4      964.5
2857        121     17     20      568.7      965.5
2858        212     29     31     1454.7      968.6
2859        194     25     23     1525.3      966.2
2860        206     38     20     1939.5      965.1
2861        158     18     27     2188.9      971.9
2862        169     22     21     3358.2      968.5
2863        168     38     29     3444.2      971.1
2864        193     25     22     3782.4      966.9
2865        123     17     21     4369.2      966.7
2866        113     16     20     4401.5      965.3
2867        499     42     47      959.1      977.2
2868        204     21     35     1775.0      979.5
2869        363     51     33     1809.2      974.3
2870        129     18     24     2933.7      971.5
2871        813     54     65     3556.1      987.5
2872        272     49     25     4316.7      973.5
2873        105     13     25      105.1      972.3
2874        181     26     24     2303.1      972.2
2875        266     26     28     2583.6      973.6
2876        118     16     21     2781.3      969.5
2877        113     13     21     2802.3      968.9
2878        364     31     59      531.6      985.6
2879        103     17     19     2467.2      970.5
2880        116     22     19     2614.3      968.4
2881        108     18     15     3039.1      970.1
2882        979     65     56      873.7      992.4
2883        102     15     17     1178.6      973.2
2884        147     16     24     2430.6      977.4
2885        159     19     28     2757.0      975.4
2886        175     25     26     2879.0      978.3
2887        378     32     36     4049.9      980.0
2888        284     41     39      283.5      986.6
2889        730     65     46     1074.8      989.7
2890        280     32     34     1280.9      984.0
2891        115     19     16     2143.9      972.6
2892        124     19     23     2172.2      977.5
2893        226     32     27      126.5      977.7
2894        206     36     28      237.3      979.9
2895        121     28     18      399.9      978.2
2896        330     39     32     1192.1      986.4
2897        804     55     56     2216.3      994.5
2898        129     18     19     2274.7      979.6
2899        114     24     20     2622.1      979.6
2900        188     25     26     2987.8      982.7
2901        325     47     27     3158.5      979.2
2902        112     16     17     3285.8      976.4
2903        116     17     23     3915.7      979.0
2904        179     20     33     4104.6      982.9
2905        145     20     22     4582.9      980.0
2906        218     25     26      422.6      982.1
2907        144     14     26      599.6      985.0
2908        101     12     16     1426.3      977.9
2909        181     22     21     1677.4      982.8
2910        105     15     19     1720.4      977.3
2911        124     18     19     2030.1      979.8
2912        153     21     25     2745.6      984.2
2913        158     17     23     2825.3      981.8
2914        180     27     22     3349.4      980.1
2915        112     16     20     3764.1      980.1
2916        752     47     65      223.5     1004.6
2917        131     19     19     1020.5      982.0
2918        110     18     17     1112.8      979.9
2919        135     19     28     1829.6      986.2
2920        156     19     33     1905.9      987.0
2921        330     39     32     1938.2      987.6
2922        123     17     19     1981.3      981.2
2923       1024     54     88     2011.0     1015.6
2924        199     26     23     2077.1      981.8
2925        131     31     23     2725.8      982.2
2926        267     48     24     3697.7      983.9
2927        161     18     27     4348.4      986.3
2928        133     23     19     4743.9      982.9
2929        122     18     22       32.7      982.8
2930        165     32     19      469.3      986.1
2931        278     36     25      792.1      988.1
2932        298     21     52      993.6     1003.0
2933        214     34     21     1547.6      982.3
2934        698     71     60     1656.4     1003.3
2935        218     28     34     1734.8      989.9
2936        130     16     25     2640.1      988.2
2937        158     29     21     3021.7      985.3
2938        733     49     61     3116.6      999.8
2939        422     46     39     3510.2      995.3
2940        122     22     25     4802.3      985.6
2941        176     22     28       91.7      991.1
2942        140     24     29      145.5      991.5
2943        165     23     31     1689.2      993.1
2944        339     38     31     2480.7      992.1
2945        319     32     43     3801.7      997.7
2946        103     20     14     3939.7      983.8
2947        133     19     33     4308.4      991.0
2948        166     21     24     1877.4      987.3
2949        648     66     39     2121.2      993.9
2950        230     49     23     2354.0      987.8
2951        163     18     25     2675.0      989.7
2952        312     41     38     2821.2      998.9
2953        471     45     47     3304.8     1001.5
2954        115     21     16     3481.1      986.2
2955        225     28     30     3962.6      993.0
2956        306     40     24     4077.7      992.2
2957        156     29     19     4240.7      987.8
2958        114     24     16     4403.2      985.0
2959        141     18     21     4499.7      988.0
2960        112     24     16      377.2      989.5
2961        140     26     18      550.0      988.2
2962        143     17     20     1150.9      988.8
2963        220     24     36     2446.2      997.1
2964        232     29     35     2662.1      999.7
2965        181     20     27     2895.0      991.6
2966        159     22     22     3065.1      989.6
2967        107     17     24     3635.7      991.5
2968        104     16     21     4537.3      990.9
2969        719     78     50      148.9     1008.8
2970        110     18     22     1327.5      993.8
2971        132     21     18     1804.5      991.8
2972        202     23     35     2700.5      999.9
2973        167     22     29     2788.9      995.0
2974        196     36     19     3372.6      992.6
2975        104     17     24     3874.5      996.9
2976        100     13     29     4561.9      997.7
2977        744     76     36     1434.3     1002.1
2978        121     17     23     2046.0      994.8
2979        106     16     20     4016.2      992.4
2980        413     34     52     1525.2     1009.7
2981        219     33     32     1956.6     1004.5
2982        120     23     14     2022.5      993.8
2983        101     14     16     2388.0      994.8
2984        193     28     19     2570.8      995.9
2985        146     26     19     3139.4      997.2
2986        429     47     40      739.9     1008.9
2987        133     24     17     1547.5      994.7
2988        106     20     11     1963.3      993.3
2989        452     57     41     2268.1     1008.0
2990       1479     93     79     3283.1     1031.5
2991        371     50     30     4747.6     1003.5
2992        110     20     15      447.5      997.9
2993        112     17     21      493.8     1002.6
2994        389     44     28     1853.5     1002.0
2995        137     14     31     2366.7     1006.9
2996        102     16     20     2429.8     1000.8
2997        100     18     19     2543.8     1000.4
2998        187     33     25     2865.7      999.5
2999        108     15     26     4266.7     1003.1
3000        246     24     39     4450.0     1011.2
3001        195     33     27      432.8     1004.6
3002        130     25     18      512.8     1000.6
3003        128     21     23     1305.9     1005.4
3004        151     19     23     2763.4     1002.6
3005        151     24     21     3462.3     1001.1
3006        494     57     44     3595.0     1009.8
3007        161     23     22      471.2     1006.0
3008        116     22     22      582.0     1004.2
3009        126     26     16     3081.0     1002.4
3010        233     25     42     3473.3     1015.9
3011        112     15     22     3641.5     1004.3
3012        102     18     16     4038.4     1000.6
3013        224     38     38     4101.6     1016.6
3014        150     21     23     4424.9     1004.1
3015        118     27     12     4690.1     1000.0
3016        100     15     17      603.0     1002.9
3017        192     25     26     1880.8     1011.6
3018        352     38     43     2942.0     1017.5
3019        151     28     17     3699.6     1003.7
3020        139     19     24     4169.5     1005.2
3021        270     40     27     4200.0     1010.8
3022        110     12     19     4575.4     1005.7
3023        150     17     27     4992.6     1009.1
3024        146     25     19       93.7     1008.7
3025        404     29     45      800.9     1021.2
3026        275     26     35     1112.4     1016.2
3027        444     47     29     1251.7     1011.8
3028        107     18     17     1794.9     1005.8
3029        284     27     42     1808.4     1019.5
3030        272     33     27     2181.5     1012.6
3031        202     35     24     2242.6     1010.1
3032        210     33     22     2733.5     1009.8
3033        235     29     33     3365.5     1015.8
3034        360     37     45     3442.4     1022.7
3035        273     43     19     3738.6     1008.3
3036        259     44     26     4594.5     1009.9
3037        121     11     28     4666.3     1010.1
3038        178     23     28      346.3     1013.5
3039        125     22     18      949.4     1006.5
3040        168     22     22     1169.6     1009.4
3041        118     27     11     1705.6     1005.8
3042        262     31     30     2079.2     1014.0
3043        119     15     27     2562.6     1011.3
3044        339     38     55     2700.7     1027.1
3045        307     33     34     3171.8     1015.6
3046        103     20     17     3220.3     1010.1
3047        336     27     42     3235.5     1021.6
3048        123     22     20     3385.1     1008.0
3049        102     13     20     3425.7     1011.9
3050        243     28     30     3913.7     1013.6
3051        146     18     29     4467.0     1015.3
3052        492     34     49     1328.7     1029.9
3053        113     18     17     1373.7     1008.4
3054       1310     84     65     2477.2     1040.6
3055        325     39     26     2506.6     1016.4
3056        123     23     17     2650.6     1010.1
3057        967     65     82     4040.0     1039.6
3058        121     30     15       25.0     1012.0
3059        134     24     15      970.6     1011.5
3060        110     18     17     1139.2     1012.7
3061        318     44     29     1572.3     1019.9
3062        101     17     20     1606.3     1015.5
3063        389     35     33     1768.8     1019.2
3064        478     36     52     2610.4     1030.3
3065        131     18     19     3191.3     1013.5
3066       1062     64     72     3627.2     1042.6
3067        102     12     19     1062.5     1015.1
3068        241     29     21     1202.4     1018.0
3069        153     25     24     1741.8     1016.6
3070        687     54     52     2324.8     1034.1
3071        141     27     17     2620.3     1013.6
3072        123     19     31     2975.0     1022.1
3073        133     25     16     3870.3     1013.6
3074        133     20     18     3977.1     1013.2
3075        125     25     17     4843.6     1013.7
3076        493     53     42      188.0     1030.1
3077        394     33     41      878.0     1025.8
3078        152     21     30     1686.9     1024.9
3079        223     29     49     2114.3     1030.4
3080        188     28     20     2388.5     1016.8
3081        817     39     75     3017.2     1048.3
3082        113     16     23     1351.9     1021.0
3083        132     21     16     2102.3     1018.0
3084        118     28     15     2888.7     1015.9
3085        139     26     25     2994.4     1023.1
3086        105     13     19     3066.1     1020.2
3087        291     36     28     3685.4     1026.8
3088        114     26     20     4553.1     1019.0
3089        124     20     20     4636.2     1018.4
3090        252     25     30      304.8     1027.8
3091        314     37     26     1294.4     1023.8
3092        117     29     17     1463.4     1021.4
3093        494     45     33     1630.3     1029.2
3094        108     18     26     1923.3     1028.3
3095        125     23     19     2352.1     1021.1
3096        119     18     20     4438.4     1021.9
3097        100     14     17     4896.3     1020.4
3098        108     17     24      487.0     1025.8
3099        453     55     41      568.3     1031.1
3100        219     27     23      708.2     1026.5
3101        166     27     25     1177.3     1027.0
3102        274     44     31     2051.1     1031.8
3103        108     23     18     2650.8     1022.1
3104        566     67     38     2788.7     1031.8
3105        159     20     25     3039.4     1024.4
3106        100     15     19     3144.6     1021.2
3107        149     32     26     3495.9     1027.7
3108        178     30     20     3762.4     1023.6
3109        268     27     49     3886.9     1036.9
3110        189     24     27     4128.0     1027.7
3111        149     21     25      275.4     1029.8
3112        102     17     18      538.8     1025.3
3113        125     20     21     1732.7     1027.1
3114        140     20     21     2547.8     1027.1
3115        102     22     15     2571.5     1021.9
3116        107     29     14     2751.6     1023.3
3117        407     41     41     3402.0     1031.7
3118        277     34     33     3527.4     1029.3
3119        139     24     18     3860.5     1024.8
3120        101     17     22     4589.8     1029.2
3121        115     20     27     4936.1     1028.9
3122        195     28     29     5288.3     1031.6
3123        144     22     21       87.1     1026.8
3124        109     15     21      836.4     1028.8
3125        101     23     15     1478.1     1027.0
3126        144     21     21     2849.5     1030.4
3127        101     21     16     4260.8     1025.4
3128        229     23     34     4343.7     1033.2
3129        110     24     20     4864.9     1027.3
3130        321     25     41       68.7     1037.7
3131        130     23     23     1128.4     1031.2
3132        112     18     17     1989.3     1027.9
3133        129     20     28     2215.3     1036.8
3134        270     26     34     2429.8     1034.2
3135        166     15     31     3570.9     1036.3
3136        198     18     38     3926.8     1039.4
3137        163     18     28     4106.3     1034.9
3138        158     17     25     4307.8     1032.2
3139        109     20     21     4706.3     1032.0
3140        117     14     25     4741.7     1033.3
3141        213     29     34      630.6     1038.4
3142        455     49     43      703.5     1044.1
3143        507     44     62     2388.3     1056.0
3144        272     23     40     2982.9     1042.5
3145        547     40     44     3118.3     1044.5
3146        240     30     27     3193.4     1035.4
3147        301     32     34     3728.6     1036.2
3148        138     14     29     3831.2     1035.3
3149        221     23     35     4146.7     1037.5
3150        110     26     22      250.3     1035.9
3151        190     25     25      337.4     1036.3
3152        162     26     16      939.1     1031.9
3153        263     37     25     1363.6     1038.9
3154        328     39     43     1384.2     1044.4
3155        612     66     49     2282.2     1049.5
3156        686     59     66     2918.7     1047.5
3157        126     21     17     4384.2     1032.2
3158        156     26     22     4611.4     1033.0
3159        197     25     32     1096.7     1040.3
3160        201     29     29     1513.5     1042.9
3161        148     22     18     1546.2     1033.2
3162        316     34     31     1572.5     1040.8
3163        108     19     20     1664.9     1035.6
3164        101     14     21     2709.9     1035.7
3165        734     50     65     2806.5     1055.3
3166        262     30     32     4281.7     1040.6
3167        165     19     35     5028.7     1042.5
3168        480     50     50      113.7     1052.7
3169        120     21     19      153.8     1035.4
3170        255     34     24      913.3     1040.5
3171        130     25     25     2580.2     1040.4
3172        259     38     40     3954.2     1048.3
3173        168     42     20     4543.5     1037.9
3174        359     46     36     1168.1     1048.0
3175        128     21     20     1794.1     1038.3
3176        108     18     18     3544.4     1040.6
3177        112     26     22     4407.9     1041.6
3178        197     23     24     1436.3     1044.4
3179        627     50     50     2544.8     1059.9
3180        203     31     26     2748.1     1045.7
3181        288     47     28     2863.0     1046.3
3182        221     30     36     4329.4     1052.0
3183        101     26     16       40.5     1041.9
3184        516     40     55      323.8     1063.0
3185        208     44     23      527.1     1042.5
3186        551     42     56      956.7     1061.4
3187        363     35     35     1277.8     1051.2
3188        608     65     32     1711.3     1051.3
3189        231     23     27     1934.2     1047.1
3190        104      9     28     3145.4     1048.8
3191        349     30     39     3990.6     1053.0
3192        102     18     13     4653.4     1041.0
3193        120     19     20      310.3     1045.5
3194        224     23     26      772.1     1049.1
3195        103     26     19     1135.9     1046.5
3196        105     21     17     1418.1     1043.8
3197        677     71     70     1988.4     1070.9
3198        146     24     22     2091.5     1046.4
3199        166     35     17     3086.0     1044.6
3200        459     27     50     3157.6     1061.8
3201        110     19     15     3377.4     1045.3
3202        139     16     28     4696.0     1050.0
3203        204     23     30     4775.8     1051.6
3204        314     46     36      154.7     1056.0
3205        168     25     20      412.6     1049.2
3206        100     15     20      650.5     1045.6
3207        128     20     18     1984.6     1045.6
3208        381     51     31     2040.8     1052.1
3209        436     31     42     2661.4     1061.4
3210        114     12     23     3172.9     1049.0
3211        197     34     19     3766.3     1046.4
3212        136     23     18     4096.0     1048.4
3213        132     27     23     4377.6     1051.2
3214        126     19     21     4465.9     1049.1
3215        205     24     27      207.2     1053.4
3216        276     35     30      440.6     1057.7
3217        435     47     29      807.2     1055.2
3218        249     32     26     1044.4     1053.5
3219        110     23     14     1774.2     1047.1
3220        189     22     30     2941.0     1053.2
3221        149     24     26     3689.4     1053.2
3222        102     18     13     1210.5     1048.4
3223        122     22     15     1655.7     1049.0
3224        341     39     54     2074.7     1072.8
3225        122     21     16     2417.3     1050.1
3226        396     48     34     2838.7     1062.6
3227        435     55     30     3466.2     1056.1
3228        256     27     44     3666.1     1063.2
3229        132     16     27     2599.0     1055.8
3230        594     66     79     2725.9     1086.1
3231        149     34     17     4067.9     1053.4
3232        275     31     35     4250.2     1060.1
3233        149     20     21       25.4     1056.3
3234        250     27     30      501.2     1062.1
3235        165     28     20     1408.8     1057.8
3236        247     39     28     1559.2     1056.5
3237        132     16     26     2079.4     1058.9
3238        237     30     27     2993.2     1060.8
3239        426     59     35     3065.3     1064.4
3240        166     19     21     3196.5     1055.6
3241        103     16     19     3913.5     1056.6
3242        107     18     23     5285.0     1059.3
3243        107     19     15       86.0     1055.9
3244        680     43     68      240.1     1083.8
3245        128     25     15      278.8     1056.2
3246        429     40     31      391.0     1063.5
3247        420     38     37     1886.9     1065.9
3248        381     31     35     2166.6     1064.4
3249        742     53     65     3516.4     1076.8
3250        386     26     49      549.7     1075.2
3251        127     24     21      596.5     1060.0
3252        198     29     28      906.2     1061.7
3253        223     17     34     1195.7     1067.1
3254        164     24     19     1634.5     1058.7
3255        156     21     26     2640.7     1061.4
3256        118     17     27     4801.9     1065.7
3257        129     21     29     4988.3     1063.6
3258        176     22     29      720.6     1066.3
3259        207     27     22      860.7     1063.3
3260        125     14     22     1790.7     1062.6
3261        116     23     17     2121.5     1060.4
3262        197     26     30     2901.5     1068.7
3263        105     19     15     4434.9     1057.8
3264        225     32     44     4857.5     1073.5
3265        284     34     36       56.8     1074.7
3266        597     48     55     1085.6     1085.7
3267        181     28     25     1294.8     1068.5
3268        193     21     31     1605.0     1068.5
3269        122     14     22     1960.1     1066.2
3270        694     63     45     3248.1     1075.4
3271        224     18     40     4303.0     1074.2
3272        120     17     20      459.8     1067.1
3273        130     24     21      533.0     1066.1
3274        104     20     17      978.6     1064.4
3275        211     28     26     1135.4     1069.4
3276        169     27     29     1229.6     1074.0
3277        104     18     14     1588.9     1062.2
3278        242     23     33     2314.4     1071.3
3279        106     16     27     2342.6     1067.8
3280        256     27     24     2618.7     1067.0
3281        243     20     29     3096.9     1070.5
3282        206     38     22     3813.6     1066.3
3283        378     48     37     4118.9     1076.2
3284        617     46     41      620.9     1078.3
3285        213     19     33      887.6     1072.5
3286        241     26     48     2100.3     1085.3
3287        419     35     39     2488.0     1074.6
3288        240     26     36     2688.9     1076.7
3289        205     27     30     3314.0     1069.1
3290        273     30     41     3690.8     1082.0
3291        349     44     44     1802.1     1080.4
3292        166     25     20     2205.0     1070.2
3293        300     32     40     2398.8     1081.9
3294        101     18     24     2735.5     1070.8
3295        512     41     53     3183.8     1085.7
3296        135     19     17     3353.3     1067.2
3297        339     35     41     4516.7     1079.7
3298        115     17     17     4609.7     1067.4
3299        143     24     18     4879.3     1070.0
3300        110     13     28      806.3     1072.4
3301        113     22     16     1022.8     1071.2
3302        233     31     23     1316.1     1074.5
3303        356     28     59     2136.5     1090.9
3304        204     25     28     3367.2     1076.6
3305        114     17     26     4323.2     1075.2
3306        426     47     36     4418.2     1078.6
3307        106     15     22       23.9     1074.0
3308        601     58     42      463.2     1086.6
3309        237     29     30      766.2     1078.8
3310        119     12     27     1756.1     1077.8
3311        293     21     35     2023.6     1082.0
3312       1199     63     65     2603.7     1101.0
3313        108     18     17     3399.7     1072.0
3314        125     22     22     3981.3     1076.5
3315        898     67     67     4241.8     1100.7
3316        218     24     27     4487.7     1078.9
3317        105     17     22      368.8     1076.3
3318        241     43     38      916.9     1085.0
3319        160     28     21     1934.6     1077.4
3320        160     23     19     3427.1     1075.1
3321        423     33     44     3470.3     1089.4
3322        406     47     38     3545.1     1084.8
3323        117     19     23     4190.8     1079.6
3324        653     42     77      176.6     1101.8
3325        114     14     17     1348.1     1077.6
3326        142     20     20     1652.1     1076.7
3327        141     20     21     2118.2     1078.5
3328        128     22     15     2245.9     1076.3
3329        102     19     13     3292.9     1074.0
3330        346     30     42     3905.5     1086.9
3331        424     46     40     4002.3     1090.3
3332        133     21     21      198.6     1080.6
3333        736     67     52      373.5     1097.4
3334        329     58     21      662.5     1078.3
3335        172     27     22     1512.4     1079.9
3336        334     32     52     1625.8     1098.1
3337        204     21     24     1837.3     1083.3
3338        110     18     21     2229.4     1081.4
3339        107     17     17     2750.9     1079.4
3340        420     36     36     2974.4     1084.9
3341        172     19     37     3330.0     1087.6
3342        330     36     36     3575.6     1086.9
3343        154     33     20     3826.9     1078.9
3344        323     44     31     3960.8     1084.8
3345        174     21     31     4380.9     1084.8
3346        110     23     21     4569.4     1081.7
3347        107     34     16     4656.3     1078.1
3348        214     32     25      117.0     1083.8
3349        265     37     29      427.2     1086.4
3350        141     24     20      846.4     1080.4
3351        346     27     39     1560.7     1092.3
3352        141     22     20     2260.6     1081.5
3353        168     17     29     3637.8     1085.7
3354        121     13     29     4786.2     1087.7
3355        138     28     21       94.3     1085.5
3356        226     22     42      970.4     1096.4
3357       1190     63     58     2183.0     1104.2
3358        251     28     28     1052.5     1087.9
3359        282     40     37     2354.5     1094.9
3360        195     34     20     3870.3     1086.6
3361        125     23     20     4052.1     1088.7
3362        156     28     18     4080.7     1086.6
3363        744     71     71      488.7     1112.6
3364        436     45     32     1306.3     1095.9
3365        219     24     28     1698.3     1092.3
3366        100     14     23     1742.7     1086.6
3367        157     24     22     1877.6     1088.3
3368        102     22     21     1930.1     1088.8
3369        112     16     24     2545.2     1091.8
3370        163     20     23     3113.6     1089.3
3371        105     20     16     3133.7     1086.2
3372        169     21     29     2799.0     1092.6
3373        351     28     47     2850.0     1104.4
3374        354     31     40     2939.5     1099.1
3375        156     28     28     3237.6     1095.9
3376        138     28     14     3839.2     1088.2
3377        108     25     14     3928.5     1085.5
3378        239     37     27      208.3     1098.3
3379        144     30     17      270.9     1090.9
3380        361     41     28     1174.0     1093.8
3381        127     16     26     1351.7     1094.0
3382        269     41     22     1468.0     1091.1
3383        138     24     16     1590.6     1089.9
3384        101     21     14     2302.6     1089.7
3385        216     28     32     3075.6     1097.4
3386        184     21     21     4154.1     1093.4
3387        374     48     56     4531.8     1110.3
3388        100     21     13     4620.0     1087.3
3389        106     17     20     4818.9     1093.4
3390        273     32     25      843.1     1097.4
3391        540     64     48     1503.0     1104.1
3392        432     36     42     1767.1     1105.6
3393        184     17     36     2418.9     1102.5
3394        140     12     34     2437.0     1099.8
3395        337     35     40     3212.1     1104.9
3396        388     41     31     3618.9     1099.2
3397        137     17     27     3777.5     1096.8
3398        186     24     29     4328.0     1096.5
3399        589     43     50       46.8     1109.2
3400        254     35     35      597.4     1103.6
3401        664     47     50      702.7     1108.8
3402        100     14     18     1124.8     1095.3
3403        141     15     31     4708.4     1100.4
3404        130     20     22      811.1     1097.6
3405        701     75     53     2324.4     1117.0
3406        140     23     25     2457.3     1101.8
3407        581     40     53     2706.1     1115.8
3408        380     33     41     2771.9     1111.2
3409        277     32     30     3036.0     1102.6
3410        227     25     29     4348.7     1103.0
3411        314     41     39     4458.3     1107.9
3412        132     33     16     4613.5     1096.6
3413        711     53     68      934.9     1122.7
3414        238     36     26     1666.0     1103.1
3415        101     17     19     2577.1     1098.8
3416        210     26     26     4392.3     1102.5
3417        117     22     17     4746.7     1097.7
3418        137     26     16      415.5     1100.3
3419        255     36     30     1730.0     1104.5
3420       1181     84     67     2047.3     1127.3
3421        108     23     16     2056.7     1100.2
3422        198     27     23     4580.4     1101.9
3423        165     28     23     1014.1     1107.1
3424        130     28     17     1150.6     1101.5
3425        171     26     26     1190.3     1105.2
3426        264     31     45     1276.2     1122.4
3427        248     35     31     1645.4     1112.2
3428       1342     92     69     2996.6     1122.6
3429        158     31     25     3263.8     1104.3
3430        397     40     59     3836.4     1123.9
3431        274     36     37     1232.1     1115.6
3432        240     20     33     3339.8     1110.9
3433        250     37     46     3587.2     1122.4
3434        102     17     18     3591.4     1105.2
3435        107     18     15     3827.2     1103.7
3436        184     32     24     4155.5     1108.6
3437        214     22     31     4293.4     1111.8
3438        284     23     45     4733.6     1115.7
3439        173     18     34      512.1     1116.6
3440        185     16     43      814.7     1117.7
3441        130     17     27     1911.5     1111.8
3442        307     37     28     2526.0     1110.1
3443        256     21     29     2679.6     1112.8
3444        210     32     24     2824.2     1113.0
3445        234     26     26     3357.8     1110.7
3446        810     55     56     3390.3     1124.4
3447        144     19     25     4048.2     1108.2
3448        455     59     24      630.7     1113.4
3449        131     14     25      666.8     1111.3
3450        234     27     44      900.3     1122.5
3451        240     26     30     1045.5     1116.7
3452        116     17     20     1117.8     1111.8
3453        135     32     13     1682.9     1105.6
3454        115     16     15     1710.3     1108.1
3455        583     34     63     2233.2     1127.7
3456        194     30     25       78.4     1114.2
3457        226     37     22      757.9     1113.9
3458        155     25     23     1549.2     1116.4
3459        549     41     57     1920.2     1129.9
3460        309     35     32     2250.9     1120.1
3461        148     21     23     2497.5     1115.8
3462        213     28     35      139.3     1125.0
3463        176     23     27     1153.5     1117.2
3464        128     25     17     1212.2     1112.7
3465        368     41     43     1394.3     1124.6
3466        620     53     58     1880.9     1126.3
3467        153     17     29     3076.7     1117.7
3468        205     30     26     3107.7     1119.5
3469        808     66     54     3246.0     1131.4
3470        184     28     28     3539.9     1119.2
3471        193     22     27     4003.4     1118.4
3472        227     26     38     4026.3     1124.2
3473        126     15     23     4174.6     1113.6
3474        110     18     14     4542.8     1111.9
3475        127     20     20        7.3     1113.3
3476        257     30     36      426.1     1122.0
3477        230     36     27     1346.0     1118.2
3478        224     31     27      106.6     1121.9
3479        122     19     22      130.5     1118.0
3480        219     34     31      311.9     1124.7
3481        137     22     20      682.1     1119.5
3482        105     18     22      874.9     1117.3
3483        322     42     29     1473.9     1125.2
3484        161     16     25     3435.2     1121.8
3485        172     26     19     4386.9     1119.8
3486        174     26     25     4813.0     1120.9
3487        109     27     20     5251.0     1117.5
3488        418     35     71     1001.7     1146.3
3489        144     21     21     1723.2     1121.2
3490        386     45     36     1824.6     1126.1
3491       1042     67     51     3150.6     1135.6
3492        225     30     32     3920.6     1129.0
3493        652     62     46     4099.3     1134.1
3494        103     15     19       16.6     1122.5
3495        229     22     29      248.0     1126.9
3496        103     19     18     1090.4     1121.2
3497        152     26     19     3300.7     1122.1
3498       1097     63     62     3498.8     1142.0
3499        342     33     52     4433.4     1142.5
3500        435     41     42     4686.1     1131.3
3501        142     24     20      563.0     1123.8
3502        185     24     24     1301.0     1126.7
3503        224     26     31     2481.7     1129.4
3504        820     62     58     2900.4     1145.5
3505        126     19     31     3185.6     1129.8
3506        293     26     37     3647.0     1130.4
3507        134     21     18     3867.1     1125.1
3508        264     33     37     3971.2     1131.4
3509        299     38     24     4319.8     1125.8
3510        141     21     21     1633.7     1127.5
3511        358     29     35     2387.3     1135.0
3512        191     32     17     3054.9     1124.4
3513        224     40     36     4627.1     1134.9
3514        225     31     20      791.9     1127.5
3515        168     22     24     1105.8     1129.4
3516        368     29     41     1172.5     1137.5
3517        142     25     20     1434.1     1127.1
3518        343     34     38     1790.7     1136.1
3519        124     21     17     2006.5     1126.0
3520        372     43     45     2751.9     1142.4
3521        175     26     22     2872.1     1128.5
3522        262     36     43     3102.1     1139.9
3523        266     32     37     3717.9     1139.7
3524        141     17     23     4040.2     1129.3
3525        118     24     19     5036.4     1126.9
3526        389     60     46      226.9     1143.7
3527        690     59     68     1712.0     1155.0
3528        330     44     24     2655.5     1134.3
3529        151     18     24     2956.8     1134.2
3530        190     21     29     3465.6     1132.2
3531        151     23     14     3566.3     1128.2
3532        221     32     20     3896.5     1128.6
3533        104     16     19     4056.5     1128.7
3534        175     19     25      165.2     1132.5
3535        125     20     23      367.0     1133.0
3536        172     25     26      393.0     1131.3
3537        673     57     53      524.3     1150.7
3538        178     28     20      754.0     1131.8
3539        646     51     54     1976.4     1151.3
3540        349     35     34     2814.6     1139.4
3541        204     20     34     4658.0     1139.2
3542        151     23     17     2428.7     1132.8
3543        121     26     19     2602.1     1131.7
3544        107     22     16      674.9     1134.7
3545        587     61     60      937.8     1159.9
3546        159     30     18     1064.6     1135.1
3547       1015     56     74     2124.9     1157.8
3548        114     23     22     4180.2     1136.8
3549        128     26     18     4371.8     1134.5
3550        101     20     15     4722.4     1132.7
3551        314     38     27      643.2     1140.5
3552        265     32     34      704.1     1148.8
3553        341     22     54     1195.3     1155.1
3554        189     21     34     1463.2     1146.0
3555        562     40     50     1847.1     1149.3
3556        888     84     43     2180.8     1146.0
3557        118     17     17     2278.7     1136.6
3558        139     17     24     2403.8     1139.6
3559        255     27     34     2537.5     1143.6
3560        244     23     33     2840.0     1142.8
3561        115     25     14     3436.1     1136.0
3562        525     50     44     4478.0     1150.6
3563        108     20     20     4762.7     1138.6
3564        133     22     20        9.4     1139.1
3565        185     23     27      441.3     1145.0
3566        155     23     19     1324.5     1140.3
3567        164     26     24     1497.5     1142.9
3568        209     34     21     1945.4     1140.2
3569        502     34     60     2265.5     1159.4
3570        695     57     55     2601.7     1154.1
3571        109     13     18     3230.7     1138.3
3572        442     50     32     3680.8     1145.0
3573        263     31     23     3874.7     1140.8
3574        140     20     22     4199.1     1142.0
3575        218     25     24     4812.0     1142.5
3576        171     27     17     1247.1     1140.5
3577        112     19     20     1397.2     1141.3
3578        163     21     21     1668.1     1142.3
3579        210     32     23     1767.6     1145.4
3580        131     20     21     2005.1     1140.7
3581        126     19     24     2333.1     1144.0
3582        167     22     19     2772.6     1141.2
3583        238     30     28     3539.5     1145.7
3584        145     20     23     3807.0     1144.2
3585        190     23     30       91.5     1150.6
3586        116     16     18      871.4     1143.9
3587        297     34     31     1516.7     1151.3
3588        308     37     28     1608.4     1146.7
3589        169     23     25     2353.4     1148.6
3590        400     41     44     3991.6     1159.9
3591        226     30     26     4226.7     1145.6
3592        434     38     37     4391.1     1149.7
3593        101     19     15      258.0     1142.4
3594        103     16     18      606.1     1143.5
3595        127     19     18      720.4     1144.4
3596        488     52     57     1108.8     1167.1
3597        112     14     26     1584.5     1147.8
3598        722     60     49     2489.1     1160.2
3599        116     18     19     3088.2     1147.2
3600        360     27     34     3194.6     1152.8
3601        139     20     18     3561.7     1144.3
3602        102     15     17     3907.4     1144.8
3603        120     27     17     4146.7     1144.9
3604        126     22     31     4906.4     1152.5
3605        469     49     42      858.2     1158.7
3606        270     27     33     2703.1     1150.4
3607        144     26     18     3936.1     1147.9
3608        128     19     17     4035.8     1146.6
3609        153     18     22     4289.9     1148.5
3610        206     24     25      136.2     1152.9
3611        275     29     28     2724.0     1154.0
3612        337     45     37     3312.8     1154.5
3613        154     29     19     3354.4     1148.9
3614        143     26     21     3600.1     1151.3
3615        113     23     17       50.7     1150.0
3616        228     24     35     1316.8     1162.6
3617        267     27     35     2630.0     1162.4
3618        400     47     33     3437.5     1156.0
3619        624     42     47     3627.5     1165.5
3620        581     51     40     3770.7     1161.2
3621        192     22     24     4349.4     1154.3
3622        496     63     38     4585.7     1162.9
3623        143     19     23     4894.6     1152.0
3624        635     54     51     1029.6     1165.6
3625        242     27     45     2862.6     1164.3
3626        418     36     39     2949.9     1162.7
3627        228     23     30     4020.5     1160.2
3628        414     38     41     4081.0     1162.8
3629        176     25     28      313.2     1161.5
3630        164     23     25      463.3     1157.5
3631        124     22     12      677.8     1151.5
3632        223     26     27      822.3     1158.8
3633        326     36     44     1074.6     1165.2
3634        140     20     29     1294.2     1160.1
3635       1121     65    124     1835.8     1204.5
3636        192     24     23     2784.8     1156.1
3637       1612    113     68     3281.1     1182.3
3638        491     43     47     3403.3     1170.9
3639        220     27     27     3880.3     1160.0
3640        290     27     35     4627.9     1164.5
3641        112     19     20      188.8     1157.6
3642        394     31     41      393.0     1166.5
3643        118     21     19      579.0     1157.7
3644        178     21     35      737.3     1165.8
3645        260     24     31     2527.2     1165.1
3646        410     27     56     2664.5     1177.0
3647        186     28     21     3379.9     1159.7
3648        297     28     39     3951.4     1168.6
3649        159     30     20     4254.7     1156.8
3650        184     26     23     4498.3     1158.5
3651        207     26     24      766.5     1165.0
3652        159     23     22      975.8     1161.6
3653        147     21     26     1095.0     1162.1
3654        129     19     19     1782.0     1160.3
3655        225     35     22     3003.5     1161.9
3656        270     32     40     3548.0     1170.6
3657        677     50     42     3837.5     1169.3
3658        309     44     20     4174.5     1159.4
3659        191     27     19     4537.2     1159.9
3660        131     13     29     4754.2     1162.8
3661        139     20     25      366.2     1164.6
3662        347     26     50      643.4     1178.0
3663        914     69     41     2825.8     1171.7
3664        972     59     97     3791.0     1203.9
3665        214     21     37     4415.4     1171.5
3666        100     21     17     4668.3     1160.9
3667        101     21     20      217.3     1163.8
3668        163     18     23      957.2     1164.5
3669        343     37     50     1612.7     1179.7
3670        110     21     15     1640.8     1160.4
3671        216     33     21     1913.8     1165.6
3672        187     21     32     2452.5     1172.8
3673        189     21     29     3140.8     1166.8
3674        645     49     68     3352.6     1194.3
3675        567     44     51     4126.1     1180.5
3676        174     20     23      672.5     1168.3
3677        479     46     38     1170.4     1174.6
3678        111     24     16     2081.3     1163.6
3679        148     20     22     3568.2     1164.6
3680        130     19     26     3909.8     1170.6
3681        164     20     27     4362.7     1170.1
3682        114     22     20     4816.4     1165.3
3683        129     18     27       20.7     1173.8
3684        350     44     37       66.6     1178.2
3685        146     23     19     1215.5     1168.6
3686        237     33     26     1272.5     1169.2
3687        189     35     24     1350.4     1169.4
3688        122     22     23     2002.4     1169.7
3689        962     54     69     2041.9     1192.3
3690        181     23     31     2647.9     1171.4
3691        187     31     21     3117.7     1169.6
3692        106     20     16     1602.7     1167.6
3693        397     39     43     2431.8     1183.1
3694        267     29     30     4216.0     1176.3
3695        185     23     31     4337.5     1174.9
3696        291     40     40     4689.3     1179.0
3697        136     26     18      608.9     1171.4
3698        217     22     31     1504.5     1175.6
3699        443     50     46     1532.5     1181.2
3700        102     19     17     1575.1     1170.1
3701        313     29     33     3162.4     1179.2
3702        141     24     20     3209.0     1172.3
3703        187     24     21     3342.4     1173.3
3704        493     66     41     3689.9     1183.6
3705        120     20     15     4039.5     1169.6
3706        610     63     48     4809.1     1188.5
3707        104     19     19     5038.8     1170.9
3708        170     20     24      340.4     1175.5
3709        119     20     17     1796.8     1173.2
3710        135     29     17     2188.5     1172.6
3711        119     21     17     2296.2     1171.9
3712        224     26     32     2327.8     1182.4
3713        127     18     18     2736.0     1172.8
3714        111     21     15     4243.8     1170.6
3715        173     32     19     4293.4     1173.8
3716        108     26     15     5080.6     1172.8
3717        138     22     17      285.0     1175.5
3718        166     34     26      476.8     1176.4
3719        222     31     27     1979.6     1177.5
3720        176     24     29     2470.6     1179.8
3721        465     51     32     3076.4     1181.2
3722        162     20     25     3466.0     1177.9
3723        229     29     32     3738.5     1181.2
3724        164     26     27     4316.9     1180.1
3725        551     46     58     4387.3     1192.9
3726        244     32     22     4541.1     1175.9
3727        102     15     17      406.4     1177.6
3728        195     27     27     1665.9     1180.3
3729        158     30     24     1851.4     1178.6
3730        112     21     16     2107.6     1174.1
3731        129     24     12     3506.5     1173.1
3732        174     28     26     3768.5     1181.8
3733        102     29     15     4444.0     1174.0
3734        404     22     46      225.7     1192.8
3735        218     24     30      322.0     1186.6
3736        213     32     16      580.7     1177.4
3737        291     26     40     1948.2     1193.3
3738        102     28     10     2693.5     1176.1
3739       1421     89     77     2925.2     1201.4
3740        156     24     18     2994.6     1179.8
3741        131     23     22     3876.7     1178.2
3742        187     27     20      424.4     1180.8
3743        150     20     20      494.8     1183.7
3744        156     29     20      781.2     1184.3
3745        342     47     44      905.0     1193.7
3746        472     55     44     1129.2     1193.6
3747        130     26     19     1258.4     1182.0
3748        127     21     24     1287.6     1183.7
3749        331     38     30     1481.1     1186.3
3750        388     38     43     1633.6     1192.1
3751        159     22     23     1717.4     1181.9
3752        102     17     21     2206.4     1181.7
3753        121     19     15     3191.6     1178.0
3754        220     26     26     4166.2     1182.8
3755        237     23     46      208.3     1193.2
3756        126     22     23      976.1     1184.5
3757        153     30     13     1434.0     1180.4
3758        108     14     22     2253.5     1185.0
3759        179     25     21     2618.7     1185.6
3760        156     18     20     3557.2     1184.5
3761        131     25     19     3596.4     1182.1
3762        627     40     61     4477.9     1202.4
3763        134     22     19     4720.9     1184.0
3764        217     22     35     4763.0     1192.8
3765        228     26     23      752.1     1189.1
3766        408     41     32      819.6     1191.6
3767        260     34     30     1873.3     1190.3
3768        132     20     22     2301.1     1186.0
3769        124     15     22     2675.4     1186.8
3770        108     21     16     3516.8     1182.8
3771        265     43     42     3567.0     1196.9
3772        109     19     23     4031.8     1188.4
3773        113     18     15     4240.1     1183.3
3774        117     17     22     4499.0     1185.1
3775        163     27     18     4521.7     1185.5
3776        196     20     26      113.6     1191.1
3777        169     19     20     1218.7     1186.5
3778        116     26     20     2367.4     1185.2
3779        150     24     18     3611.5     1185.9
3780        323     44     38     3885.0     1199.7
3781        121     19     18     4564.3     1186.2
3782        105     19     22     4847.4     1187.4
3783        206     25     28      131.0     1195.0
3784        171     22     22      375.9     1190.9
3785        158     27     25      484.7     1194.6
3786        125     25     16      524.2     1187.4
3787        155     15     26     2113.4     1190.5
3788        109     14     27     2740.7     1195.2
3789        101     16     18     4046.7     1188.9
3790        118     16     19     4627.1     1189.4
3791        127     21     19     4991.8     1191.3
3792        190     36     19       25.9     1190.3
3793        646     48     59     1375.4     1210.5
3794        133     18     30     1393.8     1196.1
3795        555     47     37     1563.3     1198.5
3796        116     27     11     1778.9     1187.6
3797        173     31     22     1913.2     1193.7
3798        591     50     53     2095.3     1209.8
3799        289     36     36     2502.3     1201.5
3800        307     27     27     2692.0     1194.1
3801        153     21     19     2817.2     1192.4
3802        174     22     23     3008.4     1192.8
3803        150     17     32     3913.8     1197.9
3804        147     23     19     4596.2     1190.5
3805        149     19     26       54.8     1193.9
3806        107     14     21      560.9     1192.8
3807        231     27     38     1424.3     1202.2
3808        453     38     45     2278.5     1206.9
3809        278     33     32     2543.6     1204.3
3810        154     25     21     3140.6     1194.8
3811        125     19     19     3864.0     1193.0
3812        290     49     20     4286.9     1193.9
3813        101     23     13     4927.5     1190.2
3814        315     51     27      173.0     1195.9
3815        328     33     36      252.0     1202.9
3816        115     25     19      620.1     1195.1
3817        150     18     22     1198.5     1197.5
3818       1106     43     93     1342.4     1234.9
3819        105     19     16     2594.7     1194.4
3820        125     22     26     3111.1     1197.4
3821        111     17     16     4011.9     1194.1
3822        107     20     14     4366.3     1194.5
3823        601     40     52      718.0     1213.9
3824        196     21     23      795.0     1199.8
3825        323     41     31     1254.8     1203.2
3826        202     28     29     1964.4     1204.1
3827        299     33     25     2208.8     1201.2
3828        217     40     29     2576.0     1201.1
3829        409     63     21     3474.4     1198.7
3830        281     39     26     3634.7     1199.5
3831        276     34     30     4179.1     1201.7
3832        110     20     13     5018.2     1194.2
3833        112     20     15      667.0     1195.8
3834        359     40     41      852.6     1212.4
3835        109     27     16     1063.3     1196.6
3836        131     20     19     2351.0     1198.8
3837        100     12     24     2788.8     1199.5
3838        670     56     47     2975.1     1213.0
3839        294     51     25     3196.5     1202.0
3840        129     19     19     3594.6     1200.4
3841        114     20     13     3941.0     1196.1
3842        150     27     21     4108.8     1200.2
3843        209     29     31      773.9     1203.8
3844        552     42     55     1501.0     1220.8
3845        850     59     66     1714.7     1224.3
3846        242     31     30     1783.6     1209.3
3847        162     22     30     3032.6     1204.4
3848        493     43     42     3821.2     1212.7
3849        198     22     30     4343.0     1207.0
3850        118     19     20       78.2     1203.2
3851        293     33     42      361.7     1212.2
3852        573     48     41      956.3     1216.0
3853        140     25     20     1282.0     1203.4
3854        566     46     61     2149.8     1231.6
3855        134     31     15     2767.7     1200.8
3856        368     54     33     2855.5     1213.7
3857        137     17     29     3426.8     1207.7
3858        143     23     20     4076.3     1203.2
3859        131     29     25     4753.9     1204.8
3860        102     13     19      593.7     1205.8
3861        338     40     31     1158.2     1210.8
3862        413     47     31     1914.6     1210.6
3863        273     24     35     2233.8     1213.1
3864       1236     67     88     2447.1     1245.4
3865        190     22     34     4934.9     1211.2
3866        166     30     26       42.8     1211.8
3867        127     20     21       97.2     1207.9
3868        235     23     37      194.3     1217.8
3869        395     36     39      285.7     1219.0
3870        203     34     30      654.6     1211.9
3871        127     18     19     3372.7     1206.1
3872        187     27     29     3394.9     1212.4
3873        199     24     38     3613.1     1215.0
3874        124     20     20     3757.7     1207.5
3875        218     28     29     4240.3     1216.4
3876        187     34     27     4639.6     1212.1
3877        138     27     21      487.1     1209.2
3878        109     18     15      522.1     1208.3
3879        128     18     18     2126.2     1207.4
3880        232     33     24     2808.5     1213.4
3881        122     13     27     3076.1     1211.5
3882        144     25     19     3534.7     1210.1
3883        219     24     28     3574.8     1214.1
3884        493     37     44     3649.9     1222.6
3885        319     31     35     3950.0     1213.9
3886        168     22     27     4205.8     1212.4
3887        253     25     33     4580.3     1218.3
3888        150     17     20      886.1     1210.4
3889        193     25     26     2344.4     1212.5
3890        292     34     30     2411.4     1218.1
3891        684     68     49     4026.6     1229.4
3892        101     17     22     4564.2     1213.8
3893        154     28     16      114.1     1212.1
3894        199     18     33      748.7     1220.2
3895        176     29     28     1601.8     1216.6
3896       1397     77     67     2380.0     1238.5
3897        150     36     22     2710.0     1216.0
3898        497     38     52     3026.1     1229.7
3899        131     13     29     3196.7     1217.8
3900        866     75     44     3246.0     1225.3
3901        285     46     23     3917.6     1215.5
3902        156     23     23     4529.9     1216.7
3903        123     22     22     4551.3     1213.6
3904        167     31     20      817.5     1214.8
3905        126     23     16     1408.5     1212.2
3906        116     23     14     1804.4     1214.6
3907        102     24     18     2568.3     1215.1
3908        194     33     34     2759.6     1222.8
3909        153     28     20     3701.2     1216.5
3910        467     35     40     4441.7     1226.5
3911        583     51     45      162.1     1228.8
3912        412     47     35      529.8     1227.7
3913        250     28     29      630.0     1222.4
3914        101     14     14      685.3     1214.7
3915        366     25     57     1868.4     1236.6
3916        115     20     16     3325.6     1214.4
3917        106     25     27     4088.0     1221.9
3918        128     22     20     4969.6     1218.0
3919        101     14     15      381.4     1217.1
3920        184     22     32      577.9     1223.7
3921        101     14     21     1024.1     1220.1
3922        135     29     23     2737.3     1220.8
3923        119     20     15     3010.6     1218.1
3924        184     28     19     3098.4     1219.5
3925        861     68     59     3285.7     1243.0
3926        225     36     24     4848.0     1219.7
3927        112     18     19     4877.2     1218.6
3928        282     47     30       29.3     1226.2
3929        242     26     31      404.1     1227.3
3930        305     34     33      480.7     1227.6
3931        209     26     34      918.5     1228.7
3932        923     54     56     1219.0     1240.5
3933        173     23     22     1541.7     1223.1
3934        134     15     32     2193.4     1226.3
3935        166     33     20     2324.8     1223.6
3936        178     21     22     3173.9     1224.5
3937        199     26     22     3866.1     1223.2
3938        297     34     36     4117.1     1228.8
3939        163     22     19     4140.4     1220.4
3940        124     17     25      443.7     1227.0
3941        315     39     29     1000.4     1231.7
3942        173     23     20     1748.4     1223.7
3943        134     19     21     2037.9     1223.4
3944        156     22     24     2255.7     1227.4
3945        318     33     41     2601.7     1236.7
3946        648     54     58     2889.6     1240.0
3947        238     32     37     3480.5     1230.2
3948        602     72     45     3718.9     1237.1
3949        142     18     21     4274.7     1223.6
3950        292     43     31     4332.0     1232.9
3951        188     27     23     4494.0     1227.2
3952        169     27     26     4988.5     1225.6
3953        104     16     23     5080.5     1225.1
3954        151     24     17      329.3     1224.5
3955       1037     64     74     1803.4     1248.8
3956        381     29     52     2208.9     1244.6
3957        535     32     70     2508.7     1246.3
3958        177     22     23     2644.5     1228.5
3959        112     16     22     2686.2     1225.6
3960        404     38     44     3320.9     1239.2
3961        140     27     14     3360.9     1223.8
3962        269     29     30     1047.6     1230.3
3963        183     33     27     1918.9     1233.3
3964        132     19     21     1947.0     1227.6
3965        110     15     20     2966.3     1228.9
3966        316     43     29     3107.2     1233.1
3967        226     26     33     3767.6     1232.3
3968        113     21     19     4756.2     1225.5
3969        483     41     48     4792.7     1238.7
3970        113     16     23      364.8     1232.3
3971        110     20     16     2462.2     1225.8
3972        624     49     52     2564.8     1245.0
3973        105     20     14     3430.6     1226.1
3974        252     28     40     4385.0     1239.6
3975        143     26     14     4418.0     1227.3
3976        174     19     27      668.3     1234.8
3977        169     30     19      697.8     1230.5
3978        305     53     30     1570.7     1235.2
3979        319     33     33     1885.9     1238.3
3980        453     31     47     2274.1     1245.1
3981        110     16     20       77.0     1235.4
3982        159     23     22      232.1     1232.7
3983        112     17     23      433.6     1235.3
3984        171     33     26     1639.9     1235.6
3985        233     24     44     1666.2     1246.6
3986        166     19     33     2479.1     1240.3
3987        212     27     23     3137.5     1232.6
3988        272     35     28     3908.1     1235.1
3989        126     22     15     3954.2     1231.4
3990        242     22     37      254.7     1243.9
3991        190     29     21     1146.3     1236.5
3992        197     23     28     1271.1     1239.0
3993        387     41     32     1300.9     1240.5
3994        222     45     19     2003.4     1236.0
3995        300     33     24     2717.1     1239.3
3996        272     25     39     4217.0     1245.7
3997        146     14     30     4363.7     1242.9
3998        118     26     17     4822.6     1235.1
3999        247     21     38     4864.6     1245.6
4000        156     25     19      119.5     1236.4
4001        118     17     28      295.3     1240.8
4002        257     33     30      745.3     1242.9
4003        349     42     32      791.0     1241.2
4004        456     48     45     2316.9     1251.7
4005        153     21     21     2339.4     1240.2
4006        180     29     20     3566.2     1237.8
4007        126     19     20     3589.7     1237.5
4008        121     16     21     3930.6     1238.6
4009        161     18     23     4512.5     1238.9
4010        112     20     15     4536.8     1234.3
4011        229     40     35     4890.0     1245.5
4012        149     24     20     1101.1     1240.1
4013        130     22     19     1250.0     1239.0
4014        402     34     42     1379.1     1249.8
4015        128     18     20     2420.8     1239.2
4016        163     23     25     2533.9     1241.9
4017        161     23     24     3070.7     1238.7
4018        116     22     17     3383.9     1239.5
4019        300     38     42     4099.9     1249.2
4020        123     21     22     4920.9     1239.3
4021        112     16     21     1124.3     1242.6
4022        167     18     29     1417.5     1246.2
4023        202     26     24     1460.5     1245.5
4024        610     49     48     1747.6     1258.6
4025        185     30     21     2067.9     1241.4
4026        102     19     28     2917.9     1245.3
4027        162     24     27     4771.0     1246.6
4028        232     29     29      397.1     1250.2
4029        248     28     28     1684.9     1248.6
4030        196     24     25     2627.2     1245.8
4031       1544     74    104     2821.4     1282.8
4032        452     43     47     3184.7     1260.3
4033       1284    107     57     3818.8     1263.1
4034        103     20     13     3876.5     1240.8
4035        163     19     17     4245.0     1242.5
4036        160     32     24      318.9     1248.9
4037        256     28     29      845.9     1250.3
4038        143     26     25      937.9     1250.4
4039        211     20     30     1924.6     1251.2
4040        255     30     30     2038.2     1249.1
4041        754     42     72     3122.9     1272.4
4042       1943    143     68     3669.5     1274.7
4043        257     27     30      140.8     1254.9
4044        515     39     57      603.5     1272.6
4045        143     25     19     1059.7     1249.5
4046        353     32     47     2098.1     1262.2
4047        112     20     14     2252.2     1243.7
4048        241     37     29     2691.0     1252.8
4049        470     39     44     2775.6     1258.8
4050        123     19     18     3056.9     1246.4
4051        181     20     24     3148.1     1249.6
4052        507     65     33     3223.7     1253.7
4053        112     27     20     4010.1     1246.4
4054        194     29     23      221.5     1252.0
4055        323     28     42      530.8     1262.8
4056        158     16     28      966.9     1254.1
4057        155     19     29     1603.0     1253.2
4058        441     39     42     1630.4     1263.9
4059        155     24     23     1781.8     1251.5
4060        779     41     84     2121.4     1281.5
4061        215     31     22     2234.6     1253.1
4062        140     28     25     2611.8     1253.2
4063        157     27     23     2648.9     1248.0
4064        106     16     24     2673.2     1251.3
4065        137     14     24     2752.8     1249.6
4066        100     15     18     3353.2     1248.4
4067       1297     56     93     3528.5     1283.5
4068        243     35     24     3975.1     1253.5
4069        109     21     19     4607.2     1250.9
4070        131     23     18      275.7     1252.2
4071        114     18     20     1965.2     1253.3
4072        118     21     18     3093.3     1249.8
4073        130     32     13     4298.1     1248.3
4074        338     37     35     4330.9     1255.0
4075        110     14     18     4582.2     1252.8
4076        192     25     30      108.2     1260.0
4077        117     21     19      421.9     1252.8
4078        244     25     27      822.7     1257.0
4079        169     24     29     2161.4     1256.4
4080        104     18     19     2185.5     1251.8
4081        600     56     62     3588.1     1266.4
4082        111     18     22      178.6     1257.4
4083        147     24     16      709.9     1254.0
4084        154     28     24     1771.7     1258.1
4085        112     16     19     3679.4     1254.4
4086        109     21     13     4164.8     1252.0
4087       1436     77     73     4418.5     1278.6
4088        137     15     29     5041.5     1257.2
4089        484     40     45       78.1     1272.1
4090        312     28     39     1189.8     1267.7
4091       1175     64     71     1260.8     1285.6
4092        154     14     33     2583.8     1262.4
4093        291     26     38     3942.4     1263.3
4094        112     20     18     4090.5     1256.3
4095        120     27     17     4535.2     1257.3
4096        118     10     34      553.2     1267.2
4097        106     13     23      727.1     1262.3
4098        165     26     17     1037.2     1258.4
4099        122     15     22     1468.6     1260.5
4100        210     18     45     1535.5     1273.8
4101        197     31     28     1705.3     1265.7
4102        138     17     26     2011.2     1264.0
4103        252     37     33     2524.5     1268.2
4104        230     29     30     2719.0     1263.0
4105        185     26     22     2963.3     1260.9
4106        176     24     23     3744.1     1259.5
4107        432     33     39     4008.4     1269.3
4108        152     18     32     4174.3     1265.4
4109        250     38     29     4383.0     1266.4
4110        119     26     15     4459.8     1256.4
4111        142     15     24      491.9     1262.4
4112        278     32     28      674.5     1265.3
4113        270     34     31      899.4     1267.2
4114        273     24     36     1131.9     1269.1
4115        188     22     30     2865.2     1266.3
4116        120     22     17     3164.7     1261.4
4117        349     40     31     3376.7     1264.2
4118        520     46     48     3487.1     1276.7
4119        157     27     22     4478.2     1264.9
4120        121     14     27     4596.6     1266.4
4121        412     39     33     1070.1     1269.4
4122        218     37     21     3011.0     1263.5
4123        154     34     17     3070.0     1261.7
4124        136     15     32     4078.1     1270.7
4125        105     15     18      190.9     1266.1
4126        101     21     16      364.0     1265.9
4127        176     27     21      637.8     1268.7
4128       1015     73    101     1156.7     1301.9
4129        216     37     28     1940.1     1270.6
4130        110     23     14     4132.3     1263.1
4131        155     17     26     4671.7     1268.0
4132        139     16     34     1894.8     1274.3
4133        195     29     22     2355.6     1269.0
4134        306     36     38     3864.1     1277.9
4135        111     23     26     3956.2     1272.2
4136        210     26     24     4199.1     1268.8
4137       1054     69     58     4497.1     1286.5
4138        266     40     22     4640.2     1268.7
4139        828     74     57      809.2     1290.3
4140        209     21     38     2184.1     1281.8
4141        212     27     22     2261.6     1271.6
4142        269     28     33     2609.7     1275.3
4143        134     22     22     2735.8     1269.6
4144        131     23     15     3317.4     1267.9
4145        108     25     16     3895.7     1267.2
4146        239     30     30     4794.7     1277.8
4147        226     26     34      342.1     1279.1
4148        128     17     21      564.5     1273.4
4149        143     24     24      881.4     1275.2
4150        184     26     30     1018.0     1277.5
4151        331     24     40     1426.7     1279.2
4152        206     17     40     2197.9     1284.6
4153        177     25     22     2243.6     1275.0
4154        452     53     46     3228.9     1283.8
4155        283     25     32     4250.0     1277.1
4156        101     16     25     4274.7     1274.8
4157        732     73     46      448.6     1281.9
4158        149     36     16      829.6     1271.5
4159        181     25     26     1096.1     1279.3
4160        532     62     49     2293.4     1293.5
4161       1853    129     64     2382.3     1300.3
4162        182     25     34     2548.3     1280.7
4163        212     26     28     2758.9     1277.9
4164        106     15     18     3569.3     1273.1
4165        286     28     45     4679.6     1287.0
4166        456     36     54      289.0     1290.5
4167        207     28     28     1386.7     1279.0
4168        311     29     30     1557.1     1280.2
4169        399     28     46     2059.0     1289.0
4170        188     22     22     2677.0     1276.5
4171        207     15     37     2939.4     1282.3
4172        162     24     25     3072.1     1279.6
4173        266     27     35     4349.3     1283.0
4174        211     26     40     4761.9     1289.9
4175        319     36     33      390.9     1282.5
4176        103     17     30      487.6     1282.7
4177       1068     78     80      709.0     1307.6
4178       1360    105     78     1696.9     1308.3
4179        115     18     17     2882.4     1276.8
4180        124     20     19     2908.5     1278.7
4181        107     19     20     4132.9     1276.4
4182        135     18     24     4575.1     1280.0
4183        588     34     62      174.9     1295.2
4184        274     26     42      200.4     1291.1
4185        797     66     87      756.5     1314.7
4186        100     24     22     1474.5     1280.0
4187        607     35     56     2490.9     1298.2
4188        107     21     17     2794.1     1278.4
4189        231     35     23     3283.0     1280.3
4190        505     48     38     3389.2     1288.8
4191        103     14     21     3656.7     1281.5
4192        182     18     36     4050.3     1289.1
4193        111     29     14     4314.5     1276.6
4194        198     21     37     4875.5     1286.4
4195        476     51     41       24.5     1293.0
4196        278     28     27      261.3     1286.1
4197        110     19     16     1459.9     1280.0
4198        164     19     28     1988.5     1286.7
4199       1168     66     95     3105.5     1320.4
4200        357     27     48     4289.7     1298.7
4201        276     24     39     4369.7     1289.8
4202        224     27     28     4547.6     1287.0
4203        163     24     15     4608.5     1280.5
4204        117     18     21      503.3     1286.0
4205        135     30     16     1727.3     1282.8
4206        111     27     12     2330.1     1279.5
4207        452     41     44     3306.8     1293.8
4208        141     31     23     4036.5     1285.0
4209        671     53     63      630.8     1309.9
4210        163     23     19      640.5     1287.8
4211        118     21     20      955.1     1285.7
4212        586     46     52      998.4     1300.3
4213        126     24     15     1229.6     1283.4
4214       1008     54     76     2009.0     1316.7
4215        136     29     13     2283.8     1283.3
4216        201     24     33     3054.1     1289.7
4217        112     18     19     3907.7     1283.3
4218        691     54     56     4104.5     1302.0
4219        108     15     25      371.1     1292.6
4220        159     22     34     1748.2     1295.4
4221        120     12     27     2081.2     1291.1
4222        168     23     21     2567.3     1287.3
4223        256     26     39     2700.2     1298.6
4224        102     21     17     2739.9     1284.7
4225        147     28     22     3951.5     1289.8
4226        148     21     24     4166.0     1291.0
4227        187     22     27      227.7     1291.5
4228        260     35     29      567.3     1296.8
4229        401     44     39     1046.4     1300.0
4230        140     18     25     2031.2     1292.9
4231        139     20     20     2590.3     1288.7
4232        119     13     21     2718.0     1289.9
4233        248     31     21     3019.0     1289.9
4234        246     33     32     3190.5     1295.1
4235        248     34     28     3976.7     1291.8
4236        436     40     39     4147.1     1301.3
4237       1114     91     63     4572.8     1313.0
4238       1796     90     94       88.8     1324.2
4239        363     43     36     1634.6     1297.8
4240        427     36     53     1863.7     1313.6
4241        102     19     14     2258.5     1289.4
4242        203     25     39     2771.9     1300.1
4243        118     29     18     3352.5     1291.5
4244        435     40     43     3451.4     1299.8
4245        118     16     22     3825.0     1293.0
4246        101     15     18     4193.7     1290.8
4247        184     28     25     1330.7     1294.1
4248        284     27     28     1448.2     1298.8
4249        139     20     22     2215.9     1294.1
4250        200     34     27     2241.3     1297.8
4251        162     32     18     4573.9     1295.2
4252        183     21     25     1216.6     1297.4
4253        142     27     18     1487.6     1294.5
4254        476     41     40     2528.6     1307.7
4255        331     28     50     2564.7     1312.1
4256        184     22     34     2958.3     1301.2
4257        799     82     48     3764.8     1308.7
4258        858     77     50     3827.9     1313.2
4259        481     46     39     4005.3     1304.1
4260        121     19     23     4226.7     1298.1
4261        193     20     33     4261.2     1304.0
4262        127     17     21       54.5     1298.5
4263        284     41     22     1099.5     1299.2
4264        164     18     30     1976.0     1303.0
4265        250     41     25     2610.1     1298.9
4266        191     28     30     2748.3     1303.4
4267        220     30     25     3271.2     1300.9
4268        214     29     25     3577.2     1298.5
4269        100     25     12     3649.8     1294.1
4270       1028     81     89     3915.4     1333.5
4271        478     64     43      553.1     1312.2
4272        862     42    104      860.3     1344.9
4273        199     29     27     1070.8     1305.8
4274        197     30     27     1609.5     1302.3
4275        524     52     41     1825.2     1311.1
4276        321     38     44     1954.3     1308.4
4277        141     25     20     2161.0     1301.1
4278        120     18     19     2841.0     1299.9
4279        432     50     29     2881.9     1306.6
4280        159     22     20     3219.5     1298.7
4281        201     27     29     3413.9     1305.0
4282        161     19     30      148.4     1308.3
4283        107     13     18      610.8     1302.1
4284        110     17     25     1182.9     1306.4
4285        127     22     24     1469.0     1303.9
4286        126     20     21     1530.0     1304.5
4287        269     25     37     1782.8     1310.8
4288        110     21     18     1841.3     1301.7
4289        346     24     62     1927.5     1322.7
4290        156     16     30     2913.4     1309.8
4291        120     18     21     3135.5     1303.6
4292        489     44     32     4638.2     1307.7
4293        141     17     23      441.0     1304.9
4294        117     19     18     2974.4     1304.0
4295        293     32     43     4336.8     1316.1
4296        222     24     38     5046.6     1312.1
4297        105     24     16     5284.8     1301.8
4298        420     40     47      359.6     1320.5
4299        178     25     32      953.8     1309.3
4300        237     24     35     1392.4     1314.2
4301        106     24     13     1571.9     1304.2
4302        245     27     22     3896.4     1306.7
4303        125     22     17     4698.8     1304.0
4304        124     15     21      420.3     1309.2
4305        139     14     25     1322.2     1311.3
4306        454     43     53     1422.0     1326.3
4307        139     26     14     1497.8     1304.2
4308        112     17     24     2997.3     1310.6
4309        161     26     15     3692.3     1303.5
4310        105     24     18     4884.5     1307.5
4311        100     19     14     5010.4     1303.6
4312        167     26     20      892.9     1312.0
4313        108     15     26     1026.0     1315.2
4314        132     22     24     1198.6     1311.2
4315        177     22     24     1550.1     1311.8
4316        322     30     32     1756.9     1316.4
4317        419     44     30     2460.9     1315.3
4318        100     13     24     3330.3     1310.8
4319        136     21     19     3955.5     1309.4
4320        172     30     23     4178.3     1311.5
4321        533     62     37      226.9     1321.0
4322        233     24     27      505.3     1315.2
4323        236     33     28     1600.2     1319.4
4324        197     30     26     3546.0     1314.7
4325        304     31     37     3586.4     1317.1
4326        101     19     25     3606.4     1315.2
4327        215     31     18     4242.9     1311.8
4328        585     61     35     4777.3     1318.7
4329        459     41     65     1287.6     1335.6
4330        576     43     54     2143.2     1330.3
4331        127     23     30     2178.4     1321.6
4332        498     29     64     2200.3     1332.9
4333        195     17     31     2428.9     1319.5
4334        127     24     22     2625.2     1315.9
4335        139     15     22     3487.2     1313.9
4336        333     39     30     4734.5     1319.3
4337        143     25     23     4899.7     1314.5
4338        119     20     17     1368.2     1314.7
4339        145     21     21     1802.4     1317.8
4340        159     26     20     2223.2     1314.9
4341        711     47     54     2943.9     1330.6
4342        204     25     25     3231.3     1317.8
4343        132     21     16     3684.7     1313.4
4344        333     43     33      922.1     1320.4
4345        108     18     20     2586.5     1316.5
4346        283     36     26     2726.7     1322.7
4347        118     26     21     2755.6     1319.0
4348        184     31     18     3055.6     1316.3
4349        126     20     17     3376.6     1316.1
4350        145     18     18     3642.8     1315.8
4351        171     31     19     4036.8     1317.0
4352        102     20     17     4154.5     1316.7
4353        160     23     24     4213.4     1320.2
4354        101     21     18     5346.0     1317.3
4355        393     37     45      666.1     1330.5
4356        388     43     35      816.3     1326.7
4357        113     17     25      982.5     1322.3
4358        200     31     18     1103.5     1319.9
4359        205     32     27     1137.3     1322.6
4360        211     30     23     1485.4     1321.2
4361        311     33     24     2681.9     1322.8
4362        508     57     41     2767.1     1333.6
4363        184     30     27     3300.2     1325.5
4364        121     20     29     3559.5     1325.9
4365        199     29     20     3709.6     1319.0
4366        139     21     20     3916.6     1319.4
4367        111     18     14     4454.9     1316.5
4368        300     32     34     4504.0     1326.7
4369        151     19     23     4864.1     1322.3
4370        157     22     22      453.1     1323.1
4371        205     30     33      851.2     1328.0
4372        131     21     20     3025.1     1323.4
4373        185     28     20     3358.9     1322.2
4374        546     41     55     4413.7     1342.9
4375        249     39     29      528.6     1328.7
4376        117     20     18      971.0     1321.2
4377        659     54     39     1207.7     1335.6
4378        131     23     16     2300.2     1320.9
4379        164     22     23     2314.0     1328.1
4380        134     20     31     3625.9     1329.7
4381        793     51     79     3704.1     1352.0
4382        440     40     39     4029.0     1334.9
4383        444     37     58     4474.3     1338.6
4384        105     19     15      289.9     1323.9
4385        119     18     21      320.0     1329.4
4386        121     20     25     1244.3     1326.7
4387        297     25     39     1894.2     1337.2
4388        493     62     30     3988.5     1331.6
4389        131     19     22     4065.2     1325.9
4390        114     25     23     4296.4     1326.0
4391        214     32     20      152.9     1328.1
4392        222     34     29      268.4     1334.0
4393        481     49     40      405.3     1337.5
4394        477     32     62     1333.9     1347.5
4395        516     38     58     1469.2     1348.4
4396        100     18     12     1636.7     1323.4
4397        110     16     18     2364.2     1327.0
4398        309     34     31     2658.0     1333.1
4399        211     22     32     3144.1     1334.5
4400        381     29     40     4387.3     1335.9
4401        236     27     32     4697.6     1336.4
4402        463     41     42       18.0     1340.8
4403       1372     63     93     1767.8     1365.3
4404        103     15     20     2074.7     1329.1
4405        123     22     13     2410.6     1327.8
4406        235     37     21     2540.9     1330.7
4407        210     35     30     2603.4     1336.5
4408        142     19     27     2980.9     1334.0
4409        749     70     53     3268.7     1347.7
4410        100     14     19     3382.6     1331.5
4411        113     15     21     3459.7     1329.9
4412        255     36     24     3741.4     1334.4
4413        244     34     24     3884.4     1330.5
4414        119     16     23     1913.7     1333.2
4415        663     59     46     2266.0     1344.2
4416        187     24     22     2894.6     1332.4
4417        111     15     20     3426.0     1330.0
4418        738     63     46     3486.9     1344.1
4419        235     27     35     4186.8     1337.3
4420        161     23     24     4243.3     1330.6
4421        175     28     26     4827.8     1337.1
4422        197     29     38     4881.2     1341.2
4423       1116     80     80      602.1     1358.0
4424        577     63     32     1006.4     1340.0
4425        347     38     38     1066.1     1341.8
4426        426     32     50     1137.0     1352.3
4427        251     29     36     1313.6     1344.6
4428        829     56     74     1842.0     1361.9
4429        171     21     31     2218.3     1341.6
4430        180     20     31     3653.4     1338.0
4431        259     34     27      482.8     1339.5
4432        139     27     23     1965.3     1335.0
4433        118     21     22     2090.8     1340.3
4434        922     66     54     2369.1     1352.4
4435        111     21     13     3328.9     1332.7
4436        151     35     17     3604.7     1334.2
4437        637     65     51     4151.9     1346.4
4438        240     35     26      461.0     1341.5
4439        152     26     15     1098.8     1334.8
4440        469     40     45     1569.9     1353.1
4441        215     36     18     1691.0     1337.7
4442        559     55     40     3193.5     1348.6
4443        188     28     19     3798.4     1336.4
4444        352     55     32     4093.2     1341.4
4445        200     35     16     4551.7     1336.0
4446        170     20     21     1539.7     1340.4
4447        143     27     17     1642.2     1338.0
4448        153     22     21     1985.3     1340.3
4449        117     20     21     2453.9     1341.4
4450        332     39     29     3009.6     1342.6
4451        224     29     35     4267.1     1348.3
4452        220     34     17     4520.0     1338.7
4453        109     18     19      176.5     1342.1
4454        277     32     27     2875.1     1346.4
4455        142     24     26     3028.1     1347.3
4456        297     45     32      772.1     1351.2
4457        166     19     29     1175.4     1348.8
4458        109     20     21     2413.3     1343.1
4459        139     16     30     3517.6     1350.9
4460        165     23     24     4120.6     1349.8
4461        260     20     47     4226.3     1354.8
4462        104     20     22     5126.1     1342.5
4463        374     47     43      360.1     1359.4
4464        122     19     15     1607.8     1345.7
4465        420     40     38     2316.2     1354.4
4466        146     21     21     2805.0     1346.9
4467        169     17     24     3348.1     1345.6
4468        278     32     30     3637.6     1353.3
4469        128     19     27     4946.8     1350.8
4470        954     53     77     1663.2     1378.9
4471        156     23     24     2547.5     1349.2
4472        282     45     28     2724.3     1351.0
4473        296     34     22     2921.1     1348.5
4474        721     44     48     3574.3     1360.1
4475        105     26     12     3858.5     1342.7
4476       1199     69     67     4294.4     1376.8
4477        364     52     34     4349.4     1354.8
4478        484     42     46     4759.2     1359.8
4479        155     20     29      500.2     1356.9
4480        550     48     56     1091.4     1368.2
4481       1901     94    116     2448.5     1402.8
4482        441     42     41     2584.1     1364.4
4483        245     23     37     2832.6     1358.1
4484        110     21     19     4806.0     1349.6
4485        255     22     35      312.4     1360.0
4486        275     31     34      959.9     1359.1
4487        366     34     43     1398.7     1362.4
4488        117     15     22     2969.4     1352.3
4489        272     38     31     3108.3     1359.4
4490        147     29     19     3312.3     1351.2
4491        120     19     16     3602.4     1350.2
4492        177     26     31     3807.1     1357.2
4493        185     28     19     3989.7     1352.7
4494        237     26     34     4207.4     1360.9
4495        142     18     22     4487.2     1352.4
4496        386     44     34     4552.7     1357.1
4497        142     14     26      665.5     1355.8
4498        286     29     24     1362.9     1355.0
4499        124     16     25     1504.8     1355.8
4500        914     36     87     2016.1     1391.1
4501        105     19     14     2042.9     1351.7
4502        933     85     65     2544.4     1372.9
4503        441     39     42     3062.4     1368.8
4504        140     25     15     3370.8     1350.0
4505        190     25     21     3775.6     1352.8
4506        214     21     23      535.9     1356.8
4507        181     22     43      693.6     1367.8
4508        112     19     16     1020.1     1353.8
4509        121     21     15     1641.6     1353.6
4510        145     27     16     1715.5     1354.2
4511        363     27     55     2054.4     1376.3
4512        660     51     62     2189.4     1378.1
4513        492     42     46     2239.3     1368.3
4514        154     31     25     4649.1     1357.9
4515        194     32     19     4825.4     1355.3
4516        151     31     25     5402.6     1359.0
4517        347     48     25      238.5     1359.9
4518        155     22     21      517.0     1358.2
4519        191     23     27     3144.0     1359.8
4520        112     19     17     3865.1     1357.1
4521        154     18     25     3946.7     1359.6
4522        119     16     21      382.7     1361.2
4523        131     26     17      430.3     1359.9
4524        191     31     21      561.9     1359.4
4525        247     34     23      816.9     1363.1
4526        197     14     41     1531.8     1370.0
4527        417     45     38     1610.7     1365.3
4528        176     19     33     1737.1     1362.8
4529        408     48     32     1918.2     1363.7
4530        163     22     24     2070.5     1361.9
4531        428     35     36     2622.7     1366.6
4532       1954     98     76     2681.6     1389.8
4533        168     27     26     2990.1     1365.0
4534        100     15     14     3849.1     1357.1
4535        875     64     64     4023.9     1380.0
4536        174     30     25      169.6     1365.2
4537        111     20     19      646.3     1360.5
4538        174     25     27      986.6     1368.7
4539        199     32     17     1224.3     1361.4
4540       3101    135     97     2110.2     1399.8
4541        504     40     39     2886.7     1370.6
4542        108     21     14     3013.4     1359.4
4543        127     21     22     4456.0     1365.0
4544        158     31     18     4632.6     1363.1
4545        137     17     25      274.8     1367.2
4546        119     14     32      710.8     1371.1
4547        157     19     22      719.7     1363.9
4548        134     21     23     1815.6     1364.4
4549        230     28     29     1870.9     1366.9
4550        306     34     48     2416.0     1378.9
4551        298     28     31     2776.6     1370.1
4552        566     36     59     3383.6     1382.6
4553        226     27     27     3912.5     1366.5
4554        271     31     34     4119.6     1371.2
4555        113     17     22     1264.5     1366.9
4556        119     14     24     1797.2     1367.1
4557        284     23     38     1890.9     1374.2
4558        106     23     13     1986.1     1363.1
4559        436     23     57     2812.2     1385.6
4560        288     29     36     2858.3     1374.8
4561        390     43     36     3237.5     1372.1
4562        135     22     26     3774.2     1370.1
4563        162     26     22     4074.4     1367.7
4564        115     19     19     4322.8     1364.2
4565        125     16     24     4382.4     1368.8
4566        132     20     25      297.4     1369.9
4567        144     15     26      400.2     1368.4
4568        109     16     25      880.4     1367.6
4569        107     20     20     2482.8     1366.7
4570        105     18     16     3182.1     1366.4
4571        154     19     23     3610.3     1368.3
4572        478     38     59     3692.2     1389.0
4573        276     37     25     3746.1     1369.7
4574       1108     56     62     4243.2     1391.1
4575        128     21     19       36.1     1368.6
4576        896     64     60      447.9     1384.3
4577        199     18     34     1160.0     1378.0
4578        173     24     26     1699.8     1374.4
4579        221     32     19     1953.2     1369.4
4580        424     49     43     3977.7     1380.9
4581        114     16     17     3989.6     1369.1
4582        216     27     25     4172.7     1368.6
4583        161     27     20     4800.5     1370.8
4584        224     26     30      329.2     1377.8
4585        271     36     24      634.3     1374.2
4586        125     20     19     1721.5     1370.6
4587        657     40     66     3032.8     1396.4
4588        120     20     19     3342.0     1369.9
4589        236     23     26     3484.9     1376.2
4590        715     60     45     3814.0     1389.4
4591        505     43     39     3858.7     1381.9
4592        249     30     27     4572.9     1375.7
4593        109     13     20      101.5     1372.6
4594        127     18     24      117.5     1377.3
4595        212     27     25     1141.1     1379.1
4596        301     34     25     1189.5     1375.9
4597        183     22     31     2398.2     1381.2
4598        203     25     40     2756.7     1386.0
4599        104     13     23     3442.7     1375.8
4600        132     19     22     4059.5     1373.3
4601        145     20     17       18.0     1373.6
4602        152     21     19      786.1     1374.6
4603        310     44     26     1980.7     1380.4
4604        182     16     27     3356.5     1381.2
4605        370     32     55     4810.8     1393.7
4606        241     26     25      382.2     1380.0
4607        265     39     31      570.7     1387.4
4608        178     24     22      759.2     1380.1
4609        241     23     39      808.8     1391.4
4610        186     27     27      831.1     1384.4
4611        143     25     16      938.7     1377.2
4612        109     23     15     1049.4     1378.9
4613        780     71     56     1444.6     1398.7
4614       1631     83     74     1522.2     1405.4
4615        461     56     41     1944.5     1393.8
4616       2522    123     97     2318.8     1426.5
4617        326     50     22     3159.9     1381.0
4618        165     32     22     3272.7     1378.6
4619        143     18     27     4715.0     1384.1
4620        102     16     18      131.2     1381.0
4621        149     18     21     1351.8     1382.1
4622        625     57     37     1380.6     1392.4
4623        432     38     44     2370.9     1391.1
4624        186     18     33     2794.5     1390.2
4625        100     20     23     3002.2     1383.0
4626       1078     88     46     3095.7     1394.0
4627        342     25     44     3546.0     1396.3
4628        410     44     67     3613.6     1400.8
4629        172     25     25     3898.4     1388.6
4630        220     22     31     4205.5     1387.5
4631        138     18     25     4737.7     1385.2
4632        169     30     17      171.5     1380.4
4633        277     23     55      195.0     1401.7
4634        325     34     25      227.2     1385.4
4635        297     28     31      919.8     1388.1
4636        109     18     19     1009.5     1382.7
4637        477     32     65     1120.4     1404.3
4638        247     31     26     1214.7     1387.7
4639        448     35     45     1253.0     1401.3
4640        135     15     27     1300.0     1388.2
4641        114     21     15     1588.5     1382.0
4642        195     23     24     2948.2     1385.3
4643        158     34     24     3410.5     1385.1
4644       1128     92     52     4140.3     1398.8
4645        158     29     19       41.1     1385.2
4646        132     15     23      252.2     1386.6
4647        119     16     25     1428.6     1387.8
4648        141     34     16     2324.6     1383.1
4649        876     54     57     2965.0     1408.5
4650        221     33     29     3632.7     1391.7
4651        104     15     18     4879.3     1385.0
4652        142     19     22      275.6     1388.4
4653        193     25     26      502.0     1391.9
4654        143     21     26      529.7     1393.5
4655        133     29     17      681.2     1386.8
4656        392     26     49     1281.1     1402.1
4657        138     25     14     2496.9     1384.9
4658        182     23     20     3450.0     1388.2
4659        603     43     53     3515.4     1403.8
4660        256     29     29     4185.8     1392.0
4661        133     25     22     4352.3     1389.4
4662        175     27     28     4418.1     1393.0
4663        311     39     42     4832.1     1400.7
4664        857     66     54     3261.9     1409.2
4665        272     32     27     3320.0     1391.3
4666        116     17     18     3340.0     1390.0
4667        270     27     30     3568.0     1393.7
4668        121     21     23     3914.0     1391.1
4669        302     39     28     4628.0     1395.7
4670        752     49     61      103.5     1412.9
4671        364     46     34      647.6     1396.6
4672        132     20     21     1088.3     1393.1
4673        229     21     33     2232.8     1397.7
4674        142     19     25     3281.2     1396.0
4675        154     23     19     3424.8     1389.3
4676        147     18     23     4372.7     1392.9
4677        207     32     21     1625.6     1393.2
4678        411     48     41     1813.8     1403.5
4679        143     23     17     3757.5     1392.8
4680        181     26     23     4674.1     1397.8
4681        175     24     23     4901.4     1395.3
4682        129     14     28       16.5     1397.9
4683        321     34     38      170.7     1404.8
4684        269     41     25      714.5     1398.1
4685        460     58     29      765.2     1401.4
4686        179     29     19      963.9     1393.6
4687        156     22     20     1042.4     1396.0
4688        150     24     23     1173.4     1396.8
4689        339     52     25     1699.0     1399.4
4690        192     32     17     2441.1     1397.1
4691        540     56     42     2876.5     1408.3
4692        240     31     26     3958.7     1396.9
4693        379     34     34     4063.3     1402.7
4694        119     19     22     4494.8     1395.9
4695        141     19     17      396.5     1396.7
4696        429     51     47      513.0     1413.2
4697        528     55     38     1587.6     1406.5
4698        126     16     21     2251.2     1397.9
4699        267     34     31     2924.2     1403.3
4700       1924    112     82     3427.6     1422.0
4701        201     20     35     4856.0     1407.5
4702       1144     62     87     3178.8     1432.8
4703        287     24     36     3299.5     1405.9
4704        197     31     27     3657.5     1403.0
4705        107     22     19     4533.2     1400.6
4706        137     17     31     5031.4     1407.3
4707        557     58     51      317.9     1418.3
4708        113     12     22      441.5     1403.6
4709        175     31     16      886.1     1399.8
4710        219     26     38     1861.5     1409.3
4711        287     26     23     1884.3     1404.9
4712        551     54     58     3337.9     1418.5
4713        188     25     22      367.5     1405.9
4714        106     15     21      840.9     1403.6
4715        123     23     17     1147.7     1401.7
4716        111     18     17     3357.8     1402.3
4717        263     34     34     4350.6     1411.7
4718        449     33     63     4400.0     1427.8
4719        764     54     62     4698.5     1425.2
4720        554     40     45       38.8     1413.3
4721        110     24     12     1222.5     1403.0
4722        128     23     14     1345.3     1403.2
4723        103     19     21     1471.9     1407.0
4724        170     22     21     3076.8     1405.0
4725        299     40     35     3713.6     1412.8
4726        110     15     17     3772.7     1405.5
4727        105      9     25     4455.1     1406.7
4728        226     37     32     4522.4     1411.0
4729        341     33     30     2502.0     1413.0
4730        118     21     20     2615.4     1410.0
4731       1969    109     93     2627.2     1448.5
4732        148     16     28       66.3     1416.2
4733        100     17     12      130.0     1406.1
4734        186     24     25      407.8     1412.8
4735        588     29     67      563.5     1431.1
4736        206     27     27      825.4     1413.6
4737        984     61     75      947.6     1447.3
4738        234     36     30     1189.4     1416.0
4739        496     51     33     1633.3     1415.8
4740        123     23     20     2531.2     1412.1
4741        781     42     75     3211.6     1435.6
4742        104     23     16     4200.5     1408.0
4743        115     16     17     4411.4     1408.2
4744        205     27     29     4442.2     1417.6
4745        143     14     26     4891.0     1412.1
4746        139     18     30     4981.9     1414.7
4747        113     15     24      982.0     1413.4
4748        106     19     19     1047.5     1411.6
4749        240     33     20     1070.5     1411.2
4750        103     16     22     1958.1     1414.9
4751        234     18     41     3148.9     1424.6
4752        266     25     38     3739.7     1420.9
4753        106     23     20     3923.0     1413.4
4754        101     17     16      500.3     1411.5
4755        214     36     21      658.1     1415.3
4756        369     33     39     2394.8     1423.1
4757        132     16     25     2753.3     1415.8
4758        113     17     20     3589.1     1415.2
4759        108     17     15     3941.9     1412.0
4760        158     19     23     3974.0     1414.1
4761        140     18     23     4035.2     1413.8
4762        142     27     19     4280.1     1412.7
4763        218     21     35      232.2     1425.2
4764        203     30     26     1841.0     1417.6
4765        481     54     34     2167.9     1421.4
4766        107     20     17     2770.1     1415.8
4767        425     55     32     2813.7     1423.8
4768        169     27     20     3000.1     1415.1
4769        203     26     28      383.0     1420.1
4770        225     18     38      886.4     1426.7
4771        332     40     37      963.9     1424.6
4772        517     36     46     1156.1     1429.7
4773        365     39     32     2231.9     1424.2
4774        124     21     15     2548.4     1415.3
4775        104     17     18     3884.8     1415.6
4776        521     52     59     4151.4     1437.3
4777        171     22     29     4225.2     1424.4
4778        155     25     23     4580.0     1418.1
4779        134     20     19     1371.6     1418.3
4780        132     14     24     2737.1     1421.7
4781        111     16     18     3500.9     1419.1
4782        147     23     28       11.4     1426.2
4783        373     35     39      146.2     1433.8
4784        104     16     25      253.5     1426.5
4785        100     17     18     1990.5     1422.1
4786        155     21     18     2422.8     1419.8
4787        190     18     28     2719.7     1426.8
4788        111     17     16     3114.5     1419.7
4789        192     28     24     3667.0     1424.0
4790        689     53     46     4321.0     1437.4
4791        204     37     19      531.1     1423.6
4792        300     38     30      592.7     1428.1
4793        243     35     40      678.8     1431.8
4794        267     25     37     1665.9     1432.3
4795        175     22     28     1943.7     1426.7
4796        110     13     22     2037.2     1425.9
4797        197     30     22     4341.0     1425.1
4798        247     25     35      281.1     1430.8
4799        191     32     27      629.5     1427.4
4800        265     31     27      730.6     1428.1
4801        106     17     15     1481.5     1423.5
4802        485     52     43     1809.1     1437.5
4803        140     30     20     3594.0     1427.3
4804        567     41     50     3848.6     1440.8
4805        159     27     23     3996.0     1427.5
4806        113     18     18     4024.3     1425.3
4807        263     19     38     4204.5     1437.9
4808        194     24     37     4780.8     1433.6
4809        145     26     28     5053.0     1432.4
4810        104     25     17       84.7     1425.5
4811        235     34     25      430.5     1431.5
4812        158     23     23      923.5     1429.0
4813        337     38     33     1004.7     1431.7
4814        358     36     31     1719.8     1434.9
4815        323     33     41     1867.5     1440.2
4816       2416    120     94     2907.2     1459.0
4817        125     18     16     2932.4     1425.4
4818        619     42     68     3323.7     1456.6
4819        102     16     18     3446.8     1426.7
4820        726     57     45     3674.8     1443.6
4821        198     19     24     3927.8     1429.4
4822        140     20     21     4106.7     1426.9
4823        250     23     38     4283.7     1435.5
4824        126     23     24     5037.2     1428.4
4825        131     24     18      764.6     1428.2
4826        177     22     27     1253.5     1432.1
4827        206     23     31     1344.7     1435.1
4828       1026     57     67     1908.2     1458.4
4829        132     20     21     2136.6     1430.9
4830        456     35     38     2556.2     1438.9
4831       1238     88     57     3099.0     1446.9
4832       1280    117     55     4010.2     1449.9
4833        126     22     16     4062.7     1426.5
4834        313     26     49     4553.0     1443.7
4835        133     16     21     4616.0     1431.2
4836        154     28     19      469.9     1430.9
4837        181     24     30      786.9     1437.3
4838        124     25     15     1449.2     1429.7
4839       1219     62     92     2473.2     1468.8
4840        299     30     43     4122.1     1442.4
4841        116     24     25     5273.5     1435.3
4842        119     20     16      181.0     1431.6
4843        218     24     32     1301.4     1441.3
4844        139     24     20     2700.2     1432.8
4845       1516     89     96     3502.0     1477.7
4846        216     28     26     4502.3     1437.5
4847        158     26     21     4578.2     1435.4
4848        350     44     35      111.9     1444.8
4849        327     42     33      846.2     1443.8
4850        327     36     36     1059.4     1443.6
4851        186     24     25     3577.0     1440.5
4852        684     43     52     3782.4     1448.1
4853        172     20     32      527.2     1443.8
4854        115     14     24      715.7     1439.1
4855        139     21     16     1231.3     1435.6
4856        929     52     68     1975.3     1459.9
4857        413     45     37     2959.9     1446.7
4858        147     27     16     2988.1     1436.3
4859        679     60     76     3735.5     1470.2
4860        105     17     16     3888.4     1437.5
4861        120     23     24     4474.4     1438.2
4862        202     22     32      166.3     1445.2
4863        291     21     43     1276.1     1452.4
4864       1725    116     71     1655.2     1459.2
4865        234     25     42     2155.6     1450.3
4866        248     30     30     2584.3     1445.9
4867        106     15     19     3907.2     1440.6
4868        123     18     34       17.5     1449.1
4869        334     43     23      308.4     1444.4
4870        123     21     19      688.3     1441.7
4871        255     29     35     2184.0     1452.7
4872       1656    105     81     3266.8     1464.7
4873        163     29     25     3712.1     1441.8
4874        898     55     81     4262.8     1469.2
4875        180     32     20     4818.4     1441.2
4876        107     19     23     4966.8     1441.4
4877        228     19     39      511.2     1454.0
4878        172     26     23     1036.6     1448.1
4879        212     27     36     1368.7     1450.1
4880        268     28     33     1480.9     1451.3
4881        104     17     18     2201.3     1441.1
4882        104     17     17     5378.8     1441.1
4883        183     18     28      543.4     1451.9
4884        359     32     52      584.1     1463.9
4885        242     36     38     1008.9     1454.7
4886        188     19     28     1127.5     1449.5
4887        342     35     50     1405.9     1458.3
4888        195     35     25     2679.1     1449.1
4889        139     18     23     3030.2     1449.3
4890        332     37     26     4231.7     1448.9
4891        151     21     29     4709.1     1447.9
4892        119     16     20      251.4     1449.8
4893        145     18     22      757.9     1450.2
4894        119     23     14      819.0     1444.3
4895        391     39     36     1774.0     1455.2
4896        113     25     18     2217.8     1446.3
4897        313     29     30     2804.6     1451.2
4898        197     35     25     3538.7     1449.6
4899        196     25     29     3568.1     1454.1
4900        116     24     14     4433.9     1444.8
4901        201     29     22     5165.3     1447.7
4902        145     30     23      485.5     1453.0
4903        203     19     28      646.3     1454.8
4904        141     19     24      908.4     1451.5
4905       1164     78     83     1575.5     1481.7
4906       1004     87     89     3348.0     1481.7
4907        282     27     41     3594.8     1459.1
4908        286     29     41     4103.8     1457.5
4909        275     27     42     4373.7     1460.9
4910        837     69     75     4495.6     1481.2
4911        624     37     60       65.1     1467.1
4912        118     22     23      443.9     1452.7
4913        141     20     23     1171.1     1455.4
4914        119     23     20     1196.1     1450.3
4915        102     20     18     2008.2     1450.2
4916        493     47     44     3887.8     1462.4
4917        111     11     29     5051.1     1455.0
4918        215     33     24       38.7     1455.3
4919        518     50     44     1096.2     1465.5
4920        114     20     14     1226.9     1450.2
4921        421     40     49     1260.7     1467.6
4922        116     17     21     1935.0     1454.8
4923        178     25     17     4166.0     1451.8
4924        142     24     22     4359.0     1457.3
4925        161     22     24     4450.0     1455.0
4926        179     31     21     4583.3     1455.0
4927        433     24     56     4744.3     1467.8
4928        138     22     23      712.3     1457.0
4929        688     44     54      886.3     1471.4
4930        111     20     21     2027.3     1456.3
4931        223     38     31     2106.9     1458.6
4932        150     19     19     3229.1     1455.1
4933        696     68     46     3953.3     1464.2
4934        273     28     36     4071.5     1468.2
4935        191     28     29     4659.5     1462.1
4936        218     22     30     4889.7     1461.9
4937        195     25     29     4945.8     1458.4
4938        124     18     23     5268.5     1458.3
4939        213     24     33     1716.0     1466.9
4940        293     25     39     2834.1     1467.0
4941       1223     79     89     2997.8     1500.5
4942        398     44     36     3842.9     1468.5
4943        475     46     52     4429.7     1470.0
4944        124     19     27     4816.1     1460.8
4945        144     17     27      129.4     1461.4
4946        145     30     17      273.9     1458.7
4947        122     29     18      666.5     1460.2
4948        129     15     23     2415.1     1461.7
4949        444     36     54     2425.6     1479.9
4950        242     36     18     4858.6     1460.1
4951        110     20     21     5288.1     1460.1
4952        106     19     22      415.3     1463.2
4953        168     24     23      747.8     1464.6
4954        115     16     22     1289.3     1461.2
4955        186     32     21     4205.9     1463.9
4956        105     17     14      292.8     1461.9
4957       1228     71     61      358.0     1483.5
4958        187     32     23      454.1     1466.2
4959        137     20     29     1200.7     1469.6
4960        152     22     21     2048.2     1463.1
4961        399     39     36     2251.9     1470.6
4962       1451     97     57     3421.4     1481.0
4963        101     16     18     4328.7     1461.6
4964        121     19     20     5111.2     1463.4
4965        164     27     21      829.5     1465.7
4966        197     23     26     1351.9     1466.6
4967        150     25     24     1950.2     1467.5
4968        213     34     22     2767.0     1465.5
4969        135     25     21     3157.1     1465.9
4970       1165     69     71     4170.2     1489.1
4971        240     24     30     4300.4     1471.8
4972        131     27     18      177.5     1469.3
4973        314     33     28      230.0     1472.5
4974        499     56     45      408.1     1477.3
4975        510     51     32     1143.0     1473.6
4976        527     51     40     3562.3     1481.2
4977        165     20     20     4283.3     1466.9
4978        194     19     31     4571.7     1472.9
4979        122     23     20     4599.2     1467.4
4980        108     18     16     4959.7     1465.0
4981        144     16     28       23.9     1474.2
4982        170     24     21      150.6     1469.9
4983        154     24     25      633.3     1472.9
4984        211     26     37     1187.1     1478.4
4985        371     41     35     1821.9     1480.6
4986        195     24     42     2139.5     1478.5
4987        175     19     30     2222.3     1474.6
4988        643     54     58     3138.7     1490.3
4989        110     27     12     4988.0     1465.0
4990        136     28     23     5326.2     1472.9
4991        512     39     47      101.4     1486.2
4992        118     17     21     1065.1     1474.0
4993        308     35     31     1316.5     1482.3
4994        251     24     37     2699.8     1480.3
4995        321     47     29     3030.7     1476.4
4996        224     23     32     3525.8     1479.2
4997        175     24     26      198.0     1477.2
4998        173     25     23     1431.4     1476.1
4999        304     38     24     2017.6     1476.5
5000        425     29     51     2310.3     1486.8
5001        138     19     20     2557.1     1474.8
5002        109     19     15     2716.8     1471.3
5003        265     43     28     3694.2     1479.3
5004        301     33     29     4546.3     1480.5
5005        124     21     14     4683.7     1470.0
5006        364     54     32      528.3     1479.3
5007        772     58     61      724.7     1496.1
5008        272     24     30     1794.3     1479.3
5009        292     28     35     2526.8     1483.9
5010        194     27     34     4640.7     1483.1
5011        710     56     80     4796.3     1505.4
5012        166     36     14     5085.4     1474.4
5013        118     24     12      650.3     1473.0
5014        552     56     38     1626.8     1486.7
5015        137     20     27     2075.5     1480.4
5016        857     65     68     2712.7     1511.5
5017        795     55     70     2788.1     1494.9
5018        659     64     41     2876.7     1488.8
5019        175     20     24     3610.7     1480.6
5020       1095     65     57     3997.8     1494.0
5021        398     30     43     4086.3     1491.7
5022        177     25     19     4320.0     1476.2
5023        119     25     18     4853.0     1476.3
5024        179     30     23     4867.6     1478.9
5025        144     19     27     5238.0     1480.5
5026        383     29     49      313.0     1494.2
5027        459     46     43      567.5     1496.8
5028        174     23     20     1049.6     1479.1
5029        257     41     22     1348.1     1482.7
5030        162     34     22     1529.1     1480.7
5031        152     23     28     1862.8     1484.7
5032        261     37     21     2189.7     1480.6
5033        191     24     30     2960.2     1483.2
5034        137     23     19     3661.5     1478.2
5035        119     14     27     4348.6     1483.7
5036        150     22     29     4461.0     1486.2
5037        111     15     22     5437.1     1481.3
5038        233     28     27      496.6     1485.7
5039        115     20     22      922.5     1484.9
5040        341     31     33     1288.7     1488.5
5041        182     23     26     1751.4     1482.7
5042        177     27     30     2060.2     1487.3
5043        101     22     12     2365.9     1477.4
5044        159     25     19     2437.9     1480.7
5045        124     18     17     4052.1     1480.6
5046        124     26     13     4393.6     1478.0
5047        168     31     24     4657.6     1483.0
5048        233     24     33      449.7     1491.1
5049        206     22     32      998.5     1491.2
5050        341     40     34     1700.8     1490.7
5051        220     31     27     2638.2     1489.9
5052        100     19     13     3766.7     1478.9
5053        204     22     33     4732.2     1493.6
5054        132     19     18     5113.5     1482.7
5055        135     17     28     5223.6     1486.7
5056        963     49     80       31.3     1515.5
5057        210     19     37      216.3     1493.7
5058        215     41     22      274.1     1487.0
5059        751     72     55      638.7     1509.0
5060        118     22     13      757.2     1482.1
5061        104     13     20     1466.6     1484.7
5062       2827    100    113     2052.8     1533.7
5063        112     28     12     4681.0     1482.6
5064        280     38     28      616.6     1492.1
5065        139     21     23     1166.1     1490.1
5066        119     19     18     2497.3     1488.3
5067        124     25     16     2562.5     1486.6
5068        119     16     25     3079.0     1488.5
5069        107     22     13     3630.9     1484.4
5070        212     23     30     4881.4     1492.7
5071        261     34     30     4985.2     1492.5
5072        125     16     34      432.8     1494.8
5073        131     17     20     2269.1     1489.5
5074        837     68     46     2358.5     1504.1
5075       1070     66     76     3187.0     1510.6
5076        149     16     30     3211.9     1495.1
5077        416     32     44      799.5     1500.1
5078       1136     62     82      966.7     1518.6
5079        137     23     19     1414.2     1491.3
5080        978     55     76     2384.8     1523.1
5081        156     24     25     2968.6     1496.7
5082       1251     97     57     3849.4     1508.2
5083        209     25     34     4225.5     1500.1
5084        224     32     21     4370.4     1491.6
5085        473     43     52     5056.8     1507.6
5086        130     17     21        6.4     1492.8
5087        266     42     26      186.8     1499.0
5088        188     17     37      419.6     1500.8
5089        355     47     36      481.2     1502.7
5090        203     29     25     1946.7     1493.4
5091        144     21     21     2101.9     1496.3
5092       1144     60     84     2238.1     1529.0
5093        116     18     19     2318.3     1492.6
5094        225     32     28     2613.0     1498.2
5095        181     36     18     4249.5     1494.3
5096        331     50     24     4411.6     1495.8
5097        164     25     24     4898.8     1498.6
5098        296     28     27      157.2     1498.9
5099        525     56     29     1060.0     1498.4
5100        144     18     23     2125.2     1496.9
5101        269     35     30     4113.9     1502.0
5102        128     30     15     4681.9     1493.7
5103        184     29     25     4935.2     1499.6
5104        116     15     20     5102.5     1495.1
5105        261     21     38      536.0     1509.3
5106        173     22     25     2584.0     1499.0
5107        484     40     43     3055.4     1507.3
5108        290     42     32     3102.6     1505.9
5109        171     23     20     4037.6     1498.8
5110       1398     70    111     4296.0     1538.9
5111        356     46     43     4620.6     1508.0
5112        117     17     18       77.2     1499.6
5113        143     24     23      838.8     1500.2
5114        121     24     17      871.0     1497.4
5115       1053     78     64     1864.6     1516.0
5116        142     26     17     3347.2     1498.0
5117        520     54     33     3689.2     1503.4
5118        246     22     32     3734.8     1506.8
5119        282     24     51     3904.4     1513.9
5120        142     25     21     4574.1     1499.4
5121        117     22     15     4713.9     1496.9
5122        112     22     16     4840.8     1498.9
5123        105     24     12     5322.6     1495.2
5124        288     31     47      700.6     1515.8
5125        115     28     12     1547.1     1497.3
5126        124     17     24      824.9     1505.4
5127        669     54     56      921.6     1524.2
5128        302     30     32     1267.2     1512.7
5129        219     35     29     1312.4     1510.2
5130        478     51     41     1722.8     1512.6
5131        167     25     18     3264.4     1505.2
5132        509     42     52     3420.5     1521.3
5133        513     55     39     3929.6     1513.2
5134        183     25     27     4654.0     1508.4
5135        132     33     18      246.3     1505.7
5136        154     28     22      510.9     1506.2
5137       1252     69     76     1453.1     1526.2
5138        132     19     23     1801.1     1508.1
5139        402     24     72     1818.4     1526.7
5140        114     17     28     2827.2     1511.1
5141        200     22     30     3554.8     1511.5
5142        310     30     38     4695.4     1515.3
5143        134     20     29     5296.8     1512.5
5144        245     38     26     1663.4     1509.4
5145        200     35     25     1914.5     1509.7
5146        192     25     20     2521.6     1507.4
5147        375     36     38     2632.3     1517.9
5148        328     35     28     2900.3     1511.5
5149       2477     81    146     3550.7     1589.2
5150        116     16     16     4791.6     1506.0
5151        102     14     19     1014.6     1509.6
5152       1202     79     82     1217.4     1549.0
5153        854     71     38     2134.5     1517.9
5154        273     38     32     2205.5     1513.1
5155        224     30     27     2430.5     1511.6
5156        103     13     20     4535.3     1509.8
5157        837     74     59      311.8     1538.6
5158        138     21     20      344.6     1512.8
5159        118     19     21      597.5     1512.6
5160        374     32     30     1186.9     1519.6
5161        124     21     18     4355.9     1510.6
5162        970     55     97     4867.9     1548.2
5163        111     18     14     5335.3     1508.7
5164        580     35     61     1247.1     1535.9
5165        486     48     35     1385.3     1521.9
5166        536     63     32     1530.7     1521.0
5167        288     49     24     1983.7     1513.8
5168        111     15     24     3233.8     1517.5
5169       2278     80    108     4131.0     1555.4
5170        101     14     23      221.4     1518.6
5171        100     22     11      847.6     1511.8
5172        292     39     30     1631.7     1520.7
5173        203     21     38     3028.5     1523.1
5174        235     25     26     3352.3     1519.0
5175        162     25     24     3753.0     1516.4
5176       1037     76     56     4028.9     1534.8
5177        500     68     50     4385.8     1525.8
5178        349     37     43     4588.0     1527.4
5179        166     25     28     4669.0     1521.7
5180        345     30     42     4773.1     1530.8
5181        119     14     26     4880.4     1520.5
5182        102     20     16      235.7     1516.6
5183       1069     70     65     2574.7     1543.0
5184        117     15     21     3440.0     1519.0
5185        112     20     15     3614.8     1514.3
5186        132     23     18     3651.5     1514.4
5187        144     21     38     3963.9     1530.5
5188        219     35     23     4221.4     1520.5
5189        116     19     20     5100.4     1516.8
5190        375     43     35      119.7     1524.6
5191        667     48     48      258.0     1535.0
5192        257     27     38      395.4     1529.8
5193        735     59     54      449.4     1534.6
5194        138     18     21      676.2     1521.7
5195        379     48     37     2522.4     1529.1
5196        180     27     21     2558.6     1519.7
5197        158     15     32     3496.9     1527.1
5198        661     50     50     3769.7     1535.3
5199        131     26     12     3793.8     1516.5
5200        136     21     21     4115.6     1520.5
5201        401     32     45     4477.6     1531.8
5202        246     36     22     1132.9     1520.4
5203       1979    100     96     1584.2     1560.2
5204        343     35     27     2276.4     1524.1
5205        472     43     56     2669.4     1541.0
5206        187     22     22     3810.0     1524.7
5207        188     18     32     4563.2     1526.6
5208        190     23     31      731.7     1530.1
5209        356     31     50     1064.6     1538.2
5210        670     53     45     1927.8     1537.4
5211        273     31     30     2313.7     1529.2
5212        147     19     26     2493.4     1526.8
5213        365     41     37     2754.2     1532.5
5214        157     30     24     3465.3     1527.3
5215        296     36     30     3683.8     1529.9
5216        792     33     88     4169.2     1559.8
5217        164     30     21     4512.7     1524.0
5218        121     22     17     5394.2     1522.1
5219        372     37     38      782.1     1534.9
5220        168     33     21      861.2     1525.6
5221        182     22     18     1005.7     1523.8
5222        187     36     21     1087.7     1523.0
5223        914     70     62     1727.1     1546.3
5224        106     18     15     1766.5     1523.6
5225        101     18     16     3076.7     1524.5
5226        227     23     33     3218.8     1533.0
5227        108     15     17     3523.6     1526.3
5228        132     17     23     4076.5     1528.1
5229        131     18     22       94.6     1528.6
5230        131     23     14      360.8     1525.2
5231        124     26     17      814.2     1529.0
5232       1422     56    111      885.8     1573.2
5233        102     14     20     1043.7     1526.8
5234        113     14     21     2479.6     1529.9
5235        129     13     24     2794.7     1531.9
5236        486     45     51     2837.8     1543.4
5237        136     21     21     2927.1     1529.0
5238        505     31     61     3148.0     1549.0
5239        315     28     32     3250.6     1532.3
5240        206     27     29     3660.0     1530.6
5241        141     24     22      573.3     1529.8
5242        352     56     30      646.6     1533.4
5243        164     21     22     2194.4     1531.5
5244       1150     90     55     2435.3     1547.8
5245        132     13     28     2508.4     1537.2
5246        305     30     33      167.5     1537.4
5247        122     22     17     1284.4     1530.9
5248        108     14     21     1309.3     1533.0
5249        211     34     21     2904.4     1534.0
5250        385     27     45     3122.8     1548.8
5251        507     50     48     3632.8     1550.6
5252       1147     84     81     4210.9     1569.5
5253        198     21     24     4611.0     1532.0
5254        198     20     34     4710.2     1536.5
5255        130     23     27     5364.5     1536.3
5256        164     17     30      486.5     1538.5
5257        202     35     27     1023.7     1539.8
5258        303     27     35     1107.0     1542.9
5259        617     44     59     1156.9     1551.8
5260        123     24     15     1489.8     1531.4
5261        132     10     29     2954.5     1539.7
5262        155     14     30     3270.8     1540.7
5263        125     18     18     3282.5     1533.2
5264        625     61     44     3713.9     1546.8
5265        349     45     37     4415.2     1545.5
5266        187     26     25     4633.3     1536.5
5267        233     56     18      526.8     1534.3
5268        234     26     31     1341.5     1541.5
5269        142     24     19     1875.1     1537.9
5270        137     27     25     2290.5     1540.7
5271        108     18     19     3204.0     1535.6
5272        124     23     16     3351.6     1533.6
5273        698     51     48     4239.8     1548.3
5274        202     20     32     4523.5     1542.5
5275        109     24     16     1779.2     1535.8
5276        119     12     25     1806.5     1539.0
5277        369     38     34     1989.6     1546.2
5278        364     37     40     2165.2     1547.7
5279        605     30     76     2625.7     1565.7
5280        112     24     18     3055.0     1537.2
5281        102     16     21     4059.9     1537.2
5282        245     36     27      213.9     1543.6
5283        233     28     31      561.3     1547.9
5284        110     20     13     1629.5     1535.6
5285        171     25     16     2689.2     1538.0
5286        154     24     21     2812.8     1539.3
5287       1641     92     91     3449.1     1577.2
5288        167     26     20     3480.2     1539.9
5289        419     35     37     3598.5     1547.4
5290        141     18     24     4549.5     1542.8
5291        372     35     35     1367.2     1548.0
5292        259     41     26     1667.0     1545.0
5293        266     35     34     2973.5     1550.5
5294        429     41     38     3174.1     1552.5
5295        367     37     29     3897.7     1548.2
5296        232     25     34     3933.3     1549.4
5297       1581    112     68      670.7     1564.3
5298        152     20     20     1178.1     1543.9
5299        389     34     60     2115.7     1564.2
5300        801     56     56     2709.3     1561.2
5301        339     30     54     2740.5     1559.0
5302        305     36     33     3043.3     1548.7
5303        525     51     45     3296.3     1554.2
5304        166     21     24     3800.8     1546.6
5305        139     28     19       23.9     1545.8
5306        142     25     26       65.3     1548.2
5307        113     13     22      407.6     1546.9
5308        194     22     27     1087.2     1548.4
5309        102     15     20     1518.8     1546.0
5310        297     37     29     2194.0     1549.7
5311        509     42     60     2871.0     1572.0
5312        118     27     13     3371.0     1542.4
5313        250     42     23     3523.4     1546.5
5314        144     21     17     4497.9     1546.2
5315        195     21     28     4660.1     1550.8
5316        599     29     75     4737.6     1574.9
5317        288     34     38     4952.5     1554.3
5318        201     27     23      755.4     1546.4
5319       1009     59     81      953.3     1578.7
5320        192     25     24     1314.6     1551.0
5321        165     21     27     2089.6     1550.2
5322        349     28     46     2916.4     1561.6
5323        214     33     21     3348.9     1549.4
5324        114     23     16     3847.7     1545.8
5325        142     23     17     4074.7     1545.9
5326        530     55     34     4335.1     1554.0
5327        977     68     57     1489.9     1567.6
5328        106     25     12     1587.1     1545.8
5329        988     80     61     2519.8     1569.9
5330       4052    143    129     3993.1     1600.0
5331        738     67     47     4578.3     1567.3
5332        148     21     23     4988.1     1553.0
5333        106     17     17     5142.0     1548.9
5334        102     14     25      154.7     1554.6
5335        101     18     22      373.7     1551.3
5336        464     48     43     1288.5     1561.6
5337      18217    435    156     2425.0     1620.4
5338        121     21     19     2359.1     1552.0
5339     202166    992    714     2614.3     1912.0
5340        148     22     19     3224.6     1551.0
5341        166     25     22     3963.7     1555.5
5342        184     25     29     4101.4     1558.0
5343        144     25     19       86.8     1554.3
5344        164     34     29      398.5     1558.4
5345        324     24     48      533.1     1567.4
5346        300     38     29     1634.2     1556.1
5347        158     25     15     1786.4     1551.3
5348        152     26     25     2123.8     1558.4
5349        236     25     39     2598.5     1561.9
5350        101     11     22     2853.5     1554.4
5351        109     23     15     2894.5     1551.8
5352        118     22     18     3387.6     1554.4
5353        104     13     18     3665.8     1551.3
5354       1872     69    117     3876.0     1603.1
5355        270     32     28     4385.8     1558.7
5356        131     22     16     1879.6     1553.6
5357        619     42     45     2268.1     1566.6
5358        141     17     19     3433.0     1555.2
5359        227     29     31     4767.9     1561.6
5360        105     20     16     5171.0     1553.7
5361        192     31     18      132.4     1557.9
5362        185     18     29      344.7     1560.7
5363        117     24     14      728.5     1555.1
5364        239     45     23      801.2     1557.5
5365       1052     91     65     1065.2     1580.9
5366        257     54     15     1412.3     1554.2
5367        169     24     26     3093.1     1560.4
5368        534     62     31     3249.2     1564.8
5369        308     30     38     3519.0     1565.6
5370        111     15     20        7.8     1560.1
5371        112     26     26      275.1     1563.5
5372        117     16     17      459.9     1557.7
5373       1245     71    103     1932.5     1597.0
5374        390     36     39     3397.9     1570.2
5375        556     66     28     3830.2     1563.3
5376        132     18     19     4256.3     1559.8
5377        218     36     23      194.0     1564.1
5378        513     40     42     1002.1     1574.8
5379        294     28     34     1538.6     1571.0
5380        102     20     17     1728.3     1561.6
5381        139     19     17     1805.9     1561.9
5382        203     29     35     4630.3     1567.2
5383        170     29     26     4844.1     1562.5
5384        196     36     18      255.1     1562.4
5385        166     19     23     1443.0     1566.2
5386        385     33     37     1769.4     1576.5
5387        189     19     29     1964.6     1566.5
5388        105     11     25     2024.6     1565.9
5389        109     22     15     4309.8     1559.3
5390        226     33     29     5048.5     1564.8
5391        325     39     32      374.4     1574.6
5392        280     25     34      423.4     1575.2
5393        186     21     26      604.7     1567.7
5394        128     21     18     2003.2     1566.8
5395        183     17     30     2499.7     1571.3
5396        134     18     22     4442.7     1567.3
5397        127     20     21     4682.2     1566.3
5398        120     20     18     5162.1     1564.4
5399        181     21     19       85.0     1568.4
5400        159     29     20      307.1     1565.4
5401        169     15     29      470.4     1574.3
5402        306     43     25     1866.4     1570.8
5403       1583    107     68     3632.3     1584.8
5404        272     32     31     4418.8     1573.0
5405        968     60     58      228.6     1587.6
5406        169     32     13      564.3     1566.0
5407        895     81     59     1362.9     1585.1
5408        184     24     20     1689.0     1570.4
5409        145     32     14     2481.0     1567.4
5410        345     35     43     3077.2     1580.9
5411       1761     85    102     3366.3     1606.2
5412        108     22     13     3945.1     1566.4
5413        734     44     58     4539.7     1591.6
5414        121     28     14      744.4     1568.4
5415        320     31     37     2215.0     1581.1
5416        104     20     23     2836.2     1575.9
5417        601     52     53     3208.5     1591.6
5418        120     21     15     4299.9     1569.8
5419        727     53     44     4501.3     1584.6
5420        178     22     30       76.2     1583.0
5421        181     27     23      118.3     1576.5
5422        144     26     22      155.9     1576.5
5423        166     23     30     1982.2     1581.4
5424        133     22     20     2760.2     1573.4
5425        431     42     36     3116.7     1579.6
5426        651     37     68     3690.7     1598.5
5427        179     17     29       43.7     1579.5
5428        212     26     27      762.4     1577.9
5429        341     28     39      847.1     1583.0
5430        410     53     37     1191.9     1583.1
5431        165     29     19     1659.2     1577.0
5432        561     40     53     2644.2     1593.2
5433        310     28     34     3000.7     1583.4
5434        979     53     74     3038.4     1604.7
5435        131     20     22     3137.0     1573.9
5436        388     33     40     3715.4     1583.1
5437       1229     74     78     3792.9     1606.5
5438        228     27     31     3923.1     1584.4
5439        128     27     21     5137.7     1576.1
5440        970     88     96      193.3     1612.5
5441        146     30     20      788.9     1577.3
5442        118     27      9     1262.7     1573.1
5443        211     27     22     1329.7     1578.3
5444        311     33     34     1414.5     1584.5
5445        480     43     53     2159.7     1590.9
5446        116     24     16     3171.3     1575.8
5447        667     38     70     3268.1     1603.5
5448        142     25     24     3741.7     1577.9
5449        166     24     16     4802.6     1575.9
5450        839     46     69     1548.1     1604.4
5451        141     24     23     1639.2     1580.4
5452       1001     68     64     1705.9     1602.5
5453        126     25     21     1817.4     1579.2
5454        439     47     37     3499.8     1593.5
5455        161     15     33     3758.6     1586.1
5456        753     60     50     4335.1     1590.8
5457        577     46     56      305.8     1598.6
5458        216     36     23      569.6     1583.6
5459        292     28     43     1288.0     1593.3
5460        233     30     36     2111.4     1590.9
5461        136     23     18     2933.6     1580.5
5462        101     19     19     3223.4     1583.1
5463        126     16     21     4372.3     1584.2
5464        131     20     30     4659.2     1591.5
5465        150     19     26     4823.0     1584.8
5466        238     38     35     4946.5     1589.7
5467        123     15     23      403.3     1584.9
5468        697     60     61      477.3     1603.6
5469        163     22     23      950.6     1585.3
5470       1309     64     64     1848.6     1606.9
5471        828     71     59     3313.3     1603.8
5472        104     22     15     3817.6     1581.5
5473        202     18     35     3847.9     1590.8
5474        990     55     57     4087.4     1604.8
5475        823     48     76      110.0     1613.7
5476        255     38     20     1132.7     1585.8
5477        183     20     27     2135.3     1589.5
5478        168     25     21     2673.8     1586.5
5479        132     29     14     3476.0     1583.5
5480        134     18     22     4272.5     1586.8
5481        219     34     21     4398.0     1586.4
5482        201     24     27     5080.6     1590.3
5483        118     18     21     5234.9     1588.2
5484        134     18     17      545.6     1585.7
5485       1500     98     75      791.7     1611.4
5486        163     19     23     1750.2     1590.9
5487        325     29     40     1976.5     1601.0
5488        753     54     53     2047.1     1603.8
5489        134     20     16     2235.7     1585.3
5490        355     28     44     3830.4     1601.6
5491        546     45     46     4198.0     1602.6
5492        288     31     27     4449.1     1589.9
5493        263     39     39     4768.2     1600.6
5494        236     33     26     1370.1     1591.4
5495        140     23     18     3323.2     1589.0
5496        370     45     35     4603.3     1599.5
5497        157     23     22      335.4     1590.6
5498        760     63     37      656.6     1600.1
5499        890     41     74      715.7     1619.4
5500        101     22     16     1669.8     1590.3
5501        135     23     19     2179.4     1591.5
5502        249     39     21     4890.3     1590.6
5503        173     17     27      749.1     1598.5
5504        124     18     20      766.4     1596.5
5505        115     28     14     1629.4     1590.8
5506        100     13     19     3176.3     1593.9
5507        193     35     24     4909.8     1596.4
5508        443     58     36      275.9     1605.4
5509        165     23     21      978.9     1597.7
5510        992     75     78     1254.9     1631.5
5511        205     27     18     1898.0     1596.3
5512        147     17     24     2921.3     1596.0
5513        227     24     29     2971.4     1600.3
5514        354     43     29     4426.4     1603.3
5515        104     18     19     5166.5     1597.1
5516        141     19     19      455.6     1597.4
5517        140     23     16      920.6     1595.3
5518        201     28     23     1311.4     1601.1
5519        241     39     16     2718.3     1596.0
5520       1232     78     77     2922.3     1625.6
5521        115     27     14     3105.1     1594.3
5522       1227     81     59     3116.3     1618.3
5523       1313     84     75     1128.5     1631.0
5524        320     31     32     1266.6     1605.4
5525        496     51     39     1478.7     1609.8
5526        230     22     34     1767.6     1607.0
5527        388     35     40     4304.2     1612.1
5528        109     23     16     5345.4     1597.4
5529        126     23     28       30.8     1610.0
5530        188     25     30     1067.7     1605.5
5531        137     21     18     1642.0     1602.1
5532        854     55     66     1794.8     1623.0
5533        350     26     42     2200.3     1612.9
5534        675     43     59     3612.0     1623.9
5535        192     24     27     4118.3     1605.0
5536        862     66     58     4477.2     1621.6
5537       1258     71     94       58.9     1636.3
5538        188     18     26      144.9     1607.0
5539        275     32     22      573.1     1604.6
5540        129     24     18      604.7     1601.7
5541        121     21     21      845.9     1605.2
5542        106     18     15     2019.3     1599.5
5543        226     36     30     2681.4     1606.7
5544        119     19     22     4263.8     1604.6
5545        189     24     21      164.2     1607.4
5546        141     16     23     1669.1     1605.8
5547        632     47     47     2083.4     1617.1
5548        525     50     43     2864.4     1617.9
5549        125     28     17     3907.1     1605.0
5550        286     36     31     4649.3     1614.2
5551        145     28     14     1149.7     1604.8
5552        110     22     14     1178.5     1604.8
5553        254     27     33     1737.9     1613.1
5554        151     31     17     1912.9     1608.8
5555        105     17     20     2002.2     1606.2
5556        114     20     15     2835.2     1606.4
5557        995     62     55     2996.6     1624.5
5558       1075     70     60     3474.1     1633.1
5559        129     23     17     4136.8     1607.5
5560        202     26     29     4680.8     1611.6
5561        243     26     31      533.5     1617.9
5562        100     20     18     1580.6     1609.9
5563        567     43     57     2741.8     1628.0
5564        169     20     23     3246.3     1610.6
5565        276     18     60        7.7     1635.7
5566        572     37     46      416.5     1626.6
5567        170     22     32     1041.1     1621.6
5568        144     19     24     1507.4     1614.5
5569        482     37     51     2676.0     1629.1
5570        152     19     25     4352.7     1614.2
5571        126     13     30     5399.3     1616.5
5572        316     35     42     1957.3     1629.7
5573        205     38     19     5007.3     1612.6
5574        101     27     11      207.9     1613.2
5575       5384    221    175      947.7     1707.3
5576        155     27     16      983.2     1612.2
5577        118     15     24     1158.5     1618.9
5578        409     58     28     1414.5     1618.5
5579        107     19     14     2708.9     1612.6
5580        807     66     55     3163.2     1634.8
5581        116     16     15     3381.8     1614.5
5582        196     26     18     3717.6     1615.2
5583        172     21     21     4520.2     1617.1
5584        130     13     25      319.7     1619.9
5585        170     29     21      604.5     1620.1
5586        225     18     33     1023.0     1623.1
5587        106     18     18     1360.2     1616.2
5588        135     24     17     2115.2     1616.8
5589        435     39     42     4374.7     1628.6
5590        360     30     49     1184.6     1632.5
5591        130     15     21     2212.9     1621.1
5592        114     13     24     3929.2     1622.9
5593        125     16     20     4720.5     1618.7
5594        109     12     28     4929.9     1626.4
5595        263     24     36     1208.8     1630.0
5596        179     22     25     1289.5     1622.3
5597        277     31     35     1319.0     1626.7
5598        116     19     21     2662.1     1622.3
5599        106     19     26     3148.7     1626.4
5600        327     40     37     3234.8     1632.2
5601        283     24     34     3759.4     1629.5
5602        146     24     17     4250.8     1620.8
5603        477     42     37     4635.5     1632.7
5604        102     23     16     5080.6     1619.0
5605        153     20     23      339.0     1626.5
5606        313     38     31      559.7     1630.1
5607        408     37     45      641.1     1639.9
5608       1131     74     55      886.4     1641.8
5609        216     28     24     4407.4     1625.0
5610        109     15     19     4801.2     1622.3
5611        129     20     14      364.9     1621.6
5612        112     21     14      859.2     1621.9
5613        106     19     15     1896.2     1624.3
5614        753     57     51     2164.7     1640.9
5615        134     17     18     3300.5     1624.3
5616        363     31     30     3681.8     1629.9
5617        880     87     56     4098.5     1644.8
5618        203     24     26     4339.2     1629.3
5619        261     40     28     4573.7     1628.4
5620        290     25     49      836.9     1642.1
5621        151     26     23     1629.2     1627.8
5622        235     32     30     2708.7     1632.3
5623        105     22     20     2811.0     1632.0
5624        101     19     15     3082.7     1626.2
5625        113     19     19     4279.5     1629.3
5626        107     15     19     5065.8     1627.2
5627        212     31     20     5155.8     1627.3
5628        179     21     27     5180.3     1630.8
5629        165     26     21       31.9     1629.8
5630        117     29     15      389.7     1626.2
5631        286     34     32     1601.5     1635.1
5632        172     20     27     1982.9     1633.4
5633        490     39     40     2863.7     1644.2
5634        152     21     15     3410.5     1628.0
5635        197     20     31     3650.5     1635.4
5636        201     23     29     4156.4     1637.4
5637        237     37     29     4869.4     1636.0
5638        192     26     23      809.2     1632.6
5639        513     36     48     1078.7     1642.6
5640        477     37     54     2032.7     1648.7
5641        325     36     34     3054.6     1639.2
5642       1046     87     55     3310.4     1646.7
5643       1550     83     84     3611.3     1661.6
5644        113     21     18     3840.8     1630.4
5645        217     37     18      298.7     1634.1
5646        122     12     26      442.9     1636.5
5647        189     20     26      677.7     1635.5
5648        105     23     17     1371.7     1631.6
5649        469     56     37     1437.2     1638.7
5650       1223     74     69     1540.2     1661.3
5651        106     15     25     1740.6     1637.5
5652        108     14     20     1753.4     1632.5
5653        458     38     40     1904.4     1645.6
5654        953     62     78     3421.2     1658.7
5655        167     23     27     3912.5     1636.7
5656       2518     88    126     4010.1     1687.0
5657        204     25     24     4193.3     1634.3
5658        514     48     51     4469.8     1650.0
5659        353     38     31     4546.1     1640.1
5660        128     22     19     4828.0     1631.3
5661        118     24     20     4989.4     1632.9
5662        212     28     25      471.4     1639.0
5663        346     36     33     1336.0     1646.8
5664        290     43     31     1660.9     1642.0
5665        247     25     42     2005.3     1645.8
5666        103     11     23     3249.8     1637.3
5667        730     70     47     4265.4     1650.5
5668        104     17     20     4664.0     1637.1
5669        195     27     30     4761.8     1640.8
5670        287     31     30      174.7     1640.8
5671        333     34     27      363.4     1641.8
5672        337     28     41      501.9     1649.3
5673        120     20     17      616.3     1635.6
5674        107     20     17      950.9     1635.9
5675        245     27     37     1755.1     1651.9
5676        124     16     19     2053.5     1634.7
5677        378     36     33     2772.4     1641.8
5678        150     27     18     3513.0     1637.4
5679        129     13     27     4962.2     1642.5
5680        144     20     25      274.8     1643.5
5681        737     56     59      597.4     1656.5
5682        114     26     14     1358.9     1637.0
5683        207     24     22     2096.4     1641.2
5684        278     31     26     3199.5     1641.7
5685        118     20     16     4517.4     1638.2
5686        689     46     64     4567.0     1663.1
5687        165     18     29      430.9     1646.8
5688        784     49     56     1714.0     1658.0
5689        311     24     41     1788.1     1652.9
5690       3690    155     90     2680.4     1680.7
5691        102     15     18     4707.8     1640.6
5692        241     23     26     2200.0     1646.5
5693       1107     97     85     2864.5     1677.6
5694        201     32     23     4389.9     1647.3
5695        495     58     38     4883.1     1655.7
5696        140     18     22      686.0     1646.1
5697        212     33     36      927.4     1650.8
5698        275     27     48     1200.5     1660.2
5699        352     35     49     3065.5     1661.9
5700        982     62     76     3786.8     1676.7
5701        232     27     28     4415.2     1650.1
5702        287     38     23     4792.6     1644.9
5703        120     34      9       87.1     1642.8
5704        886     64     55      152.6     1667.8
5705        505     52     39     1048.2     1656.7
5706        168     18     23     1390.3     1651.5
5707        171     26     17     1411.3     1646.6
5708        111     15     22     1617.7     1647.9
5709        916     52     67     1863.4     1674.5
5710        326     28     39     2949.5     1654.3
5711        432     34     37     4216.0     1656.5
5712        235     33     31      331.8     1652.7
5713        129     27     12      556.4     1645.5
5714        271     33     33      813.9     1658.8
5715        156     20     23     1233.2     1651.4
5716        610     32     67     1476.5     1677.9
5717        165     18     28     1574.8     1655.0
5718        121     15     24     4051.2     1651.3
5719        205     33     21     5158.3     1652.4
5720        504     52     41       85.4     1665.6
5721        912     67     73      928.2     1677.7
5722        529     43     38     2071.8     1661.5
5723        412     43     40     2104.3     1660.5
5724        135     17     28     3038.8     1656.2
5725       1331    105     56     3688.7     1675.8
5726        126     21     14     3732.1     1648.5
5727        373     41     34     3826.8     1656.3
5728        175     24     25     1436.4     1656.4
5729        121     18     25     1954.8     1656.8
5730        112     15     26      347.8     1660.5
5731        134     18     26     1500.1     1661.1
5732        161     25     20     1638.4     1655.5
5733        107     13     26     2130.7     1656.4
5734        158     18     19     3902.7     1654.9
5735        458     40     49     4129.3     1674.1
5736        407     43     38     4528.4     1665.7
5737        108     20     22     5047.4     1658.1
5738        504     43     47      396.9     1666.2
5739        109     17     21     1264.6     1658.6
5740        727     39     70     4626.2     1681.5
5741        227     35     23     4727.3     1656.9
5742        111     12     27     5449.0     1662.1
5743        172     16     30      306.7     1663.5
5744        109     13     19      368.8     1658.9
5745        105     22     14      476.1     1656.9
5746        156     18     34      656.2     1666.5
5747        262     34     30     3242.8     1662.8
5748        100     18     15     3677.5     1657.1
5749        132     29     14     4595.5     1656.7
5750        231     35     24     2890.5     1663.8
5751        328     34     33     2965.4     1668.3
5752        285     26     35     3015.4     1670.9
5753        350     46     41     3382.1     1671.7
5754        236     39     19     3856.5     1657.9
5755        151     17     27     5059.0     1666.3
5756        107     23     18      264.8     1664.2
5757        101     13     18      910.1     1663.7
5758        122     25     16     1340.7     1662.4
5759        100     20     15     1516.3     1662.0
5760        413     34     43     1917.8     1676.0
5761        119     14     23     2681.7     1666.2
5762        113     11     21     3171.0     1664.6
5763        169     18     29     3477.8     1670.6
5764        757     61     43     3536.7     1675.7
5765        106     21     16     4696.4     1663.7
5766        111     28     17     4954.3     1662.4
5767        124     25     12     5089.5     1658.9
5768        111     21     21      320.0     1664.9
5769        967     47     85      526.0     1703.5
5770        187     30     27      766.0     1669.5
5771        257     54     29     1110.7     1668.0
5772        667     75     43     1440.6     1677.4
5773        125     21     18     1590.8     1664.1
5774        239     31     25     1672.7     1666.8
5775       1172     99     70     3130.3     1700.5
5776        138     21     26     3213.7     1670.1
5777        306     30     42     3492.8     1674.3
5778        234     36     30     4167.7     1669.7
5779       2304    100     91     4239.2     1708.6
5780        338     35     39     4395.9     1680.8
5781        122     17     20     4435.1     1666.2
5782        232     43     22      684.9     1668.3
5783        340     40     30     1225.8     1675.4
5784        177     23     22     1825.0     1668.9
5785        719     64     48     3097.3     1683.2
5786        241     35     24     3345.0     1669.2
5787        279     22     46     3947.1     1679.2
5788        109     17     16     4751.3     1665.2
5789        140     20     22      289.3     1671.2
5790        136     18     20      446.4     1670.3
5791        841     50     55      482.0     1688.8
5792        112     14     25      646.5     1671.6
5793        355     44     27     1132.9     1674.7
5794        409     47     30     1376.3     1675.4
5795        133     26     18     1408.8     1668.8
5796        797     64     48     1762.3     1680.3
5797        121     20     17     1941.6     1668.1
5798        124     13     24     3142.2     1670.5
5799        224     25     33     3262.3     1675.2
5800        639     55     59     3867.5     1685.3
5801        132     31     19     3908.3     1669.1
5802        280     34     32     4457.0     1678.0
5803        546     48     43     4594.3     1683.0
5804        136     22     27     4843.0     1678.6
5805        124     19     28      381.4     1677.4
5806        294     35     36      572.1     1675.3
5807        129     21     20      717.5     1673.8
5808       1197     71     61     1298.6     1689.4
5809        179     31     26     1601.6     1673.7
5810        258     26     32     2810.2     1679.1
5811       1838     94     97     4070.1     1703.4
5812        441     51     40     4299.7     1683.1
5813        127     20     23     5110.9     1671.5
5814        157     20     25     5178.3     1674.1
5815        313     34     27      329.5     1681.3
5816        575     50     50      879.3     1692.4
5817        103     19     16     1067.9     1672.7
5818        102     25     17     2140.7     1672.0
5819        100     18     17     3746.4     1673.1
5820        100     16     20     5232.8     1675.4
5821        229     20     31     4663.6     1679.4
5822        127     36     13     5027.7     1672.8
5823        113     26     17     5278.3     1673.3
5824        247     27     35       12.1     1684.4
5825        140     16     26      217.6     1682.2
5826        112     19     16      354.4     1677.7
5827        699     51     84     1164.7     1706.1
5828        128     23     17     1945.7     1678.1
5829       1186     48     92     2057.2     1711.4
5830        129     27     14     2843.4     1675.0
5831        138     16     22     3832.5     1679.1
5832        381     27     42     4362.2     1687.4
5833        190     28     29     4725.1     1686.0
5834        501     54     38     4755.5     1683.8
5835        207     21     30     4950.1     1681.9
5836        114     17     18      234.8     1679.3
5837        105     15     19      540.1     1678.8
5838        126     16     21      805.2     1681.4
5839        265     37     39     2839.6     1689.9
5840        156     17     25     4101.3     1682.6
5841        322     31     40     4824.8     1688.3
5842        258     28     28     4980.8     1683.3
5843        434     44     62      252.0     1702.4
5844        228     40     27      429.8     1684.9
5845        114     12     27     3457.5     1683.6
5846        265     27     31     3185.0     1689.1
5847        258     37     23     4184.6     1684.5
5848        147     25     22     4215.9     1684.2
5849        137     21     25     4269.1     1688.2
5850        117     16     21     5134.4     1684.1
5851        128     28     14      737.5     1681.3
5852        225     23     26      788.1     1688.3
5853       1056     55     70     3049.3     1714.2
5854        293     36     21     3224.6     1687.6
5855        598     45     56     3335.5     1703.1
5856        137     17     22     4332.2     1687.0
5857        106     21     18     4900.5     1684.0
5858        217     36     23     5017.7     1686.1
5859        104     15     22     5189.2     1685.2
5860        415     48     31      757.6     1693.3
5861        142     29     22     1607.9     1689.0
5862        253     37     28     1684.7     1691.9
5863        400     36     50     1717.2     1701.2
5864        506     39     53     2949.5     1702.6
5865       1189     60     87     3615.3     1727.5
5866        153     13     27     3789.6     1690.3
5867        314     54     24     3907.1     1689.6
5868        684     55     55     4464.0     1704.5
5869        102     18     23      612.7     1692.1
5870        115     27     15     1637.3     1688.9
5871        134     11     32     3437.9     1694.1
5872        669     68     45       86.0     1707.8
5873        198     30     29      115.4     1698.0
5874        133     19     15      203.6     1688.4
5875        197     24     35      838.0     1700.9
5876        109     16     20     1807.0     1692.8
5877        133     16     24     1889.4     1692.1
5878       1041    123     33     2151.9     1695.4
5879        119     19     20     4792.0     1692.7
5880        358     40     34     4857.5     1700.0
5881        317     23     39       33.3     1706.0
5882        268     21     39      592.2     1705.4
5883        248     28     23      690.6     1695.8
5884        277     34     29     3841.2     1698.6
5885        309     34     32     4547.6     1702.6
5886        145     18     21      579.0     1695.4
5887        367     35     34     2899.5     1705.3
5888        274     23     38     4684.4     1703.7
5889        162     24     22      231.7     1698.1
5890        880     51     71      390.8     1724.0
5891        106     23     26     1551.5     1699.8
5892       2019     95     89     1983.8     1730.0
5893        101     18     17     4880.4     1697.2
5894        588     39     52      328.8     1714.1
5895        127     20     18      352.5     1699.0
5896        109     22     14     1019.7     1698.0
5897        118     29     20     1190.5     1698.4
5898        106     16     16     1442.2     1696.7
5899        121     13     24     1637.4     1703.2
5900        704     40     59     2930.2     1722.6
5901        138     19     29     2975.0     1704.7
5902        210     25     25     3717.5     1702.1
5903        973     48     76     4525.0     1735.8
5904        234     25     32     1351.7     1710.0
5905        472     55     33     1582.3     1706.9
5906        423     52     32     3656.6     1709.4
5907        245     21     28     3695.4     1705.5
5908        200     27     19     4015.0     1702.3
5909        191     38     30     5072.7     1710.5
5910        191     25     24     5316.3     1705.7
5911        244     33     29      199.6     1706.4
5912        101     12     19     1878.3     1704.3
5913        206     26     24     3232.3     1706.7
5914        184     18     31     4037.8     1709.1
5915        145     17     23     4118.7     1704.6
5916        120     25     16     4331.9     1701.1
5917        119     15     26     4903.6     1704.9
5918        233     39     25     1215.5     1707.8
5919        126     24     16     1519.0     1703.8
5920       1187     77     72     1652.4     1728.9
5921        184     26     18     3382.6     1704.5
5922        179     30     22     3456.6     1705.8
5923        671     64     43     3557.0     1714.4
5924        117     29     24     5199.7     1705.5
5925       1021     61     64      153.3     1727.1
5926        696     64     46     1066.3     1716.6
5927        228     25     34     1106.4     1711.6
5928        129     18     21     1332.6     1707.5
5929        138     23     19     1378.7     1709.5
5930        195     24     26     1747.3     1711.2
5931        354     40     44     3797.5     1721.1
5932        282     38     30     5137.7     1711.1
5933        128     26     21       11.0     1712.6
5934        385     48     26      664.3     1713.3
5935        804     64     48     1766.7     1729.8
5936        123     15     18     1801.6     1708.9
5937        113     21     15     3207.5     1706.0
5938        189     23     25     3400.1     1712.7
5939        132     16     22     3415.6     1710.9
5940        173     36     21     3936.0     1709.2
5941        372     44     34     4364.3     1717.7
5942        302     30     30     4497.3     1713.6
5943        381     37     54      294.5     1728.8
5944        193     21     27      359.0     1715.6
5945        161     23     27      613.7     1713.3
5946       1231    107     85     1859.6     1733.8
5947        945     45     80     3729.8     1742.3
5948        121     12     23     4481.0     1713.4
5949        651     56     56     4581.1     1734.2
5950        243     30     38      852.7     1721.5
5951        334     43     26     1140.5     1716.7
5952        231     29     35     1417.0     1718.0
5953        201     37     20     3760.2     1715.4
5954        198     25     23     4387.6     1715.3
5955        115     21     17     5033.5     1712.8
5956        183     23     22      435.8     1715.5
5957        231     28     27      563.0     1719.0
5958        507     48     41     3366.4     1729.9
5959        127     15     25     3868.5     1717.7
5960        138     16     23     4291.3     1717.1
5961        306     33     49     4306.4     1730.1
5962        183     31     24     5169.1     1717.7
5963        439     46     42      741.7     1724.5
5964        444     51     37     1446.6     1724.0
5965       1410     71     71     1555.5     1737.8
5966        163     25     25     1913.3     1717.7
5967        212     24     26     3910.1     1722.1
5968        142     28     17     4768.7     1715.4
5969        122     30     14      412.5     1717.4
5970        155     28     22      769.7     1720.7
5971        145     24     18      805.5     1719.8
5972        245     25     35     1255.2     1729.2
5973        124     15     26     1490.4     1722.4
5974        123     24     12     1892.3     1715.5
5975        180     25     24     3163.6     1722.2
5976        160     29     21     4168.9     1723.3
5977        130     27     20     4711.3     1719.9
5978        255     38     33     4969.2     1727.1
5979        209     24     28      704.7     1725.9
5980        231     26     37     1721.1     1733.4
5981        347     22     49     4753.4     1738.3
5982        122     21     14     4857.5     1717.8
5983       1574     82     95      479.4     1754.3
5984        181     21     26      499.0     1725.7
5985        331     31     32     1223.4     1732.1
5986        136     22     23     1273.7     1725.1
5987        197     32     23     3207.9     1726.4
5988        432     56     28     3240.0     1727.5
5989        123     11     36      348.9     1735.2
5990        143     18     24     3462.4     1729.2
5991        177     31     20     3671.9     1726.3
5992        105     16     12     3930.8     1721.9
5993        108     21     19     4628.9     1726.9
5994        998     67     81     4674.8     1759.0
5995        211     28     26      200.1     1730.9
5996        110     18     20      253.5     1727.6
5997        131     16     23     1315.2     1730.6
5998        105     13     25     1802.7     1730.5
5999        156     23     23     3317.5     1727.7
6000        120     20     22     3510.7     1729.3
6001        146     24     34     5058.6     1734.4
6002        263     39     33     1124.2     1733.4
6003        343     35     39     1695.0     1740.4
6004        214     35     26     3123.5     1732.7
6005        638     45     60     3840.2     1742.6
6006        337     39     25     3884.5     1731.6
6007        113     17     23     3958.2     1732.0
6008        295     30     30     4330.1     1735.9
6009        204     27     30     4349.0     1734.6
6010        153     18     27     4697.2     1734.1
6011        112     19     14     5036.2     1727.0
6012        202     20     38     5207.0     1740.5
6013       1149     82     79     1010.7     1764.3
6014        202     28     22     1894.5     1733.5
6015        202     37     22     3272.5     1732.2
6016        164     22     29     3418.1     1737.7
6017        505     38     40     3984.6     1744.3
6018        444     46     56     4064.2     1749.3
6019        200     25     26     4899.4     1735.8
6020        119     30     21     5299.2     1732.9
6021        135     18     20      518.5     1732.9
6022        432     46     33      788.9     1739.5
6023        138     23     25      823.1     1736.3
6024        100     21     16     1472.7     1731.0
6025        167     29     20     3438.7     1734.0
6026        219     24     26     4650.3     1735.9
6027        207     31     28      124.8     1738.0
6028        452     45     50     1099.7     1747.0
6029        512     44     46     1350.0     1743.9
6030        123     14     22     3479.8     1738.2
6031        142     16     29     3530.5     1742.5
6032        215     28     20     3725.8     1735.6
6033        154     23     19     4108.6     1736.1
6034        404     33     47     4151.7     1745.8
6035        102     13     26     4187.5     1738.6
6036        149     22     26     4409.0     1739.0
6037        110     22     13     4429.3     1731.9
6038        162     28     18     4781.1     1734.0
6039        196     31     24     4946.7     1738.1
6040        172     21     30        7.3     1743.1
6041        348     29     37      273.1     1744.9
6042        213     33     19      681.1     1736.8
6043        376     40     50     1281.1     1754.3
6044        187     33     19     3558.3     1738.3
6045        139     21     25     4475.8     1740.1
6046        229     18     44      420.7     1747.6
6047        457     28     57      563.0     1760.7
6048        266     34     30     1049.5     1746.1
6049        166     24     30     3092.2     1746.9
6050        475     37     44     3928.1     1746.6
6051        193     24     29     4811.2     1745.3
6052        420     43     45     5154.8     1752.0
6053        122     20     16     5179.4     1738.8
6054        148     17     24     5249.6     1740.4
6055        100     18     15     5414.0     1737.2
6056        654     49     48     1152.4     1757.5
6057        212     28     22     1384.9     1743.7
6058        255     27     28     1479.7     1746.3
6059        400     27     55     3189.8     1760.7
6060        155     20     27     3331.1     1743.4
6061        381     47     28     3675.0     1745.2
6062        110     13     21     3778.6     1741.8
6063        516     42     39     3810.9     1753.0
6064        357     37     46     4733.3     1758.8
6065        461     40     45     4839.7     1753.3
6066        119     17     19     4924.8     1742.0
6067        214     25     22       34.2     1743.7
6068        393     42     34       83.6     1751.2
6069        221     40     20     1832.1     1742.9
6070        136     22     21     3242.5     1746.3
6071        217     24     31     4423.5     1751.8
6072        114     22     15     4770.7     1741.5
6073        213     28     34     5042.6     1750.2
6074        122     17     22      235.0     1746.2
6075        381     30     54      366.6     1762.3
6076        409     47     29      645.9     1749.1
6077        121     24     20     1201.0     1745.7
6078        260     25     32     1931.7     1752.8
6079        342     42     30     3048.1     1750.1
6080        175     26     24     3145.2     1747.2
6081        121     20     20     3164.6     1745.8
6082        277     33     31     3263.0     1752.5
6083        200     29     33     3308.1     1750.5
6084        281     21     44     4079.8     1757.0
6085        125     17     16     4132.1     1744.1
6086        105     23     18     4713.6     1743.8
6087        170     35     16     4995.2     1744.9
6088        183     23     21      545.5     1745.7
6089        141     27     22     1454.2     1749.8
6090       1286    108     67       79.7     1773.2
6091        193     26     26     1312.0     1754.1
6092        560     47     47     3462.1     1763.0
6093        228     37     36     4228.4     1754.6
6094        206     26     23     4387.9     1753.3
6095        103     17     14     4458.7     1746.3
6096        775     51     58      225.1     1773.8
6097        234     20     46      344.6     1763.1
6098       1798     84     91     3080.0     1784.7
6099        324     25     47     3281.9     1763.8
6100       3176    125    143     3421.4     1815.0
6101        572     53     42     4108.3     1760.2
6102        286     35     34     4262.8     1762.0
6103        198     21     33     4285.4     1758.7
6104        156     25     20     4310.5     1753.8
6105        556     48     44      593.7     1763.8
6106        108     17     24     1215.0     1755.4
6107        128     20     20     1611.4     1752.0
6108        257     26     30     1656.3     1760.2
6109        243     31     38     3878.4     1762.4
6110        136     21     15     5335.2     1752.7
6111        840     54     57     1490.2     1776.7
6112        710     35     62     3222.6     1778.0
6113        225     33     25     1748.2     1759.3
6114        170     23     20     4171.2     1757.5
6115       1398     73     92     4317.2     1794.3
6116        245     32     24     4593.0     1760.0
6117        111     24     15     1560.5     1758.2
6118        713     59     76     1603.3     1788.7
6119       1351     68     83     1767.0     1797.7
6120        290     40     31     1883.6     1766.3
6121        195     28     22     3322.5     1761.8
6122        590     67     48     3586.0     1770.1
6123        228     23     35     3889.7     1768.4
6124        704     57     51     4206.6     1776.1
6125        864     67     54     4473.3     1777.9
6126        541     63     47      158.0     1770.9
6127        200     21     31      253.2     1769.0
6128        204     28     25     1101.6     1766.1
6129        521     40     52     3655.4     1776.0
6130        126     20     20     4869.5     1763.3
6131        120     25     14       15.7     1759.4
6132        124     20     17     1333.0     1761.6
6133        362     48     30     1377.6     1767.6
6134        139     20     20     1720.5     1764.8
6135        356     37     38     1959.8     1775.4
6136        269     33     37     3344.4     1776.3
6137        804     51     52     3519.7     1781.5
6138       1359    101     44     3947.7     1776.3
6139        396     39     32     4018.5     1773.3
6140        468     34     59     4808.8     1779.1
6141        135     26     17     5062.3     1762.3
6142        134     19     27      446.8     1771.7
6143        202     21     27      467.1     1770.4
6144        189     32     23     1184.1     1767.1
6145        370     37     34     3694.8     1773.6
6146        109     15     20     3853.6     1766.6
6147        153     16     22      766.5     1769.2
6148        118     18     24     4984.2     1774.0
6149        905     69     56      624.3     1788.8
6150        206     25     31      715.6     1775.9
6151        165     21     29      812.6     1773.0
6152        322     38     43     1069.2     1777.3
6153        120     18     22     1579.3     1770.1
6154        281     36     30     3141.6     1773.9
6155        158     21     27     4932.9     1771.6
6156        204     29     23     5364.3     1771.3
6157        350     34     47      986.3     1786.6
6158        507     47     49     1553.3     1786.2
6159        213     26     32     1739.4     1778.7
6160        134     19     16     3774.9     1768.6
6161        107     14     20     4578.0     1772.4
6162        111     18     23     4616.8     1774.7
6163        183     18     35      198.1     1781.7
6164        248     27     22      271.3     1775.5
6165       1078     51     89      530.5     1810.0
6166        803     49     67      873.1     1794.8
6167       1266     62     63      939.2     1795.1
6168        123     20     19     1204.9     1775.2
6169        416     56     29     1301.7     1774.8
6170        191     27     30     1638.5     1775.9
6171        461     38     40     2943.9     1782.7
6172        198     21     33     5116.1     1779.4
6173        109     19     25     5300.9     1773.6
6174        134     19     21       50.8     1775.1
6175        455     45     37      679.8     1784.6
6176        218     22     30     3035.3     1780.5
6177        113     19     19     3166.3     1775.5
6178        203     34     26     4955.6     1779.1
6179        446     36     47     1249.4     1790.9
6180       1403     95     70     1429.6     1800.4
6181        125     23     19     1526.2     1778.2
6182        161     17     24     1919.9     1777.3
6183        278     20     46     3448.7     1788.1
6184        430     46     41     4150.1     1791.8
6185        448     41     43     4433.5     1791.0
6186        176     23     25      751.2     1781.0
6187        259     28     41     1213.8     1790.4
6188        793     58     51     1857.1     1796.0
6189        937     88     44     3276.6     1791.1
6190       2031    117     87     3778.3     1811.9
6191        165     25     24     4112.9     1782.2
6192        130     18     23     4829.6     1781.5
6193        107     19     17     5183.2     1776.6
6194        217     21     29      552.7     1788.4
6195        146     17     21      909.8     1782.3
6196        802     54     69     2117.0     1806.4
6197        182     32     19     4350.0     1782.2
6198        201     45     16     4552.8     1780.4
6199        109     13     21     4753.8     1781.3
6200        270     24     42      391.5     1794.4
6201        535     41     47     1330.3     1795.1
6202        125     21     20     3177.5     1784.1
6203        108     28     12     4656.6     1779.4
6204        149     25     18     4862.2     1780.8
6205       1383     78     80      302.5     1819.5
6206       1135     59     65     1699.6     1807.6
6207        424     54     29     4260.7     1786.8
6208       1133     57     71     4364.5     1814.3
6209        221     30     22      436.4     1790.7
6210        640     65     44      791.8     1803.3
6211        485     64     42     1150.0     1794.9
6212        111     21     16     1664.6     1787.4
6213        104     16     16     1819.8     1785.5
6214        843     69     51     3337.6     1801.1
6215        444     44     49     3706.9     1800.5
6216        106     17     19     3851.5     1787.2
6217        748     66     38     4025.9     1795.9
6218        151     24     24     4400.8     1789.0
6219        116     23     16     5423.7     1785.8
6220        999     54     77      156.0     1819.2
6221        140     23     21     1104.9     1791.0
6222        113     22     19     1989.6     1789.3
6223        129     28     16     3754.1     1786.7
6224        214     29     28     4675.2     1793.6
6225        181     26     27     5095.8     1792.9
6226        107     16     22     5337.6     1791.7
6227        124     19     19       25.1     1791.4
6228        156     19     22      456.6     1790.2
6229        154     27     24     1797.0     1795.2
6230        753     71     42     3147.9     1805.0
6231        233     50     32     4183.9     1794.6
6232        139     17     20     4519.5     1791.6
6233        196     27     25     4883.3     1793.2
6234        131     19     27     1192.0     1795.8
6235        795     61     60     4592.0     1813.4
6236        491     46     43     1937.2     1810.5
6237        139     26     31     3544.8     1804.3
6238        217     22     37     3606.4     1802.1
6239       5413    180    185     3767.7     1887.7
6240       1045     52     99       89.8     1828.6
6241        125     14     26      843.0     1799.4
6242        158     29     20     1278.0     1796.4
6243        118     18     22     4232.3     1799.5
6244        117     24     16     4538.3     1797.7
6245        105     13     21     4984.6     1798.9
6246        106     15     19     1486.1     1798.3
6247        156     18     24     1625.0     1800.1
6248        290     23     35     3889.6     1805.8
6249        323     35     31     4099.6     1806.4
6250        103     15     20     4490.1     1801.5
6251        150     25     27     4958.7     1804.1
6252        105     17     20     5321.5     1799.4
6253        592     47     45     1288.4     1814.8
6254        186     17     29     1359.8     1805.5
6255        136     16     27     1914.2     1806.7
6256        143     27     21     1978.9     1800.1
6257        142     15     23     3302.0     1804.1
6258        103     12     20      207.5     1802.5
6259        104     18     16      372.3     1800.9
6260        126     18     21     3039.0     1805.4
6261        182     26     26     4251.4     1804.9
6262        123     24     15      109.7     1804.4
6263        102     20     16      756.2     1804.5
6264        418     50     32     1024.0     1812.2
6265        551     39     45     1093.8     1818.9
6266        284     31     32     1654.8     1808.5
6267        317     39     42     1808.7     1817.1
6268        108     28     11     4793.1     1801.3
6269        317     35     32     4862.2     1814.6
6270        103     18     16     4903.0     1805.1
6271        144     24     16      673.5     1807.3
6272        295     31     37     3836.2     1818.2
6273       5279    103    210     3876.4     1909.1
6274        897     54     61     3968.0     1826.5
6275        605     54     40     4746.6     1817.5
6276        406     37     39       20.1     1817.9
6277        144     19     27      305.6     1812.7
6278        120     21     24      616.8     1813.6
6279        355     31     44      630.7     1827.4
6280        102     16     18      702.8     1807.2
6281        186     26     30     1190.3     1815.8
6282        196     40     23     1510.7     1809.6
6283        189     21     32     3620.5     1817.2
6284        520     33     52     4066.5     1826.3
6285        115     20     20     4180.1     1808.8
6286        279     32     29      722.8     1816.2
6287        456     40     49     1846.8     1825.5
6288        455     31     52     2002.9     1827.3
6289        172     32     32     2025.0     1819.2
6290        128     28     16     3098.1     1810.0
6291        153     30     19     3637.6     1811.2
6292        117     16     18     1135.5     1813.8
6293        336     37     31     1221.9     1819.2
6294        172     23     23     3431.3     1814.8
6295        768     50     58     3496.3     1830.4
6296        135     26     18     4995.2     1812.7
6297       3435    170    104      477.5     1867.1
6298        532     39     56     2044.0     1830.2
6299        246     39     18     2981.5     1814.6
6300       1275     89     54     3171.3     1835.6
6301        679     57     54     3244.6     1832.2
6302        192     31     27     4143.3     1816.8
6303        142     21     23     4219.8     1817.6
6304        418     49     30     4821.9     1819.7
6305        637     49     61       44.9     1843.3
6306        130     21     23      237.2     1820.0
6307        127     20     18      370.0     1817.4
6308        187     20     30     1251.0     1820.1
6309        191     25     21     3013.6     1818.4
6310        209     28     19     3280.5     1817.4
6311        454     47     33     4027.5     1827.8
6312        120     20     21     4451.2     1818.0
6313        114     18     22     5204.6     1816.8
6314        120     18     24      219.5     1820.2
6315        115     21     19     1169.3     1819.7
6316        102     15     26     1633.7     1821.9
6317        443     38     48     4272.1     1833.4
6318        135     24     22     4943.6     1822.7
6319        459     38     42      431.6     1833.9
6320        255     26     31     1586.2     1826.9
6321        176     23     21     1819.4     1821.9
6322        114     20     19     2143.4     1822.8
6323        169     25     22     3926.1     1824.0
6324       7878    174    219     4091.1     1944.6
6325        193     32     17     4490.9     1821.1
6326        178     29     29     4706.0     1828.5
6327        368     44     51     4781.5     1840.4
6328        124     22     17     5157.4     1820.1
6329       1440    106     61      696.3     1841.6
6330       7122    157    220      814.1     1928.4
6331       1380     77     85      900.2     1859.6
6332        108     17     19      974.5     1824.8
6333        158     28     29     1398.0     1831.0
6334        101     15     18     3863.6     1822.0
6335        110     19     19     4436.5     1824.5
6336        178     22     27     4674.2     1828.7
6337        103     23     14     5030.9     1820.7
6338        137     12     25     5061.1     1827.2
6339        115     13     25     5417.1     1827.9
6340        309     35     26      192.3     1828.9
6341        895     64     55     1473.7     1848.3
6342        820     60     44     3563.8     1836.0
6343        226     32     21     4174.5     1826.7
6344        117     23     13      458.9     1824.2
6345        111     15     26      846.3     1832.3
6346        114     20     18     1124.3     1827.2
6347        159     22     22     1502.5     1829.4
6348        409     42     29     1901.0     1833.3
6349        250     28     26     3048.1     1831.3
6350        136     24     24     3341.1     1830.6
6351        437     43     40     4249.3     1836.8
6352        727     49     55      577.8     1845.7
6353        367     36     40     3292.9     1841.2
6354        136     22     24     3317.8     1833.2
6355        164     20     26     4692.8     1833.0
6356        103     17      9      929.7     1827.2
6357        802     75     46     1022.9     1840.9
6358        239     26     29     1342.1     1836.4
6359        192     19     27     1728.1     1835.1
6360        100     17     18     2168.1     1829.3
6361        176     22     21     2998.1     1832.9
6362        157     22     21     4328.4     1834.6
6363        121     18     22     4638.5     1832.2
6364        278     19     47     4916.3     1848.6
6365        123     22     22     5171.6     1832.5
6366        119     21     23      383.9     1835.0
6367        132     17     31     1061.5     1836.0
6368        195     32     19     1185.9     1832.8
6369        138     24     20     3020.4     1833.5
6370       1078     64     62     3776.4     1854.1
6371        195     37     18     4469.1     1832.4
6372        144     21     22     4520.5     1832.0
6373        193     30     20     4575.5     1831.9
6374        650     54     61     4645.0     1857.9
6375        700     46     74      229.9     1865.2
6376        843     51     60     1231.6     1851.3
6377        259     35     24     1767.1     1838.4
6378        162     25     21     2062.0     1836.6
6379        133     15     25     4218.5     1838.4
6380        704     57     55     4377.5     1853.1
6381       1697     85    100      965.3     1869.8
6382        108     14     18     1381.5     1836.9
6383        155     29     17     1440.9     1837.6
6384        544     48     54     2097.0     1853.0
6385        125     21     19     3355.0     1835.0
6386        104     16     15     4425.1     1835.9
6387        839     85     56     4461.9     1861.3
6388        125     21     15     4816.7     1835.0
6389        244     24     29     4858.8     1840.1
6390        394     35     34     1162.4     1847.3
6391        149     20     26     1679.6     1844.8
6392        117     15     19     1743.0     1840.6
6393        890     43     62     3620.2     1861.0
6394        102     17     19     4725.3     1838.0
6395        108     18     27     4836.9     1843.8
6396        166     14     27        5.9     1845.5
6397        186     31     20      340.1     1842.1
6398        114     18     26     1859.9     1841.6
6399        280     28     33     1940.2     1850.0
6400        650     84     37     3080.4     1848.1
6401       2184    111    104     3191.3     1883.9
6402        239     34     24     4169.4     1842.3
6403        101     12     21     4945.4     1841.5
6404        145     22     25     4965.3     1842.6
6405        292     41     30      126.8     1852.1
6406        469     34     41      183.1     1854.8
6407        163     29     26     1384.3     1849.2
6408        148     20     19     1560.5     1845.0
6409        234     36     39     1726.0     1853.4
6410        122     22     18     1790.3     1845.1
6411        964     48     71     3910.3     1871.0
6412        113     20     19     4561.4     1843.6
6413        142     25     22     4622.7     1845.6
6414        283     30     29       71.5     1848.7
6415        121     18     21      609.9     1846.8
6416        243     24     27     1076.5     1850.6
6417        164     23     22     1272.4     1846.2
6418        246     31     27     1528.5     1846.7
6419        338     43     23     1642.3     1848.4
6420        365     35     41     2140.7     1854.7
6421        299     36     33     3682.8     1854.1
6422       1027     95     58     3962.4     1865.0
6423        402     25     55     4188.1     1863.6
6424        393     45     35     4417.3     1858.5
6425        173     28     23     4742.4     1849.1
6426        153     26     21      357.1     1849.8
6427        371     40     29     1604.4     1853.5
6428        130     19     22     1697.6     1849.0
6429        123     26     20     1917.7     1850.4
6430        114     17     24     1958.9     1847.6
6431       2211    112     79     3293.3     1880.7
6432       1294     87     66     3679.2     1876.4
6433        338     27     35     4582.5     1857.6
6434        257     48     23     5033.9     1850.8
6435        125     22     23      535.1     1851.4
6436        177     22     27     3351.4     1853.6
6437        197     31     25     3816.1     1854.2
6438        104     17     18     4896.7     1850.0
6439        114     21     20     5223.1     1850.1
6440        145     21     43     5428.7     1864.4
6441       3707    139    161     4214.9     1930.8
6442        354     32     31     4532.3     1857.3
6443        148     20     29     5198.8     1856.1
6444        201     35     18     1105.9     1852.3
6445        139     24     16     1819.4     1852.0
6446        614     40     76     1878.9     1887.0
6447        403     27     44     4335.4     1862.6
6448        202     36     24     4675.4     1855.4
6449        217     50     19     5159.6     1853.4
6450        106     17     16     5315.2     1853.2
6451        971     68     70      638.3     1884.6
6452        319     32     38      738.4     1865.3
6453        258     30     29     2058.8     1861.7
6454        168     25     18     3601.4     1853.0
6455        316     44     25      268.6     1859.7
6456        125     15     21     1056.4     1859.1
6457        322     29     45     1310.3     1868.3
6458        601     52     57     1393.4     1877.3
6459        100     25      9     1757.5     1851.6
6460        140     24     23     3419.4     1860.8
6461        259     28     41     3588.0     1869.2
6462        198     21     28     4216.9     1864.9
6463        102     22     10     4957.6     1853.0
6464        245     34     29     5248.8     1860.7
6465        170     19     21      867.8     1859.8
6466        102     22     17     1423.5     1860.3
6467        144     25     20     1713.1     1859.1
6468        133     27     23     1765.0     1860.4
6469        775     63     56     3030.0     1878.4
6470        158     18     25     3101.9     1861.6
6471        122     18     26     3161.7     1863.0
6472       2015     77    119     3999.5     1913.5
6473        212     29     23     4724.0     1861.8
6474        339     28     42      373.0     1873.9
6475        118     19     17      542.3     1860.7
6476        203     26     30     1978.7     1867.2
6477        273     30     29     2165.4     1863.4
6478        189     25     23     3368.2     1865.1
6479        371     28     54     4164.9     1877.2
6480        499     37     41     4307.0     1870.5
6481        207     20     28     4556.7     1864.8
6482        430     30     45     4602.0     1877.4
6483        112     16     14       62.1     1860.8
6484        113     12     27      514.0     1864.8
6485        217     32     26      631.3     1866.1
6486        124     24     15     3129.7     1862.4
6487        632     40     48     3404.7     1881.4
6488        106     14     18     1268.5     1864.9
6489        850     55     66     1844.8     1885.1
6490        264     33     33     3455.8     1877.1
6491        121     15     22     4202.5     1867.7
6492        121     24     16     4274.4     1862.7
6493        941     66     58       37.9     1886.2
6494        131     17     27     1089.1     1872.0
6495        104     12     27     1341.1     1869.3
6496        140     21     21     1375.7     1869.7
6497        183     43     13     1645.5     1865.3
6498        105     20     28     4686.1     1870.1
6499        179     23     30     4752.6     1871.5
6500        211     27     23     4949.9     1870.3
6501        108     26     14     5172.4     1864.5
6502        218     31     25      111.5     1873.0
6503        207     34     24      339.3     1869.6
6504        273     30     29     1031.9     1875.1
6505        190     35     34     1430.2     1877.6
6506        226     30     31     1502.0     1878.2
6507        634     66     49     2125.0     1882.8
6508        212     20     31     3562.4     1876.6
6509        439     40     38     4868.4     1875.1
6510        145     23     16     4894.6     1869.7
6511        149     22     21     1541.8     1871.2
6512        212     49     19     1904.1     1871.5
6513        130     20     18     1960.8     1871.1
6514        204     27     26     5041.0     1873.1
6515       1285     85     61      158.5     1891.0
6516        176     16     39      602.5     1882.8
6517        238     28     25     1124.8     1875.6
6518        138     21     24     1523.8     1873.9
6519       2042     81    146     1706.0     1930.0
6520        104     16     14     4141.0     1869.6
6521        128     19     19     5014.6     1872.5
6522        141     22     23      296.9     1875.8
6523        413     41     29     1684.2     1878.5
6524       1574     93    113     1792.4     1915.2
6525        271     43     22     2036.3     1877.5
6526        169     28     17     3503.9     1876.0
6527        454     36     41     3531.6     1885.6
6528        136     28     15     4973.9     1873.2
6529        103     21     19     5204.0     1875.3
6530        102     21     21      207.0     1879.0
6531        118     14     26      408.3     1881.5
6532        176     27     23      993.9     1879.9
6533        119     12     23     1199.4     1878.4
6534        195     24     22     1473.8     1880.1
6535        167     25     21     1628.7     1878.4
6536        120     18     20     3069.0     1877.1
6537        142     16     29     4057.9     1881.6
6538        220     21     28     4414.8     1882.5
6539        381     28     52      583.2     1890.6
6540        731     54     52     1063.3     1895.0
6541        121     23     16     1235.3     1877.9
6542        118     15     23     3100.1     1882.1
6543        129     20     19     3135.9     1879.8
6544        117     20     24     4282.6     1880.3
6545        103     19     13     4479.0     1875.2
6546        198     23     23     4806.1     1879.9
6547        202     34     21     5242.0     1878.3
6548        279     39     27      716.3     1887.9
6549        187     23     21      864.9     1882.0
6550        371     41     38     1657.1     1892.5
6551        208     27     28     2995.7     1886.2
6552        133     16     24     4542.1     1884.3
6553        532     55     40     4686.4     1892.3
6554        174     32     23      824.2     1887.1
6555        606     52     46     1245.0     1896.0
6556        208     23     29     1287.3     1890.0
6557        202     21     35     1325.2     1893.7
6558        214     27     37     1915.9     1891.8
6559        105     18     20     1940.9     1884.5
6560        253     23     30     3844.1     1888.6
6561        618     37     83     4142.9     1918.3
6562        300     27     32      563.4     1891.8
6563        154     15     29      675.3     1889.9
6564        129     16     19     1007.4     1886.2
6565        614     33     68     1439.7     1913.3
6566        217     27     22     1989.4     1886.8
6567        880     93     53     3365.3     1906.4
6568        250     28     30     3579.7     1894.2
6569        492     49     36     4057.2     1895.1
6570        120     25     12     4564.4     1881.9
6571        116     16     18      348.3     1886.3
6572        120     23     18     4091.1     1887.2
6573        139     32     15     4206.5     1884.4
6574       2109    107     74     4745.9     1914.4
6575        118     14     32     5317.4     1890.8
6576        255     28     30      266.4     1895.3
6577        947     60     59      398.5     1909.4
6578        117     20     18     1148.6     1888.1
6579        275     42     30     1550.5     1894.9
6580        113     15     21     1580.2     1891.0
6581       1070     69     66     1952.1     1912.6
6582        169     22     22     2065.5     1891.4
6583        100     15     20     2153.1     1888.5
6584        226     27     29     3635.6     1894.0
6585        144     21     14     3986.8     1885.8
6586        111     18     25      329.5     1896.0
6587        103     15     22      663.8     1894.1
6588        115     17     22      686.7     1895.0
6589        207     23     26     1186.4     1893.1
6590        511     43     44     3938.3     1904.7
6591        115     20     26     3959.9     1895.7
6592        122     17     21     4653.5     1891.7
6593        113     18     16     5295.5     1889.4
6594        736     46     68       88.9     1918.5
6595        165     21     16      248.8     1892.4
6596        133     20     20      314.5     1893.6
6597        109     17     19      877.5     1893.7
6598        227     20     34     1354.6     1901.9
6599        117     20     20     4831.7     1894.5
6600        289     29     32     1025.9     1901.9
6601        159     25     18     1598.9     1894.7
6602        177     26     23     3613.6     1898.2
6603        460     38     49     4509.1     1908.9
6604        613     44     43     4551.8     1909.9
6605        141     29     17     4630.0     1893.4
6606        186     32     23     4812.9     1897.9
6607        480     57     32     4917.1     1901.6
6608        116     21     13      291.9     1894.2
6609        133     23     19     1208.6     1897.5
6610        543     65     35     1476.8     1907.1
6611        147     19     20     2107.1     1896.4
6612       1191     47     89     3490.3     1930.8
6613        101     14     17     4430.9     1896.1
6614        122     12     30     5020.7     1904.3
6615        110     15     20     3220.3     1898.1
6616        164     30     18     4181.2     1897.4
6617        305     30     34     4322.9     1907.0
6618        267     27     32      208.3     1907.8
6619       2744    147    108      379.4     1950.3
6620        282     36     31      991.8     1904.5
6621        461     39     48     1388.3     1915.3
6622        156     22     31     2003.2     1907.6
6623        242     28     33     2089.1     1911.3
6624        888     62     52     2152.6     1920.2
6625        354     26     44     3290.4     1910.4
6626        101     16     25     4205.3     1904.2
6627        385     42     56     4391.6     1919.6
6628        172     20     30     4579.2     1903.5
6629        148     21     22      115.7     1905.1
6630        131     16     28      651.3     1908.4
6631        126     21     24      741.0     1905.9
6632        100     14     19     1306.7     1903.6
6633        384     29     39     3225.4     1918.2
6634        255     31     27     3416.9     1907.1
6635       1454     97     82     3694.9     1940.7
6636        106     16     18     4478.3     1904.8
6637        310     35     38     5254.5     1909.6
6638        264     25     34      454.0     1913.8
6639        295     38     42      718.8     1914.4
6640        127     18     21     4232.0     1907.0
6641        108     18     19     4384.0     1907.2
6642        314     50     26     4433.1     1908.6
6643        348     37     40     5041.7     1919.0
6644        288     34     26      232.2     1908.3
6645       5679    162    156      253.3     1969.9
6646        311     22     30      434.2     1913.8
6647        165     32     14     3199.5     1904.2
6648        497     47     46     3665.2     1922.9
6649        113     21     13     3683.4     1904.1
6650        465     40     40     4349.3     1916.6
6651        187     22     22     4616.8     1908.8
6652        269     23     43     5115.9     1920.0
6653        253     39     24      550.6     1911.5
6654        115     17     21      885.5     1908.0
6655        110     33     15     1190.8     1910.3
6656        178     23     22     1645.5     1911.0
6657        374     37     39     3029.1     1921.5
6658        120     19     16     3122.2     1907.3
6659        236     37     28     5416.4     1911.6
6660        455     45     39     1088.6     1922.5
6661        167     17     28     1591.1     1913.2
6662        394     36     39     2298.2     1919.7
6663        817     72     42     3105.5     1922.0
6664        118     13     21     3242.4     1911.1
6665       5073    144    137     3588.6     1978.8
6666        149     21     26     3963.9     1916.5
6667        466     44     37      590.3     1922.6
6668        496     49     41     1147.9     1923.0
6669        110     13     20     2035.0     1914.5
6670        200     27     38     2231.6     1927.1
6671        164     16     25     2246.5     1916.7
6672        174     19     31     3463.9     1919.8
6673        110     20     26      377.4     1920.4
6674        457     40     41     3435.9     1922.9
6675        719     41     72     3538.7     1937.3
6676       2110     89     99     4473.4     1948.7
6677        228     27     41     4647.7     1930.7
6678        756     53     55     4815.8     1930.3
6679        580     60     38      500.5     1925.3
6680        205     30     20      666.4     1917.2
6681        211     25     26      789.5     1922.8
6682        238     29     24     1562.5     1918.4
6683        107     10     24     2114.3     1918.8
6684        148     26     18     3369.8     1917.8
6685        136     20     16     3908.8     1916.8
6686        161     35     20     4586.1     1921.0
6687        184     22     32       39.6     1926.3
6688       1532     82     87      118.1     1959.1
6689        788     64     59      631.9     1938.9
6690        218     26     25      706.0     1922.4
6691        106     23     24      769.6     1922.8
6692        234     27     34      889.1     1928.9
6693        365     43     23      943.6     1921.5
6694        190     27     24     1265.3     1921.7
6695        118     13     26     1659.6     1922.6
6696        102     16     24     5224.2     1922.0
6697        104     20     14      913.7     1917.8
6698        145     23     19     1240.2     1923.3
6699        309     36     29     4030.2     1925.6
6700        279     38     31     4952.5     1922.2
6701        568     44     52     1012.0     1939.7
6702        898     79     55     2040.7     1944.9
6703        126     13     26     2269.3     1924.8
6704        351     35     36     3062.3     1934.8
6705        254     36     18     4063.3     1923.3
6706        115     13     25      150.2     1928.3
6707        489     24     60     1176.7     1945.1
6708        410     53     27     1529.2     1928.3
6709       1596     87     66     1900.8     1948.8
6710        102     22     13     2220.6     1923.4
6711        132     21     34     3151.6     1930.5
6712        116     14     21     5010.8     1927.7
6713        101     20     17       11.2     1924.1
6714        399     37     27     1312.1     1929.4
6715        320     29     31     1367.9     1933.3
6716        381     49     26     4909.1     1932.0
6717        136     18     23      541.8     1930.0
6718        539     50     35     1588.4     1937.5
6719        668     25     67     1849.5     1951.6
6720       1958     89     82     3381.3     1954.1
6721        133     17     17     4371.2     1929.8
6722       1693     96     73     1622.2     1963.5
6723       3823    154    149     4321.5     1978.3
6724        145     21     18     4615.4     1931.5
6725        156     19     21       63.5     1935.9
6726        136     19     21      294.2     1937.8
6727        253     38     22     2087.3     1935.1
6728        195     18     30     3135.0     1938.7
6729        118     17     20     3244.3     1933.0
6730        155     17     34     3947.0     1937.1
6731        142     23     19      557.8     1936.1
6732        299     29     32     1049.8     1940.4
6733        120     13     24     1287.4     1937.5
6734        440     56     38     2286.6     1944.9
6735        190     16     29     3520.8     1943.0
6736        153     28     25     4670.1     1937.9
6737        121     25     13      679.8     1936.7
6738        133     26     18      905.3     1935.2
6739        331     41     30     1979.5     1941.0
6740        129     18     30     3290.1     1946.7
6741        145     31     19     3318.3     1937.9
6742        125     27     18     4035.1     1937.4
6743        140     16     26     4412.0     1938.4
6744        100     20     13     4563.0     1933.0
6745        367     35     35     4592.3     1948.0
6746        172     21     34     5250.3     1946.0
6747        118     18     15      970.3     1937.3
6748        151     17     23     1235.0     1941.9
6749        687     44     64     3266.9     1960.4
6750        213     26     30      925.5     1948.6
6751        101     19     17     1417.3     1938.7
6752        248     24     31     1432.4     1946.8
6753        105     12     31     2116.9     1947.1
6754       6419    179    193     3206.8     2012.8
6755        220     27     22     3196.6     1942.5
6756        228     36     21     3463.8     1943.0
6757        186     24     25     4548.4     1941.5
6758        250     21     30     4852.0     1947.7
6759        216     28     28     4998.5     1947.5
6760        178     18     37     5339.0     1949.4
6761        110     20     16       48.5     1943.0
6762        129     25     22      301.9     1944.7
6763        121     26     20      946.5     1942.3
6764        346     36     38     1475.7     1953.1
6765        269     33     25     4392.1     1946.3
6766        213      9     94     5467.0     1984.1
6767        120     18     24     2238.7     1949.3
6768        227     31     23     3307.5     1948.6
6769        312     37     40     4876.1     1958.1
6770        162     24     18      450.6     1946.4
6771        191     31     21      513.9     1948.3
6772        275     24     40      701.4     1956.8
6773        167     18     34     2085.4     1955.5
6774        122     22     18     4620.2     1946.7
6775        138     22     17     1253.8     1946.3
6776        315     28     43     1321.2     1959.5
6777        181     19     29     4708.8     1954.6
6778        731     50     49     4941.7     1961.7
6779        123     20     22      177.9     1954.1
6780       1148     75     74     1533.5     1977.2
6781        196     28     27     1581.4     1958.1
6782       1789    111    100     2132.7     1997.3
6783        415     50     35      957.3     1962.9
6784        137     18     18     2130.4     1951.7
6785        702     64     40     2325.9     1966.3
6786        307     42     29     3105.1     1960.6
6787        112     17     21     3330.5     1954.0
6788        568     49     46     4648.1     1967.0
6789        463     38     40     4762.2     1965.1
6790        143     25     24     5093.9     1955.4
6791        400     30     40      724.9     1965.8
6792        111     11     25     1271.3     1957.2
6793        230     22     21     1555.1     1957.2
6794        654     57     44     2096.2     1969.8
6795        117     15     25     3073.7     1962.0
6796        433     41     38     3803.0     1961.8
6797       7122    241    188     4031.9     2050.2
6798        161     16     28     4373.8     1961.1
6799        192     26     22     4428.2     1957.4
6800        215     28     22     4689.3     1954.3
6801        445     46     34       28.3     1963.1
6802        368     41     37     1151.7     1966.6
6803        391     41     41     1216.5     1970.5
6804        200     29     23     3011.3     1960.8
6805        182     21     31     3049.5     1966.4
6806        173     31     19     3725.0     1956.7
6807        175     29     34     4820.1     1966.1
6808        135     24     21     4975.2     1955.4
6809        165     29     22     5040.3     1959.9
6810        107     20     15     5236.0     1954.9
6811        108     25     13      576.3     1955.8
6812       1543    109     80     4562.5     1987.0
6813        314     41     42     5198.8     1970.0
6814        198     20     23     1053.1     1965.3
6815        444     39     30     1250.2     1967.0
6816        197     12     34     1737.0     1969.8
6817        223     22     33     2187.8     1970.7
6818        373     29     47     3934.5     1976.2
6819        423     39     44     4735.7     1973.4
6820        111     17     18     4785.4     1958.7
6821       3166    137    105      559.4     1999.4
6822        576     38     65     3430.8     1992.4
6823        401     45     40     3501.4     1975.4
6824       5572    125    201      456.5     2057.8
6825        167     27     18      890.3     1965.7
6826       1367     95     55     1986.8     1977.0
6827        171     19     27     2275.1     1968.7
6828        101     17     17     3348.8     1965.7
6829        469     38     38     3457.6     1974.2
6830        206     26     31       71.4     1968.7
6831        140     30     15      573.3     1966.9
6832       2183     98    106      708.6     2011.3
6833        523     42     46     1415.3     1978.7
6834        117     21     25     4436.6     1972.4
6835        624     64     42      978.9     1979.3
6836        145     23     29     1932.0     1975.2
6837        211     28     25      654.4     1978.1
6838        118     18     18      849.9     1970.3
6839        141     27     20     1451.3     1973.0
6840        346     36     45     1874.5     1983.6
6841        112     12     24     3649.7     1974.8
6842        131     23     16     4584.9     1971.5
6843        153     19     25     5081.0     1974.0
6844        105     13     31     5370.2     1978.1
6845        246     27     39     2125.2     1983.2
6846        211     17     36     3088.9     1980.3
6847        926     64     65     3320.7     1994.7
6848       1106     79     57     3761.1     1991.5
6849        147     16     31     5226.6     1980.2
6850       1387     76     81     1351.0     2008.3
6851        123     16     19     3065.1     1975.2
6852        387     26     42     3406.5     1984.4
6853        141     20     27     3552.0     1979.6
6854        208     26     28     3996.1     1980.5
6855        143     23     27      912.1     1981.5
6856        645     51     39     1108.0     1987.0
6857        128     23     16     1297.5     1974.7
6858        132     17     22     3667.1     1979.5
6859        194     28     26     3711.6     1982.6
6860        353     42     39     3913.9     1984.9
6861        200     28     25      820.6     1983.6
6862        681     48     62     3014.0     1998.2
6863        113     20     22      154.0     1984.0
6864        574     43     68      359.6     2007.3
6865        194     30     20     1470.6     1984.5
6866        113     16     28     1565.4     1986.0
6867        388     38     38     1920.7     1992.0
6868        131     13     25     4445.9     1984.5
6869        327     41     50     5308.9     1996.2
6870        171     18     30       33.8     1989.1
6871        579     58     45     2028.3     1992.9
6872        294     37     31     2230.9     1989.8
6873        319     35     41     3675.4     1992.4
6874        132     18     17     4019.1     1982.3
6875        216     33     22     4991.8     1983.6
6876       3874    166    113     1491.3     2037.1
6877       1610    101     86     1811.1     2015.5
6878        285     28     30     3355.2     1989.7
6879        810     46     60     4244.4     2004.0
6880        252     20     44     4385.5     1997.7
6881        249     34     30     4926.2     1992.6
6882        233     27     30     5174.8     1990.9
6883        150     24     22     5257.4     1987.5
6884        324     43     22     1010.4     1986.6
6885        435     40     31     1053.5     1991.6
6886        426     49     37     1153.0     1996.8
6887        125     14     27     4793.2     1992.8
6888        161     28     22     5051.2     1989.5
6889        112     18     22     5096.7     1990.9
6890        152     14     41       13.3     2004.0
6891        278     42     20      385.1     1989.0
6892        133     18     21      840.4     1992.8
6893        273     43     25     1457.0     1996.3
6894        524     56     40     3827.0     2001.4
6895        209     28     26     4403.8     1997.1
6896        288     32     40      645.0     2001.6
6897        365     50     61     1595.5     2013.9
6898        489     49     33     2285.0     1999.4
6899       2336    125    126     3071.9     2039.7
6900       1877    155     57     4702.3     2013.0
6901        183     23     23     5357.1     1996.5
6902       2275     89     99       81.8     2036.0
6903        104     38     10     1217.9     1991.7
6904        142     22     25     4903.8     1999.2
6905        109     15     24     5238.4     1995.9
6906       1055     78     52      152.9     2011.3
6907        228     33     26      368.1     1999.9
6908        113     22     16      904.4     1993.8
6909        344     39     41     1950.7     2011.8
6910        627     54     45     3289.5     2016.1
6911        115     25     13     3610.8     1996.3
6912        117     16     20     3718.3     1999.0
6913        121     17     26     4282.5     2002.4
6914        113     15     25      297.9     2005.4
6915        214     18     32     1441.2     2008.4
6916        277     23     37     3486.1     2009.8
6917        212     25     29     4306.7     2006.0
6918        169     22     33     4968.5     2008.2
6919        104     17     23     5013.0     2004.0
6920        208     28     20     1192.6     2005.2
6921        224     37     30     1209.0     2008.5
6922        144     29     26     1411.2     2005.6
6923        370     42     32     4822.5     2008.5
6924       1203     60     94      217.3     2035.8
6925        263     29     35      318.8     2012.8
6926        151     18     26     1009.1     2008.5
6927        176     16     33     1131.3     2010.7
6928        100     21     14     1648.1     2003.5
6929        434     43     42     2307.6     2019.7
6930        829     51     56     3375.2     2023.5
6931        994     74     52     4531.6     2026.5
6932        111     17     23     5341.2     2007.9
6933        282     26     33     1236.7     2013.5
6934        218     30     28     1896.6     2013.2
6935        125     12     27     3916.0     2011.8
6936        110     21     14     4423.4     2005.8
6937        178     19     28     5129.2     2012.0
6938        102     26     11      779.0     2006.1
6939        128     21     19      934.2     2007.8
6940        146     19     24     1255.5     2012.3
6941        121     33     22     1366.3     2011.9
6942        158     26     25     2071.6     2009.0
6943        145     28     19     2200.6     2007.8
6944        188     25     31     2231.6     2013.0
6945        199     33     26     4207.1     2014.1
6946        114     21     21     5397.8     2010.0
6947        348     33     40      390.3     2023.8
6948        806     74     45     1039.8     2023.3
6949       1110     96     68     1982.1     2037.4
6950        258     40     27     4494.1     2018.7
6951        858     66     63      503.4     2033.8
6952        247     33     23      696.2     2014.3
6953        885     44     64      919.1     2038.4
6954        407     45     54     1099.2     2033.5
6955        186     26     23     2992.1     2013.9
6956        261     43     28     3693.0     2018.1
6957        115     27     15     3755.8     2013.2
6958        165     21     25     3867.2     2014.9
6959        144     19     18     5148.0     2013.8
6960        101     17     16      126.7     2013.9
6961        102     17     16     1550.1     2015.3
6962        120     16     24     3735.8     2019.7
6963        109     20     16     3898.6     2014.2
6964        118     17     18     3940.1     2013.6
6965       2204    102    105     4244.1     2060.5
6966        326     40     28     4331.3     2020.4
6967        360     37     45     4627.0     2030.0
6968        191     18     34     4927.2     2024.9
6969        101     19     17     5424.9     2013.6
6970        202     25     29      118.2     2021.6
6971        417     35     55     1287.8     2036.2
6972        139     24     24     1398.1     2020.1
6973        204     22     25     1472.2     2018.8
6974        152     25     23     2158.8     2018.7
6975        197     30     28     3042.6     2020.3
6976        133     10     33     3405.5     2023.0
6977       7078    181    213     3509.2     2098.6
6978        181     22     33     4947.2     2025.2
6979        168     31     17     5063.8     2017.8
6980        280     31     34     5174.0     2024.1
6981        915     65     65      601.4     2046.0
6982       1108     58     75     1171.5     2049.4
6983        327     23     43     1319.2     2030.9
6984        234     29     25     1919.7     2021.9
6985        852     74     57     2062.2     2044.1
6986        126     19     17     3720.7     2020.1
6987        417     59     28     4433.9     2022.2
6988        116     20     25     5384.8     2025.6
6989        100     12     21      945.8     2021.9
6990        235     27     32     2044.8     2030.4
6991        509     41     47     3131.2     2034.0
6992        380     31     41     3766.2     2036.5
6993       1057     67     85     3853.4     2049.2
6994        431     34     55     4170.4     2042.3
6995        220     29     28     4808.6     2027.9
6996        767     44     75     4838.2     2055.9
6997        754     48     54       23.3     2038.5
6998        392     40     37     1129.5     2033.0
6999        152     24     20     3811.9     2023.6
7000        147     16     36     4606.7     2031.9
7001        295     40     26     4725.1     2026.2
7002        166     29     24     5039.7     2026.2
7003        113     25     15      990.2     2023.9
7004        137     24     19     1212.0     2026.2
7005        301     43     38     1653.1     2031.8
7006        112     21     16     2191.0     2021.8
7007        922     60     75     4761.7     2053.8
7008        246     24     44     3660.7     2038.6
7009        477     36     48     4869.9     2041.2
7010        229     26     32     4895.0     2029.6
7011        147     24     23     5404.1     2026.7
7012        182     32     28     5451.7     2028.8
7013        298     45     35      248.0     2040.4
7014        183     28     25      346.3     2032.5
7015        164     24     19      892.3     2029.1
7016       1591     75     66     1733.1     2055.4
7017        143     32     21     2996.3     2030.7
7018        338     28     37     3471.7     2037.1
7019       1038     85     63     2175.9     2057.0
7020        179     23     21     4121.1     2031.0
7021        105     14     22     4593.4     2033.5
7022        118     30     13     5317.7     2027.6
7023        372     27     48      745.7     2049.1
7024        113     17     22      806.3     2035.1
7025        537     54     37     2381.0     2043.0
7026        403     37     33     3884.9     2041.3
7027        152     27     16     4197.7     2031.5
7028        159     25     22     4578.3     2034.6
7029        171     20     22     4983.9     2036.3
7030        463     39     46     5000.4     2050.4
7031        127     19     22     5066.9     2034.4
7032        135     19     20      660.3     2037.9
7033        559     88     27     2244.0     2040.7
7034       1197     65     73     3180.1     2059.3
7035        127     23     22     3564.3     2038.5
7036        372     38     30     3593.3     2039.6
7037        105     27      9     4397.5     2030.4
7038        101     18     18     5351.5     2035.7
7039        114     25     16     1840.8     2037.2
7040        569     33     59     2101.4     2060.2
7041        135     23     23     2319.9     2038.4
7042        295     36     38     2990.7     2044.5
7043        838     67     39     3697.8     2044.4
7044        152     21     17     3953.0     2035.7
7045       1030     53     80      155.9     2065.4
7046        210     28     29      782.9     2045.3
7047        300     37     35      848.0     2043.2
7048        339     29     38     1781.4     2049.2
7049        132     25     19     1869.7     2042.0
7050        292     32     35     2338.1     2047.3
7051       9302    235    241     3337.2     2147.7
7052        394     39     34     3809.9     2046.7
7053        235     49     20     5281.0     2039.7
7054        119     18     21      945.6     2043.0
7055       2265     99    117     1033.4     2090.3
7056        732     55     54     1276.1     2059.3
7057       2488     83    148     1835.8     2101.7
7058        105     23     13     3061.9     2038.7
7059        224     27     26     3917.7     2045.3
7060        398     40     35     4430.0     2047.0
7061        259     31     41     5152.1     2051.7
7062        144     26     14     1346.3     2040.7
7063       1228     49     96     3645.5     2083.9
7064        117     27     11     4072.5     2038.2
7065        212     23     33     4400.3     2050.4
7066        112     23     12     4495.5     2040.1
7067        102     21     15     4693.6     2042.3
7068        333     38     31      321.8     2049.0
7069        185     26     17      977.0     2044.0
7070        488     34     57     3402.3     2062.4
7071        480     34     44     3619.3     2056.4
7072       5818    164    206     3764.6     2161.5
7073        105     18     19     4308.1     2046.2
7074        178     29     20     4457.7     2046.4
7075        314     38     28     4963.3     2050.8
7076        107     14     21     5379.1     2046.9
7077        129     20     22     2131.0     2050.5
7078        295     28     27     3299.3     2052.7
7079        311     28     43     3736.4     2058.7
7080        138     23     18     4569.1     2049.6
7081        364     36     32      348.0     2056.4
7082        422     50     54     1133.6     2070.9
7083        111     20     17     1993.2     2047.6
7084        265     19     40     2014.3     2059.5
7085        142     21     27     3837.8     2054.2
7086        938     84     79     4809.5     2078.5
7087        165     22     26      192.5     2055.8
7088        363     45     34      399.0     2059.6
7089        103     21     20     1100.6     2053.0
7090        124     19     16     1903.4     2051.2
7091        105     19     19     4724.3     2050.1
7092        130     26     12     4807.6     2047.2
7093        227     26     34     4895.0     2058.5
7094        108     15     26     5187.3     2051.1
7095        153     27     27     5219.0     2055.9
7096        749     38     74     1380.8     2077.9
7097        194     19     29     1937.3     2060.3
7098        230     29     26     2274.3     2057.3
7099        148     17     27     5300.8     2058.1
7100        696     60     54      559.6     2075.3
7101        131     19     18      874.4     2055.2
7102        160     27     20     4116.2     2055.4
7103        297     38     24     4665.7     2055.3
7104        136     18     32      655.5     2063.9
7105        793     57     47      890.5     2073.3
7106        390     37     31     1876.1     2063.2
7107        218     22     32     3016.9     2060.9
7108        151     25     24     3090.5     2059.0
7109        152     27     15     3747.9     2055.7
7110        135     25     20     4191.2     2057.9
7111        568     44     51     4336.9     2071.9
7112        359     40     39     5040.3     2067.1
7113        428     42     31      271.0     2063.7
7114        252     18     38      381.8     2070.3
7115        424     42     38      820.4     2066.4
7116        649     48     53     2238.2     2070.2
7117        234     43     26     3902.2     2061.3
7118        313     35     30     4382.4     2065.6
7119       1710     82     75     4601.2     2085.6
7120       1462     72     95      201.9     2098.6
7121        105     20     20     3110.2     2061.0
7122        332     27     33     4488.1     2068.5
7123        111     21     24       33.8     2066.6
7124        113     14     19     1245.2     2063.3
7125        129     22     18     1533.9     2061.3
7126        120     19     15     3038.8     2063.1
7127        114     13     20     3133.4     2063.8
7128        404     36     45     4433.4     2074.2
7129        378     41     50     4704.5     2074.8
7130        112     21     18      788.3     2064.0
7131        558     36     45     1096.3     2078.8
7132        529     38     45     1560.3     2077.6
7133       1554    106    130     1650.3     2116.8
7134        398     38     45     1994.4     2080.5
7135        893     59     56      521.7     2088.7
7136       4917    132    146      642.8     2128.0
7137       1146     57     55     1321.9     2084.2
7138       1923     86     85     2053.4     2102.1
7139        442     36     41     3142.5     2079.1
7140        478     49     41     4303.7     2072.9
7141        152     27     17      116.8     2067.1
7142        117     21     17      940.7     2068.2
7143        260     28     28      978.4     2072.5
7144        347     55     39     1197.0     2079.0
7145        116     22     22     1400.1     2069.9
7146        761     53     47     3766.0     2086.5
7147        195     34     26     5182.4     2075.5
7148        164     19     24     5205.6     2071.3
7149        377     28     38      300.8     2081.5
7150        272     29     37      768.0     2081.3
7151       1062     62     86     1960.7     2104.9
7152        723     49     68     3848.7     2097.9
7153        105     24     20     4462.5     2071.6
7154        101     21     16     4543.5     2069.3
7155        137     29     17     5374.5     2068.3
7156        161     24     21     1355.9     2074.7
7157        344     36     34     1448.8     2076.2
7158        113     16     18     3421.1     2073.3
7159        290     31     28     3683.9     2078.6
7160        288     19     49     3947.2     2085.3
7161        364     45     31     4512.9     2077.0
7162       2452    141     94      297.4     2105.1
7163       1086     79     63      724.9     2098.2
7164        167     26     20     2213.1     2075.6
7165        307     26     34     3046.5     2081.2
7166        497     48     37     4401.1     2085.9
7167        178     24     29     4746.8     2082.4
7168        119     17     22     5339.0     2076.3
7169        281     32     28     1416.0     2082.9
7170        231     15     43     1524.1     2084.5
7171       1062     50     75     1914.9     2105.9
7172        116     21     21     2335.9     2076.8
7173        125     22     22     3116.9     2077.5
7174        206     22     33     3905.0     2085.1
7175       1544     99    101     4789.2     2135.0
7176        163     27     20     4961.4     2078.6
7177        365     37     34     1220.9     2087.8
7178        120     16     25     1693.3     2084.0
7179        194     26     39     2258.4     2089.9
7180        427     25     54     2317.2     2097.1
7181        211     20     38     3167.5     2088.5
7182        146     23     17     3370.1     2078.4
7183        271     38     25     4170.4     2082.3
7184        902     67     63     4896.8     2106.3
7185        319     38     28       38.5     2085.9
7186        115     14     24     2349.3     2085.0
7187        208     23     36     5008.3     2088.5
7188        115     19     15     5379.4     2076.7
7189        729     62     64      979.0     2110.0
7190        210     27     26     4930.8     2084.0
7191        158     34     17     5286.9     2083.0
7192        136     11     31     1677.7     2094.3
7193       2698     81    143     2210.3     2153.0
7194        119     28     18     2366.1     2084.3
7195        145     22     20     2455.2     2086.7
7196        838     74     57     2543.0     2110.1
7197       2424     80    122     3108.0     2136.6
7198        378     37     36     3926.8     2091.7
7199        181     19     28     4278.9     2087.8
7200        201     28     25     4537.2     2087.5
7201        347     34     37     4733.9     2093.9
7202        285     35     30     4981.5     2093.9
7203        146     19     27     5063.2     2090.0
7204        109     21     14     5243.8     2083.1
7205        668     74     51      792.5     2100.7
7206        272     25     38     1240.3     2094.6
7207        240     26     37     1888.5     2093.5
7208        810     50     67     2117.2     2107.3
7209        670     36     74     2403.6     2116.4
7210        235     38     21     4255.0     2088.8
7211        512     43     45     4660.8     2100.2
7212        107     23     19     5227.1     2086.1
7213        338     35     31      845.6     2096.1
7214        114     25     18      953.6     2089.1
7215        678     46     73     1484.1     2114.4
7216        111     17     13     1870.6     2089.0
7217       3236     81    165     3592.7     2157.5
7218        132     18     24     3878.7     2090.7
7219       1345     71    101     3952.8     2137.6
7220        181     24     31     4488.0     2096.7
7221        108     16     19     4910.5     2089.1
7222        141     18     18       66.1     2090.8
7223       1875    109     80     1771.9     2122.1
7224        258     30     24     1814.4     2094.4
7225        301     31     35     3465.6     2101.8
7226        146     22     19     4363.9     2092.5
7227        201     20     27      111.6     2096.9
7228        223     33     24     1458.9     2094.3
7229        269     37     35     3989.7     2102.0
7230        151     14     26     4441.2     2096.6
7231        296     39     43     4452.0     2107.2
7232        104     12     23     5363.1     2096.6
7233        111     25     25       92.9     2099.5
7234        208     28     24      131.3     2097.8
7235        136     16     26     4315.8     2099.0
7236        153     14     33     5050.6     2103.6
7237        341     40     41     5207.2     2105.4
7238        151     13     33     5377.6     2103.5
7239        193     36     26     1167.6     2102.2
7240        116     14     26     2282.4     2099.6
7241       2246     92    150     3655.0     2179.8
7242        172     35     21     4175.8     2097.8
7243        123     24     16     1288.5     2099.4
7244       1042     75     55     2447.8     2109.9
7245        266     32     33     4072.8     2105.1
7246        363     26     39     4127.8     2109.6
7247        118     19     17       16.1     2100.3
7248        191     25     34      388.1     2108.4
7249        156     23     25      575.8     2106.1
7250        117     17     23     1500.7     2104.3
7251       1840     75     87     1541.0     2136.3
7252        102     14     20     1702.1     2102.5
7253        182     18     22     2154.7     2102.5
7254        156     18     29     3018.3     2105.6
7255        105     28     15     3050.8     2101.4
7256        315     65     24     4527.4     2102.7
7257        134     22     21     4954.2     2101.8
7258        137     21     20     5284.9     2102.2
7259        309     41     31       55.9     2110.3
7260        295     33     36     1872.3     2111.4
7261        210     22     33     2376.4     2110.2
7262       3609    109    154     4228.2     2173.4
7263        112     16     22     4328.9     2107.8
7264        840     75     61     4509.7     2123.0
7265        863     78     56     4727.0     2122.3
7266        111     15     22     5265.1     2106.5
7267        117     15     25     5431.6     2107.1
7268        132     25     13      409.7     2102.6
7269        343     43     35      885.7     2113.9
7270        192     26     17     1357.7     2103.5
7271        103     23     14     2963.4     2101.7
7272        183     23     20     3141.0     2105.5
7273        249     31     34     3272.3     2113.8
7274        161     22     24     3482.0     2108.4
7275        221     27     31     4639.1     2112.8
7276        441     28     48       24.4     2123.9
7277       1094     64     85      797.8     2136.1
7278        174     25     23      928.1     2108.2
7279        485     52     41     1237.6     2124.3
7280        105     19     19     1405.2     2107.7
7281        186     29     28     2906.7     2113.9
7282        211     26     32     3686.7     2113.2
7283        112     20     16     3701.2     2106.7
7284        251     25     31     3730.3     2112.1
7285       1152     58     69     3886.4     2133.0
7286        186     28     19      330.0     2110.4
7287       1269     77     71     3721.0     2137.4
7288        108     12     29     4018.4     2113.4
7289       1477     92     73     4298.1     2135.3
7290        125     20     16     4411.1     2107.7
7291        530     42     39     1089.4     2118.5
7292        689     37     55      375.1     2133.3
7293        119     23     16      753.6     2112.9
7294        185     25     29     2146.1     2119.7
7295        147     17     20     2952.1     2112.3
7296        314     41     25     3533.9     2116.4
7297       1400     85     81     4070.7     2143.6
7298        543     53     41     4175.9     2119.3
7299        187     18     24      840.6     2115.8
7300        113     26     18     2301.0     2116.1
7301        496     55     36     3927.4     2124.9
7302       1086     61     70     4132.4     2146.1
7303       1479     61    130     4428.8     2173.6
7304        205     32     23     4822.8     2117.6
7305        800     86     44     1175.2     2127.6
7306        393     44     41     1356.9     2130.2
7307        113     14     22     1417.8     2119.7
7308        281     33     35     2262.3     2125.7
7309        209     39     25     2346.7     2117.9
7310        500     43     52     2995.1     2131.4
7311        276     27     37     3044.9     2124.0
7312        102     25     19     3066.0     2118.0
7313        797     61     65     3181.6     2135.8
7314        429     38     40     4356.1     2129.7
7315        121     22     23     4386.8     2120.0
7316        219     24     38     4584.2     2128.3
7317        104     18     20     4938.0     2118.4
7318        152     25     24      225.3     2122.6
7319        136     17     20      357.2     2119.4
7320       2027     67    131      408.7     2177.6
7321        118     17     17      542.5     2119.0
7322        131     33     16     1126.4     2116.6
7323        124     17     22     1456.6     2120.1
7324        122     27     15     4559.5     2119.7
7325        157     24     22     5027.5     2118.4
7326        243     38     28     5150.8     2122.5
7327        169     29     22     5268.7     2122.5
7328       3643    137    110     1431.0     2164.4
7329       1730     73    113     3832.7     2173.8
7330        118     14     27     5326.2     2125.9
7331        336     45     22      516.6     2124.9
7332        465     39     69      910.6     2154.5
7333        110     20     20     1060.8     2124.8
7334        158     22     26     3147.9     2128.8
7335        122     26     21     5060.1     2127.2
7336        117     19     21     5365.3     2126.8
7337        100     28     11      313.4     2121.5
7338        346     25     35     3234.4     2131.8
7339        103     22     15     3468.0     2123.9
7340        438     39     38     3991.2     2136.1
7341        111     26     17     4328.4     2122.6
7342        292     34     26     4472.8     2128.4
7343        119     16     22     4974.4     2127.1
7344        970     48     75       73.0     2153.1
7345        565     52     45      162.9     2138.4
7346        545     45     44      749.3     2138.8
7347        101     18     16     1334.5     2125.9
7348        556     45     39     2047.1     2140.9
7349        583     51     61     4018.5     2152.1
7350        214     20     27     4413.3     2131.4
7351        202     24     28     4861.2     2133.7
7352        147     14     28     5085.1     2132.9
7353        280     42     29     5432.1     2131.7
7354        226     39     31     2319.9     2133.4
7355        212     20     32     2856.5     2134.2
7356        207     22     25     3023.9     2132.6
7357        141     14     26     3217.7     2133.9
7358        148     17     16     4595.9     2126.5
7359        199     28     30     4666.3     2137.5
7360        189     24     24      920.1     2134.4
7361        609     59     79     1591.6     2165.9
7362        161     29     25     1729.3     2135.6
7363       1374     81     84     2152.9     2167.2
7364        343     35     33     3291.9     2138.7
7365        382     26     57     3634.3     2145.1
7366        208     14     99     5466.4     2179.2
7367        196     22     29      117.1     2136.1
7368        236     26     29      338.8     2138.5
7369        164     36     22      856.2     2133.1
7370        269     29     28     2009.2     2138.1
7371        787     86     52     2305.6     2150.2
7372        189     22     24     2979.0     2136.4
7373        128     26     21     3256.6     2131.7
7374        188     20     28     4182.8     2138.4
7375        117     26     17     4566.7     2133.3
7376        202     23     24     4628.2     2133.3
7377        129     25     19     4949.6     2134.4
7378        140     24     20      890.9     2135.2
7379       1537    104     84     3395.3     2167.8
7380        106     17     16     3474.6     2134.5
7381       1102     82     93      332.6     2177.8
7382       2495     80    134      547.1     2186.1
7383        129     26     11      653.3     2134.1
7384        178     23     24     1104.3     2139.6
7385        945     61     66     1161.9     2158.9
7386        331     38     39     1874.3     2146.8
7387        132     17     26     4335.0     2140.5
7388        224     31     29      990.8     2143.6
7389        284     30     45     1319.2     2149.0
7390        107     15     18     1832.1     2139.2
7391        161     24     24     2374.7     2144.6
7392        189     16     28     4198.6     2144.5
7393        219     18     38     4883.0     2150.1
7394        103     13     21     5040.2     2141.7
7395        101     18     16      101.0     2140.9
7396        181     20     29      480.6     2149.5
7397        115     18     17     2543.8     2141.4
7398        105     16     21     4911.6     2143.2
7399        388     37     41     5003.1     2154.0
7400       2261    117    108      847.7     2184.8
7401        113     23     12      865.2     2140.5
7402       1391     92     82     2001.7     2183.9
7403       3199    116    103     3199.4     2189.9
7404        141     18     25     3674.0     2148.0
7405        121     22     21     5419.1     2146.3
7406       1237     65     76      723.7     2179.9
7407        120     15     23      970.4     2150.2
7408        120     13     27     1256.0     2149.9
7409        478     46     34     2963.8     2157.0
7410        104     17     19     3267.8     2147.9
7411        179     28     32     4679.7     2153.8
7412        215     19     41     5361.8     2155.8
7413        316     34     37     1131.4     2153.1
7414       1429     67     78     1344.2     2180.6
7415        114     16     40     1637.6     2160.1
7416        387     48     42     1718.6     2163.0
7417        238     29     27     1811.7     2151.6
7418        105     22     19     1914.7     2149.9
7419        137     21     23     1927.6     2151.4
7420        256     32     23     2085.6     2152.0
7421        194     27     23     4406.6     2151.2
7422       2374     86    114     4469.0     2201.7
7423        170     35     18     4601.8     2149.8
7424        188     28     25     5122.3     2152.1
7425        154     24     17       47.5     2150.1
7426        857     56     52      220.5     2172.7
7427        255     31     24     1223.5     2151.0
7428        157     29     14     1950.1     2149.5
7429        315     31     43     2417.6     2159.8
7430        208     21     37     4363.4     2160.9
7431        161     22     17     4709.4     2150.0
7432        168     28     32     5192.2     2156.5
7433        188     33     16     1051.1     2151.7
7434        161     22     27     2121.9     2157.6
7435        121     17     21     2254.4     2154.8
7436        200     27     24     3022.2     2155.6
7437        146     23     23     3761.3     2158.1
7438        151     22     21     4456.6     2153.0
7439        148     20     18     4521.1     2152.3
7440        169     33     14     4544.0     2151.4
7441        384     45     41     5300.5     2163.8
7442        529     45     34      262.2     2163.8
7443        146     17     27      306.5     2161.0
7444        165     21     24     1753.8     2158.0
7445        157     27     24     1888.3     2158.9
7446        210     29     25     2366.3     2158.8
7447        168     30     31     4871.9     2161.3
7448        312     35     33     5064.8     2162.8
7449        152     26     25      955.8     2160.7
7450        577     65     38     2548.8     2164.1
7451       1147     68    115     2965.1     2211.7
7452        172     20     32     5272.4     2164.6
7453        108     19     19      176.0     2159.2
7454        114     15     17      340.8     2159.9
7455        504     35     49     1075.1     2174.5
7456        228     32     29     2505.5     2162.1
7457        185     32     18     2858.1     2160.5
7458        121     19     17     3742.0     2157.3
7459        140     15     26     4728.9     2164.4
7460        263     41     28     5241.6     2164.2
7461        135     26     15     5339.9     2157.0
7462        975     50     74       23.4     2187.1
7463        103     17     17      436.5     2159.7
7464        114     16     16      773.6     2158.1
7465        323     47     32     1025.2     2169.5
7466        233     38     28     1113.2     2163.2
7467        402     45     34     2465.8     2168.9
7468        117     33     11     2917.9     2158.6
7469        339     38     34     3304.7     2168.2
7470        117     20     15     3404.2     2158.2
7471        225     25     35     3544.3     2168.8
7472        346     40     38     3905.2     2172.4
7473        187     18     28     4499.3     2165.1
7474        137     20     25     2014.1     2166.7
7475        186     17     25     2280.1     2166.8
7476        446     47     43     2392.5     2173.6
7477        642     88     31     4585.3     2169.3
7478        176     17     23     4659.5     2164.9
7479        203     15     34     4845.0     2172.0
7480        205     22     33     4961.5     2169.2
7481        783     68     65     1240.3     2188.9
7482        131     19     25     1303.5     2168.5
7483        555     50     38     1912.3     2178.5
7484        196     22     34     2779.4     2172.6
7485        462     32     57     4644.5     2184.0
7486        116     27     17     4702.5     2164.4
7487        136     20     27     4786.0     2171.3
7488        107     21     17     5138.4     2163.7
7489        259     36     26      130.3     2171.4
7490        118     20     19      975.1     2167.6
7491        310     31     44     1781.7     2176.7
7492        200     25     23     2051.3     2171.1
7493        340     44     25     4051.9     2171.1
7494        103     10     21     4535.9     2170.1
7495        172     28     19     4803.6     2168.7
7496        203     29     31     5411.5     2175.2
7497        291     37     29      449.5     2175.0
7498        896     51     76      584.4     2200.0
7499        117     19     20     1497.1     2168.8
7500       1082     69     66     1684.9     2190.1
7501        584     40     45     1811.6     2182.5
7502        608     54     41     1963.1     2180.8
7503        235     23     33     2496.9     2177.8
7504        111     29     12     3433.2     2166.2
7505        300     39     47     4872.6     2184.5
7506        137     23     20      604.1     2173.1
7507        206     40     16     2084.7     2169.4
7508        189     31     23     2208.1     2172.9
7509        116     14     28     2314.8     2175.2
7510        745     56     56     3040.6     2184.9
7511        149     18     21     3455.9     2171.3
7512        282     31     26     4181.3     2175.0
7513        215     25     24     4297.1     2175.0
7514       5620    206    151     4505.2     2252.7
7515        258     21     49     2259.3     2187.3
7516        124     17     25     2302.3     2178.6
7517       1642     87     76      489.1     2202.2
7518        681     42     61     1882.8     2200.6
7519        178     26     24     2607.9     2178.0
7520       7442    185    189     4109.5     2253.7
7521       1181     72     67     4294.4     2201.9
7522        160     23     27     4687.6     2179.1
7523        244     42     43     5313.8     2187.7
7524        615     49     36      108.4     2185.3
7525      28771    507    314     1470.5     2292.5
7526        100     12     19     2622.7     2178.4
7527        112     20     14     2966.5     2174.0
7528        168     18     27     3284.3     2178.4
7529        973     56     74     4379.5     2203.6
7530        137     18     20     5031.4     2176.8
7531        238     21     41       45.4     2188.3
7532        369     33     45      158.1     2193.9
7533       1005     68     70      643.6     2213.8
7534        352     34     40      788.8     2188.8
7535        182     37     17     1747.3     2178.8
7536        346     32     31     3857.6     2185.5
7537       3057    116     96     3935.9     2221.6
7538        229     29     27     4083.2     2183.3
7539        146     24     24     4602.9     2181.7
7540        132     26     16     4822.3     2179.4
7541        260     38     31     5375.4     2181.6
7542        597     49     37     1108.0     2191.0
7543        167     21     23     1203.8     2181.1
7544        107     15     21     1263.1     2183.7
7545        190     34     24     1494.7     2185.0
7546        253     23     45     1856.7     2193.8
7547        183     22     25     3485.6     2185.5
7548        215     31     26     4329.9     2184.3
7549        205     21     32     5085.1     2188.7
7550        288     44     21      292.0     2185.7
7551        119     19     18     2282.9     2184.8
7552        281     42     27     2344.7     2187.3
7553        251     35     24     2521.2     2186.0
7554        142     17     20     4733.6     2184.4
7555        198     40     24     4921.0     2183.9
7556        128     12     32     1397.3     2188.8
7557        105     17     23     3470.3     2189.7
7558        196     29     24     5026.0     2190.1
7559        225     32     30      927.9     2194.2
7560        307     36     32      971.0     2194.1
7561       1789     90     84     3113.2     2216.9
7562        122     16     21     3923.0     2190.7
7563        120     14     20     4036.9     2188.0
7564        721     48     49     4576.3     2201.2
7565        336     42     32     4709.3     2194.4
7566        389     61     28     5120.6     2189.0
7567        120     18     18     5239.6     2185.9
7568        131     23     21      758.8     2191.1
7569        570     62     33     1159.7     2195.4
7570        410     29     44     2408.7     2202.9
7571        679     45     65     2541.0     2220.2
7572        130     21     18     2592.8     2190.3
7573        294     41     33     3007.0     2193.7
7574        151     25     19     4002.7     2188.2
7575        173     22     16     4053.1     2187.7
7576        114     22     19     1461.8     2191.3
7577        150     19     26     2764.0     2195.6
7578        184     19     22     2881.8     2191.7
7579        190     20     28       84.6     2196.6
7580        830     73     40      246.0     2203.0
7581        307     29     38     3413.6     2201.9
7582        120     28      9     4774.0     2187.2
7583        230     35     31     4852.4     2199.8
7584        608     50     40     2448.6     2203.1
7585        142     18     23     2796.2     2197.2
7586     121598    817    811     3646.8     2556.1
7587        140     31     19     5277.5     2196.2
7588        113     14     25      617.0     2198.2
7589        210     31     21     1019.2     2197.3
7590        194     37     21     1750.8     2196.2
7591        213     29     22     2068.6     2199.9
7592       1202     60     77     2650.7     2225.4
7593        475     40     46     4251.4     2214.2
7594        208     35     26     4349.9     2202.5
7595        819     51     52     4613.3     2213.5
7596        544     57     43     4812.1     2205.2
7597        129     19     22     5228.8     2199.4
7598        220     24     34     1193.7     2205.5
7599        440     53     33     2111.4     2206.8
7600        121     21     15     2246.1     2197.0
7601        208     31     20     2297.5     2198.5
7602        135     19     26     2898.8     2203.3
7603        123     21     25     4072.9     2200.8
7604        362     39     37     4969.5     2208.2
7605        131     16     28     4995.9     2205.7
7606        496     60     35     5023.1     2207.3
7607        193     27     26      200.8     2204.1
7608        155     19     23     2687.3     2203.9
7609        181     20     26     2856.7     2205.7
7610        724     56     43     4669.4     2215.6
7611        116     20     18      432.5     2201.4
7612        258     24     44     2311.4     2220.4
7613        216     33     41     2611.6     2211.0
7614       1225     84     52     2735.9     2222.0
7615        345     34     33     3323.2     2213.3
7616        143     21     18     4747.2     2200.2
7617        177     28     25     5335.7     2207.6
7618        207     27     29      283.0     2209.3
7619        147     18     18     1794.4     2205.1
7620        174     21     19     2626.6     2204.8
7621        129     16     19     3147.6     2205.2
7622        235     21     30     4776.4     2209.0
7623        113     20     15     5380.8     2202.9
7624        652     45     56     1757.2     2226.6
7625        349     24     41     3525.2     2218.1
7626        186     24     28     3865.1     2212.9
7627        398     46     51     5129.8     2224.3
7628        271     32     25     5266.3     2210.5
7629        327     34     41      787.2     2222.2
7630        102     22     33     1041.6     2214.8
7631        453     41     44     1062.9     2219.0
7632        158     23     19     1213.5     2210.4
7633        144     31     16     1463.8     2207.2
7634        458     47     32     1710.0     2213.3
7635        113     22     14     1980.2     2207.5
7636        261     15     50     2089.3     2224.0
7637        520     48     45     2998.6     2220.0
7638        110     19     18     5089.3     2208.1
7639        103     19     19     5448.1     2209.5
7640        696     62     46      956.2     2223.4
7641        346     34     41     1174.1     2221.3
7642        295     41     28     1810.8     2218.7
7643        542     51     40     2497.5     2220.9
7644        366     26     46     2579.3     2227.4
7645        128     21     24     3570.3     2214.3
7646        523     59     33     4892.0     2217.5
7647       1462     86     67      173.4     2240.4
7648        106     22     26      798.1     2216.4
7649        169     29     22     1017.2     2216.4
7650        140     14     24     1108.7     2215.2
7651        749     60     50     3401.4     2233.5
7652        141     20     17     5137.8     2211.3
7653        259     28     29     5188.7     2217.8
7654        178     28     27       80.3     2219.3
7655        101     13     24      599.3     2218.1
7656        793     63     80     1114.5     2250.5
7657        289     24     39     1839.5     2226.8
7658       1034    111     40     1928.3     2227.2
7659        288     30     41     2244.3     2228.6
7660        379     38     28     2283.9     2219.5
7661       3187    129    103     3852.1     2254.4
7662        104     15     21     4817.2     2216.3
7663        109     17     18     5169.0     2214.5
7664        147     28     20     5312.5     2216.4
7665        130     25     15     1980.0     2217.5
7666        648     51     58     2111.0     2242.3
7667        101     21     14     3059.2     2214.9
7668        339     54     23      315.7     2221.5
7669        298     30     48      373.6     2236.5
7670        882     57     56      750.2     2234.0
7671        186     29     19     2048.7     2219.5
7672        190     27     26     2935.9     2224.5
7673        205     29     19     4926.2     2219.7
7674        186     20     33     4946.6     2226.4
7675        438     29     49      109.4     2235.0
7676        571     41     50     3297.4     2237.9
7677        221     23     28     5232.0     2224.2
7678        163     20     24      351.8     2228.4
7679        289     39     28     2162.5     2229.0
7680        105     14     16     2605.6     2221.1
7681       3604     89    196      515.5     2324.0
7682        204     22     29     1003.9     2229.6
7683        476     49     31     2191.7     2233.7
7684        161     16     32     2338.7     2233.4
7685        155     18     25     2462.5     2229.0
7686        249     23     24     2676.6     2228.8
7687        112     18     16     2699.4     2223.3
7688        149     22     26     3023.9     2226.4
7689       2565     95    108     4005.2     2275.0
7690        840     69     55     4758.4     2241.8
7691        253     24     42     5250.1     2235.9
7692        114     18     17     5400.8     2224.8
7693        170     12     52     5466.0     2243.0
7694        112     28     17      271.0     2227.4
7695       1784     74    112      716.8     2274.0
7696        132     29     22     2411.0     2229.7
7697        112     15     18     3613.0     2226.8
7698        366     31     39      449.1     2239.2
7699        229     24     26     2851.7     2233.2
7700        477     35     52     3173.2     2246.3
7701        115     18     18     3875.3     2229.2
7702        402     34     63     5051.0     2251.6
7703        100     20     17     5423.5     2226.9
7704        171     26     19       53.5     2231.5
7705        179     24     23      389.8     2233.2
7706        154     22     21     1145.2     2232.0
7707        177     32     20     1224.9     2233.0
7708        192     30     23     1436.8     2233.7
7709        305     35     31     4168.8     2236.1
7710        133     22     19     4335.5     2231.0
7711        128     18     17     4386.9     2231.1
7712        243     33     22     4712.0     2234.6
7713       1175     88     50     4995.1     2244.3
7714        355     25     41     1707.5     2244.7
7715        398     40     39     1997.9     2243.6
7716        166     38     15     2430.2     2230.8
7717        458     63     30     4294.7     2239.6
7718        204     23     28     1091.7     2237.9
7719        100     16     13     1690.8     2233.1
7720        249     35     24     2048.5     2235.8
7721        418     44     41     2714.5     2247.9
7722        175     24     21     3692.1     2237.9
7723        127     22     22     4807.8     2237.8
7724        110     22     17     4924.2     2235.7
7725        136     25     17     5207.5     2235.8
7726        274     40     22      597.8     2238.0
7727        121     21     20      933.3     2238.3
7728        269     26     30     1048.1     2246.2
7729       5107    111    231     1807.4     2325.1
7730        177     26     20      262.3     2241.1
7731        212     21     33      861.5     2244.5
7732        104     27     11     1735.5     2236.2
7733        127     16     18     2360.7     2238.3
7734        619     42     58     2590.7     2261.2
7735        111     26     13     2613.5     2237.5
7736        123     19     21     4396.6     2241.2
7737        208     19     28      283.0     2245.9
7738        176     32     21      312.7     2242.6
7739        474     47     40      410.8     2252.9
7740        276     33     27      626.3     2245.4
7741        260     29     33      670.5     2249.0
7742       3248    139    145     1917.1     2301.3
7743        126     36     17     2290.2     2240.0
7744        814     52     52     2923.0     2256.4
7745       3562    155    124     3029.9     2287.9
7746        152     19     25     4354.9     2245.2
7747        123     22     16     4833.6     2238.6
7748        135     20     21       67.9     2245.8
7749        105     18     17      231.1     2242.4
7750        152     24     21     1463.5     2243.7
7751        277     35     45     2020.6     2255.9
7752        120     23     16     4242.0     2242.0
7753        107     15     16     4372.8     2241.9
7754        123     26     15     4885.8     2240.8
7755        220     35     31     5117.2     2248.3
7756        240     27     27     5418.8     2249.5
7757       1366     94     68      223.9     2271.6
7758        539     39     52      806.8     2259.5
7759        137     15     22     1077.8     2247.2
7760        283     35     27     1178.4     2248.4
7761        115     21     17     3085.5     2244.4
7762        228     25     30     3608.0     2251.4
7763      23999    307    391     4154.8     2441.0
7764        200     22     25     5446.5     2248.4
7765       1036     61     77      470.3     2281.9
7766       2304    123     91      633.6     2291.4
7767        206     32     19      891.1     2246.9
7768        108     13     20     1953.9     2248.0
7769        252     22     36     4862.9     2258.9
7770        107     21     15       44.3     2245.9
7771        125     33     16      788.1     2245.3
7772        122     11     26     1102.8     2250.6
7773        255     37     33     2270.3     2256.5
7774       1492     46    130     2327.6     2301.3
7775        116     24     15     2441.9     2249.0
7776        111     21     17     2682.2     2248.7
7777        475     40     48     4620.5     2262.3
7778        105     16     22     5074.5     2250.3
7779        144     21     25     5232.1     2252.8
7780        104     22     15      593.7     2250.8
7781       1090     53     70     2232.3     2271.5
7782        180     23     37     3020.3     2259.9
7783        176     31     28     5368.3     2254.9
7784        144     36     17       17.2     2250.9
7785        497     34     45      966.9     2271.8
7786        242     34     31      990.8     2257.0
7787        229     32     20     2496.0     2253.9
7788        135     19     18     2548.4     2252.8
7789        125     18     26     2564.4     2257.6
7790        117     30     11     2791.9     2250.3
7791        205     28     23     3105.1     2255.7
7792        141     33     17     3207.8     2252.6
7793        528     39     44     4187.5     2266.3
7794        302     47     24     4219.7     2254.1
7795       3166    108    168     4658.4     2325.9
7796        140     16     25     5204.4     2256.9
7797        769     58     58      375.5     2275.6
7798        460     42     42      942.1     2265.7
7799       4137    132    201     1145.8     2365.6
7800        110     16     29     1943.6     2262.2
7801        319     42     41     2046.7     2264.2
7802        405     31     50     3149.0     2273.1
7803        170     18     30     4721.0     2258.0
7804        398     40     34     4832.6     2266.2
7805        431     44     40     4895.6     2265.0
7806        111     25     14     5278.9     2251.8
7807        670     78     43       57.3     2271.9
7808        378     26     56      500.3     2269.9
7809        201     28     27      913.8     2261.8
7810        235     37     31     1248.4     2267.2
7811        151     14     29     2387.2     2260.0
7812        209     28     18     3962.7     2256.2
7813        334     33     35     4323.1     2268.7
7814        216     27     24     4370.6     2260.3
7815        186     28     23      761.0     2260.8
7816        372     42     36     2480.7     2269.1
7817        126     20     19     2531.1     2259.3
7818       1368     77     74     3246.2     2285.6
7819        216     30     24     3307.4     2263.3
7820        130     21     24     4947.9     2260.5
7821        285     32     22      318.2     2263.1
7822        112     16     22      681.3     2262.0
7823        428     35     38     1745.1     2270.9
7824        100     20     14     2084.3     2257.5
7825        426     45     31     2294.0     2269.5
7826       2585    126     88     2729.9     2298.3
7827       1939    117     72     2838.7     2286.9
7828        179     24     28     4290.0     2267.8
7829        184     27     20     4342.5     2261.9
7830        275     29     46     4390.5     2271.2
7831        304     39     26     4644.9     2265.5
7832        110     19     19     5085.9     2260.8
7833        169     29     21     5150.4     2263.5
7834        119     26     15     5329.3     2259.6
7835        221     30     24      134.8     2266.5
7836        106     18     17      607.1     2263.0
7837        149     29     24     1028.7     2267.7
7838        387     27     45     2367.3     2279.7
7839        161     17     26     2435.1     2265.2
7840        134     22     14     2778.7     2262.2
7841       2350     99    114     3768.9     2311.6
7842        130     28     16     5184.6     2264.4
7843        135     13     24      647.0     2268.8
7844        279     34     32     1452.9     2273.7
7845        135     27     13     1981.0     2261.9
7846       1198     99     52     2165.6     2286.3
7847        986     52     74     2446.7     2296.8
7848        114     20     19     5018.8     2265.1
7849        638     51     37      868.7     2273.8
7850        134     33     12     1082.2     2263.5
7851        113     21     26     1181.7     2270.3
7852        106     22     18     3325.1     2269.4
7853        234     30     26     3659.1     2270.4
7854        610     45     41     3930.4     2276.8
7855        101     26     11     4700.2     2263.7
7856        398     29     52      562.5     2282.1
7857        753     58     53      836.7     2287.6
7858        402     56     38     1267.4     2279.8
7859        122     18     17     2002.7     2269.1
7860        371     32     50     2516.9     2287.9
7861        109     26     18     4799.0     2270.1
7862        115     23     18       16.6     2269.7
7863        102     18     17     1314.1     2270.5
7864        110     18     12     1874.2     2268.2
7865        303     59     19     2165.0     2271.3
7866        216     35     30     2555.8     2276.7
7867        110     19     23     5024.2     2273.9
7868        139     23     24      110.8     2274.5
7869        235     34     22      162.8     2274.0
7870        244     20     28      262.6     2277.9
7871       1917     94    107      364.2     2320.6
7872       1079     88     59     1716.6     2297.1
7873        382     44     28     2630.7     2276.9
7874       2837     89    147     3203.4     2341.6
7875        145     14     38     3770.2     2281.5
7876        118     16     19     4731.8     2274.2
7877        101     18     15      436.4     2272.9
7878        375     52     40     1861.5     2282.5
7879        169     27     28     2103.7     2278.6
7880        163     30     21     2414.3     2276.8
7881        161     23     21     2742.1     2277.2
7882        226     24     28     4163.3     2277.5
7883        131     17     25     5423.5     2279.6
7884        115     24     16      778.5     2274.4
7885        815     49     67     2002.7     2300.0
7886        120     19     20     4366.7     2277.5
7887        799     59     49     5128.2     2288.8
7888       1033     72     72     5207.9     2296.7
7889        131     23     18      292.2     2280.1
7890        168     18     24      315.1     2283.0
7891        193     23     27      670.2     2285.2
7892        238     31     23      137.1     2285.1
7893        114     14     24     1303.7     2285.2
7894       1634     78     91     3136.2     2314.0
7895        187     25     31     3341.1     2288.0
7896        450     37     63     3830.3     2307.7
7897        425     36     45     4305.4     2296.2
7898        369     34     40     4777.1     2290.6
7899        115     24     17     5288.1     2282.4
7900        259     31     38     5375.1     2291.1
7901        299     37     37     2942.2     2295.2
7902        168     23     23     4801.7     2286.5
7903        273     45     25     5323.3     2285.5
7904        398     42     39       93.9     2296.2
7905        920     55     59     1090.9     2306.1
7906        445     33     46     2663.3     2302.9
7907        163     38     26     3071.8     2287.8
7908        239     24     32     4751.8     2290.9
7909        115     23     16     4995.4     2284.5
7910        116     23     17     5393.6     2285.0
7911        119     30     16     1016.4     2285.8
7912        106     19     16     2037.3     2286.1
7913       1030     53     74     2399.2     2314.4
7914        108     15     23     2594.1     2291.4
7915        900     57     62     3309.7     2307.8
7916        340     29     37     4355.0     2296.4
7917       2357    100    102     4508.7     2331.1
7918        101     16     19      410.2     2290.5
7919        188     25     18      430.0     2289.6
7920        590     48     46      763.9     2303.8
7921        380     42     33     1035.4     2296.9
7922        228     31     28     4891.6     2292.3
7923        369     49     23       52.7     2297.0
7924        117     26     14      993.5     2288.9
7925        679     47     57     1176.4     2309.5
7926        761     63     58     1250.8     2313.4
7927        330     31     33     3867.4     2299.1
7928        175     26     20     4727.8     2292.1
7929        148     24     30     5067.2     2297.8
7930        100     22     14     5410.6     2292.6
7931        133     18     21     1213.0     2293.8
7932        135     21     22     2627.3     2299.3
7933        139     25     16     3474.2     2292.9
7934        138     23     22     4611.2     2295.7
7935        311     32     45     4846.0     2309.1
7936        366     33     32     4949.4     2301.1
7937        112     17     19     5028.1     2295.8
7938        140     27     15     5173.5     2293.3
7939        246     32     28      120.5     2303.8
7940        597     39     56      252.3     2312.1
7941        122     19     16      291.3     2297.8
7942        122     14     23      516.5     2298.2
7943        113     21     14     1455.2     2295.7
7944        441     57     30     2549.5     2303.1
7945        540     59     41     2592.8     2311.3
7946        376     55     36     3221.0     2305.1
7947       1628     79     55     3433.0     2317.3
7948        125     20     15     4583.0     2297.3
7949        308     23     40     4924.4     2308.5
7950        191     22     32     1573.8     2302.7
7951       3100    143    103     2191.2     2342.3
7952        113     19     20     4056.5     2299.5
7953        198     26     21     4163.3     2302.0
7954        873     91     56     4975.5     2318.3
7955        290     24     36     5328.8     2309.2
7956        328     42     34      918.0     2307.8
7957        670     48     60     1069.5     2329.7
7958        119     14     20     1646.5     2303.6
7959        182     30     18     2095.9     2300.2
7960        114     19     16     4374.6     2298.9
7961        106     15     16     4413.0     2300.0
7962        149     16     26     4547.0     2304.5
7963        141     21     20     5402.6     2304.4
7964       1716    119     53      171.4     2319.9
7965        179     31     17      311.1     2302.2
7966        313     36     30      453.6     2308.8
7967        123     14     26      871.4     2309.2
7968        224     31     37     1304.7     2311.3
7969        216     28     25     2034.0     2304.3
7970        327     32     33     3004.5     2312.1
7971        343     32     53     3351.7     2320.9
7972        121     20     21     4863.8     2301.9
7973        617     38     60     1949.9     2327.6
7974        682     52     72     2053.7     2330.0
7975        123     17     23     2119.1     2305.6
7976        129     24     20     2301.0     2307.9
7977        218     19     33     2919.4     2312.4
7978        623     45     44     2969.6     2320.5
7979       2517    136     94     3834.6     2341.6
7980        892     49     69     3992.9     2334.0
7981        464     33     59       25.3     2327.1
7982        538     38     54      427.5     2326.0
7983        656     63     54     1004.8     2320.1
7984        296     31     40     1289.8     2317.3
7985        641     62     54     2288.1     2324.9
7986        277     33     34     4565.0     2317.2
7987        122     16     26     4682.2     2313.0
7988        221     35     30     5036.0     2310.9
7989        675     77     31      302.1     2316.0
7990        249     30     35     1667.7     2316.6
7991        140     25     17     1978.8     2307.9
7992        276     21     37     2643.4     2318.4
7993        108     22     18     4335.0     2309.0
7994        522     45     49     4433.2     2322.7
7995        106     25     16     4804.8     2308.0
7996        150     19     26     4908.1     2313.7
7997        145     21     25     5178.1     2310.5
7998        296     36     52     5269.2     2324.0
7999        104     27     14     5351.0     2306.3
8000        304     33     24      592.7     2316.2
8001        134     18     28     2130.8     2315.0
8002        181     26     22     3098.7     2315.7
8003        855     53     71     4818.6     2333.1
8004        280     33     34       55.7     2322.5
8005        518     38     34      399.3     2323.1
8006        256     29     39      907.2     2325.0
8007        413     43     37     2485.4     2321.5
8008        193     21     39     2813.9     2324.4
8009        264     31     24     3281.6     2316.1
8010        361     41     31     4599.1     2316.3
8011       1032     50     95      947.1     2352.0
8012        200     14     35     1119.5     2323.5
8013        173     15     32     2798.9     2320.8
8014        100     14     18     5073.1     2314.4
8015        305     17    136     5466.0     2358.5
8016        227     24     35      884.3     2329.3
8017        177     27     21     2356.1     2317.3
8018        205     23     24     3913.5     2318.9
8019        544     27     81     4891.6     2351.4
8020        103     15     23     5415.5     2321.6
8021        245     38     29      820.2     2321.6
8022       5112    215    125     4372.0     2363.7
8023        116     23     20     5054.5     2318.6
8024        112     24     14       98.6     2318.0
8025        115     18     15     1644.6     2320.6
8026        133     23     16     2552.6     2318.8
8027       1280     94     52     2865.9     2335.4
8028        343     35     33     3106.2     2330.8
8029        273     22     31     4170.0     2324.6
8030        124     23     17     4696.9     2321.6
8031        123     21     21     5400.0     2324.0
8032        131     21     20       80.6     2324.0
8033        113     21     14      450.6     2320.0
8034        141     15     24     1257.8     2326.8
8035        108     19     16     1625.5     2321.4
8036       2378     98    152     1719.7     2392.8
8037        369     36     41     1975.1     2336.2
8038        104     26     15     2528.3     2323.0
8039        176     25     28     4995.0     2326.7
8040        351     51     24     5101.7     2324.1
8041        518     48     43      656.1     2336.8
8042        367     40     36      735.9     2338.4
8043        340     27     42     1211.0     2338.7
8044        548     46     51     1755.0     2335.4
8045        121     21     19     2144.9     2324.5
8046        165     25     18     4247.2     2325.6
8047        157     25     18     4762.9     2324.3
8048        323     34     30     4867.9     2331.9
8049        166     22     25     5019.2     2329.6
8050        178     16     32     2781.7     2335.9
8051        693     56     54     4719.1     2343.9
8052        266     18     43     4789.5     2340.5
8053        247     34     25      292.8     2335.3
8054        216     30     20      844.1     2332.6
8055        146     23     19     1327.9     2329.5
8056        218     30     27     2008.8     2336.7
8057        583     48     49     4091.3     2339.6
8058        602     43     53     5305.4     2351.2
8059        105     17     12       42.8     2328.9
8060        687     58     38      101.1     2342.5
8061        263     33     52      278.2     2349.9
8062        131     23     16      690.3     2331.8
8063        321     38     30     1659.5     2337.8
8064        794     92     66     2570.0     2358.6
8065        756     67     59     2739.6     2350.7
8066        654     58     32     4250.0     2341.6
8067        136     25     19     5162.8     2332.8
8068        134     23     14     5243.2     2329.9
8069        280     37     29     5347.8     2336.4
8070        969     72     48      205.5     2346.3
8071        251     20     43      335.0     2349.7
8072        326     26     52      587.3     2349.0
8073        493     61     41      758.3     2347.6
8074        393     47     30      980.9     2338.5
8075        230     34     23     1284.8     2339.4
8076        938     78     50     2379.8     2352.3
8077       1370     74     88     2471.8     2369.8
8078        311     40     33     2571.2     2338.2
8079        115     23     24     2599.1     2336.5
8080        839     72     47     3081.3     2352.4
8081        325     32     30     5432.9     2340.2
8082        354     22     47     1623.6     2354.2
8083        202     25     33     2618.7     2344.3
8084        107     22     16     3001.0     2338.1
8085       2650    104    159     3164.1     2416.5
8086        120     12     21      320.9     2341.0
8087        279     36     32      453.6     2348.6
8088        302     29     37      795.5     2350.1
8089        121     23     16     2448.1     2337.5
8090        267     34     30     2690.1     2344.5
8091        122     18     24     5069.5     2341.2
8092        239     33     32      819.1     2351.1
8093        161     36     21      853.6     2344.1
8094        156     22     24     1308.1     2345.1
8095        674     60     50     1353.1     2357.4
8096        138     21     23     1603.8     2344.1
8097        167     27     23     2921.9     2342.8
8098        125     16     27     3946.3     2343.2
8099        193     33     23     2971.6     2344.4
8100        368     48     29     3333.0     2348.2
8101        484     48     37     4596.1     2351.7
8102        191     26     26     4760.4     2347.0
8103        183     31     23     5041.3     2344.1
8104        188     26     20     5097.4     2342.5
8105        122     23     16      467.3     2346.2
8106        744     45     63     2058.9     2368.7
8107        411     28     39     2806.8     2353.1
8108        112     23     22     3557.3     2346.5
8109        252     29     29     4063.2     2348.5
8110        255     28     29     4465.4     2349.1
8111        184     17     34     5181.0     2351.1
8112        128     16     18      138.7     2348.4
8113        470     29     59      566.9     2363.8
8114        258     38     24      628.0     2351.5
8115        316     40     31      882.1     2356.5
8116        276     39     26     2096.6     2350.1
8117        279     25     33     1887.8     2355.4
8118        131     25     13     2890.1     2346.3
8119        198     36     19     2946.8     2349.9
8120       8661    319    184     4498.2     2440.6
8121       1353     49     93      241.5     2388.8
8122        117     23     20      912.9     2350.3
8123        327     25     38     1034.5     2361.4
8124        224     29     29     1834.4     2355.7
8125        129     24     16     2454.1     2350.6
8126       1288     93     71     5016.7     2379.1
8127       1323     62     80       56.7     2387.9
8128        119     23     17      710.5     2352.0
8129        179     19     23     1053.7     2354.0
8130        364     38     30     1226.7     2359.7
8131        230     23     25     1250.7     2356.1
8132        110     24     14     2260.7     2350.8
8133        286     33     36     2274.3     2361.6
8134        112     12     25     4778.4     2355.8
8135        207     30     27     5416.4     2357.5
8136        178     26     17      301.4     2354.4
8137        153     37     19     1995.6     2356.5
8138        152     11     37     2517.4     2364.5
8139        303     36     31     2631.2     2361.2
8140        188     31     18     3000.3     2356.2
8141        162     29     19     4350.6     2353.0
8142        117     15     19     4932.8     2354.3
8143        267     31     34      666.8     2360.8
8144        138     13     27     1117.6     2360.9
8145        106     19     20     2078.6     2358.7
8146        146     20     21     3035.5     2357.8
8147        349     35     37     4871.4     2365.9
8148        126     16     24     4911.1     2360.0
8149        361     37     27     4955.1     2361.1
8150        157     22     22     5063.1     2357.4
8151        104     19     25     5390.2     2361.9
8152        208     31     20     1076.5     2359.5
8153       1190     58     93     1678.3     2398.1
8154        339     24     43     1815.2     2371.8
8155        255     30     34     2664.5     2366.0
8156        104     22     14     2700.8     2355.4
8157        125     15     24     2786.9     2363.9
8158       2003    106    108     2849.3     2404.4
8159        402     31     46     4242.0     2374.8
8160        434     33     50      318.2     2375.0
8161        602     37     56      835.1     2381.8
8162        146     25     22     1273.9     2362.0
8163       1667     82     88     1985.6     2404.5
8164        140     21     21     3889.6     2361.1
8165        110     14     21     4259.0     2362.6
8166        200     33     22     5336.7     2361.1
8167       1120     64     73     1003.3     2386.9
8168        451     37     37     1867.4     2374.9
8169        121     21     17     2435.8     2362.0
8170        116     19     21     3049.9     2366.2
8171       2892    129    116     3548.2     2420.8
8172        179     26     23     4839.4     2367.3
8173        197     26     23     5368.9     2365.1
8174       1800    109     79      398.8     2392.1
8175        419     48     39      710.7     2375.1
8176       1744    122     76     2993.8     2396.1
8177        315     49     32     2991.1     2370.5
8178        109     13     21     5195.2     2366.0
8179        272     25     33      141.2     2370.3
8180        223     26     30     1200.6     2372.9
8181        268     28     33     2027.3     2373.2
8182       1166     69     57     4745.9     2387.5
8183        101     17     23     5147.3     2368.6
8184        142     17     24      183.3     2373.2
8185        235     35     21      354.1     2368.2
8186        514     47     53      613.9     2387.8
8187       1185     58     66     1598.1     2392.9
8188        106     19     12     1952.7     2366.9
8189        343     28     43     2770.2     2379.8
8190        416     48     34     3845.0     2373.7
8191        304     26     39     4681.7     2380.6
8192        264     32     25       99.6     2372.7
8193        208     32     25     2098.6     2372.7
8194        135     25     20     2307.6     2371.8
8195       1182     85     53     2914.3     2389.3
8196        103     21     18     4467.4     2371.6
8197        253     28     31      742.9     2379.4
8198        466     63     31     1291.0     2379.8
8199        184     25     26     2350.9     2377.8
8200        122     15     22     2810.7     2374.9
8201        337     38     24     3772.9     2376.8
8202        284     43     23     5222.2     2374.5
8203        149     31     18      779.3     2376.8
8204        597     47     43      874.4     2388.2
8205        101     15     22      922.2     2376.0
8206        157     26     21     1093.8     2373.7
8207       3060    144    103     2269.6     2421.6
8208        780     67     48     2737.6     2390.4
8209        311     44     29     3332.9     2381.3
8210        221     30     43     4019.0     2387.5
8211        183     31     21     4568.7     2374.5
8212        228     32     27     5085.4     2381.1
8213        146     15     24      207.9     2379.7
8214        122     14     29      299.6     2384.1
8215        217     40     26     1083.0     2381.6
8216        314     36     35     1715.5     2390.5
8217        115     18     19     2423.8     2379.7
8218        320     28     42     2658.1     2392.5
8219        202     25     39     2688.7     2391.2
8220       1177     60     67     3098.2     2401.5
8221        189     29     23     3171.9     2381.0
8222        125     20     21     3060.4     2379.0
8223        170     21     25     3820.3     2382.2
8224        127     25     19     5426.6     2378.4
8225        214     30     20      282.8     2380.7
8226        284     26     33     1046.5     2389.5
8227        241     27     47     1252.0     2393.7
8228        367     43     33     1907.7     2389.9
8229        119     24     15     3403.2     2380.1
8230        132     19     17     5045.3     2378.6
8231        689     51     65     2146.7     2401.6
8232        212     26     23     2552.7     2386.5
8233        157     28     29     3069.9     2390.1
8234        224     40     19     4818.5     2385.6
8235        256     34     29     5290.4     2386.2
8236        207     19     28      798.8     2390.3
8237        247     25     24     1226.1     2388.2
8238        253     23     43     1632.4     2397.5
8239        454     20     61     2793.3     2408.3
8240       1004     60     61     3470.5     2402.7
8241        341     38     30     3501.3     2391.3
8242        124     23     17     5392.6     2383.2
8243        431     36     52      154.7     2406.2
8244        260     23     35      543.8     2395.5
8245        233     33     21      585.6     2388.1
8246       3987    126    152     1337.5     2456.7
8247        138     20     22     1765.7     2388.7
8248        174     15     34     1949.0     2396.0
8249        199     16     38     2629.6     2396.5
8250        165     31     20     5352.2     2385.9
8251        243     23     41      123.5     2399.4
8252        180     20     25      524.2     2394.6
8253        151     26     18     1524.3     2388.8
8254        206     30     31     2590.9     2397.0
8255        101     15     23     2642.7     2389.2
8256        218     22     29     4793.6     2394.8
8257        134     22     18     5216.7     2388.9
8258        160     15     33      200.7     2402.3
8259       3029     88    144      304.1     2455.1
8260        134     23     23     2328.2     2393.0
8261        166     20     21     2417.7     2394.6
8262        313     38     27     2500.6     2396.1
8263        442     32     55     2530.6     2414.4
8264        160     24     23     3179.7     2395.6
8265        157     22     23     3307.3     2394.3
8266        189     27     18     3366.1     2391.2
8267        319     47     30     3721.2     2394.1
8268       1070     79     62     4920.3     2408.1
8269        170     20     33     5188.6     2395.6
8270        101     12     20      692.4     2392.3
8271        115     20     15     3829.6     2393.0
8272        655     55     57     4428.0     2410.9
8273        499     41     39      670.9     2406.9
8274        238     24     29     1647.5     2402.6
8275       4140    166    170     2437.6     2465.8
8276        113     17     22     4330.5     2397.8
8277        114     20     20       28.2     2397.7
8278        113     20     16      563.5     2398.3
8279        146     17     24      628.3     2401.4
8280        112     16     22      909.9     2397.1
8281        573     54     42     1512.4     2409.6
8282        783     51     45     1560.4     2407.9
8283        218     21     29     4711.4     2401.9
8284        114     18     25     5154.8     2400.9
8285        221     28     39      274.7     2412.7
8286        280     36     23      750.3     2401.3
8287        104     25     16      979.2     2399.5
8288        170     18     26     1848.7     2401.6
8289       2195    117    116     2081.6     2445.0
8290        334     41     26     2349.8     2402.6
8291        158     23     26     2707.9     2402.9
8292        122     23     12     3850.8     2397.4
8293        109     19     20     5133.3     2400.2
8294        126     27     21      803.6     2405.7
8295        222     33     23     1277.9     2401.7
8296        204     24     22     4454.3     2402.5
8297        170     20     22     4586.1     2402.7
8298        136     20     18     4837.5     2401.5
8299        156     20     23      644.8     2405.0
8300        117     14     19      784.2     2402.9
8301        502     51     37     1923.4     2415.2
8302        240     36     25     4398.2     2406.1
8303        117     18     17     4498.2     2402.6
8304        402     34     38     4693.4     2415.0
8305        407     36     42     5091.9     2413.4
8306        189     24     19     5353.4     2403.4
8307        101     24     13      107.9     2400.8
8308        322     23     46     1237.6     2417.7
8309        220     22     31     2062.8     2412.5
8310        117     20     17     2565.6     2405.1
8311        161     19     28     2775.7     2410.2
8312        130     26     18     4475.4     2404.2
8313        921     68     47     4979.0     2420.2
8314        353     43     38     5303.0     2415.0
8315        231     37     20     5405.7     2404.4
8316        103     16     18      179.8     2407.3
8317        476     45     49     1062.0     2421.0
8318        135     23     16     3720.5     2406.3
8319       2389     94     98     4037.4     2450.0
8320        156     17     23     4822.4     2408.7
8321        107     26     10     4865.6     2402.1
8322        490     34     49      351.6     2424.0
8323        190     29     27      952.5     2414.2
8324        229     41     26     2194.2     2411.0
8325        742     50     61      695.8     2433.0
8326        293     28     48     1861.4     2429.4
8327        336     30     41     2495.8     2420.9
8328        223     28     35     2645.7     2423.1
8329        236     20     33     4654.8     2422.1
8330        127     26     21     5350.9     2415.2
8331        618     41     50      515.7     2428.3
8332       1274    102     55      589.5     2429.6
8333        125     25     16      931.9     2412.9
8334        175     23     21     1467.4     2414.8
8335        120     17     17     2037.0     2412.8
8336        212     26     25     3052.1     2417.6
8337        192     30     26     3441.6     2419.3
8338        449     59     52     5058.2     2430.8
8339        181     28     23     5264.3     2415.3
8340        147     16     27       92.8     2418.8
8341        131     17     26      734.5     2419.8
8342       1232     87     61      801.9     2434.9
8343        121     20     18     2667.6     2414.4
8344        466     34     35     3654.4     2423.4
8345        191     24     20     3674.3     2416.8
8346        450     29     47     4098.3     2431.0
8347       1395     66     81      959.2     2447.3
8348        458     46     32     2611.5     2426.4
8349        105     33     12     4848.3     2413.4
8350        149     30     20     5062.9     2419.8
8351        111     17     14      751.7     2417.6
8352        135     20     22      874.2     2420.2
8353        149     18     27     1267.7     2425.3
8354        537     46     43     2572.1     2432.7
8355       1524    111     69     2713.2     2447.9
8356        103     15     18     2922.5     2419.6
8357        769     68     46     1912.7     2437.6
8358        189     21     31     2751.7     2428.9
8359        127     20     19     2846.6     2422.6
8360        286     55     25     3122.4     2424.5
8361       2349    134    114     4298.7     2459.8
8362        248     26     26     4757.1     2425.2
8363        245     25     36     5458.7     2431.0
8364        191     31     19      429.1     2421.6
8365        146     27     16      463.4     2421.9
8366        241     22     37     2358.5     2431.0
8367        109     13     24     5037.4     2425.4
8368        118     17     28     5238.6     2428.2
8369        152     30     19      905.0     2423.9
8370        114     18     21     1135.5     2427.8
8371        338     40     31     1627.2     2432.3
8372        237     32     22     3001.1     2427.2
8373        315     40     28     4398.1     2429.9
8374        224     37     24       22.3     2432.0
8375       4927    153    167      996.8     2506.6
8376        104     16     21     2861.9     2428.2
8377        164     19     31     4814.8     2435.8
8378        127     17     24     5370.0     2429.3
8379        161     27     23      165.9     2431.6
8380       1521    106     71      441.8     2456.8
8381        182     19     29     1787.3     2434.7
8382        193     22     36     2477.5     2434.7
8383        605     60     45     2918.0     2441.0
8384        217     26     28     5138.4     2433.5
8385        982     73     52       39.7     2453.3
8386        358     28     38      131.8     2439.3
8387        220     20     35      257.8     2438.3
8388        104     13     21      547.1     2429.4
8389        236     35     29     1259.5     2438.8
8390        236     30     23     1507.0     2434.0
8391        183     27     30     2737.1     2439.6
8392       3103    157    117     3071.3     2481.0
8393      12170    260    281     4726.1     2546.6
8394        341     25     44     5318.2     2442.5
8395        391     26     40     5350.0     2440.7
8396        100     15     13     5417.6     2427.1
8397        152     22     26      215.5     2439.9
8398        232     36     25      382.2     2438.1
8399        160     20     22      725.4     2436.1
8400        114     14     23      887.0     2434.9
8401        882     62     60      907.1     2454.7
8402        124     14     23     1542.8     2436.3
8403        263     41     27     1567.4     2440.6
8404        123     20     26     1963.4     2438.3
8405        189     23     36     3010.0     2442.2
8406        116     17     22     3064.7     2436.0
8407        148     21     20     3200.7     2434.1
8408        121     16     16     4800.7     2430.4
8409        192     23     28     5007.8     2436.9
8410        102     14     19      814.1     2436.8
8411        108     17     16     1484.5     2433.6
8412        165     23     22     1595.9     2436.2
8413        872     68     51     1747.5     2451.5
8414        946     58     76     2021.7     2461.7
8415        209     19     27     2196.5     2438.8
8416        476     52     30      445.6     2442.1
8417        208     31     31     1190.0     2444.4
8418        317     34     25     3035.8     2439.0
8419        445     45     43     3331.1     2452.0
8420        188     23     35     5123.9     2449.2
8421        113     21     16      656.3     2436.9
8422        378     38     33      844.2     2443.1
8423        111     17     22     2596.6     2440.9
8424        646     43     49     2981.3     2451.3
8425        175     20     23     4422.8     2443.4
8426        250     36     27     4536.0     2442.7
8427       1225     72     55     4628.5     2458.0
8428        229     33     21     5197.4     2439.9
8429        428     43     39      235.4     2453.1
8430        251     23     38      610.4     2448.0
8431        108     16     19      747.9     2442.0
8432        158     36     17     1057.9     2440.3
8433        280     23     41     2514.3     2452.2
8434        283     17     47     2630.5     2456.0
8435        914     46     70     4759.3     2469.8
8436        103     21     18     4860.0     2440.5
8437        238     33     25     4915.1     2444.3
8438        163     21     22       98.3     2443.0
8439        290     35     40     1143.9     2453.1
8440        231     31     31     1210.4     2449.2
8441        110     17     24     2113.0     2445.1
8442        234     25     32     2842.1     2446.9
8443        164     25     26       83.1     2448.5
8444        238     30     26     1401.7     2448.4
8445        279     32     40     2652.1     2453.4
8446        167     29     15     2786.5     2443.3
8447        734     74     44     3986.7     2454.5
8448        176     19     25     4129.9     2448.3
8449        207     27     24     4943.0     2449.0
8450        127     27     15     5439.0     2444.7
8451        344     39     35      635.6     2458.6
8452        252     26     37      875.4     2462.1
8453        122     18     22     1800.1     2451.8
8454        107     21     18     2532.3     2445.1
8455        103     21     15     2615.2     2444.5
8456        161     21     19     4595.4     2447.7
8457        130     21     22     5025.1     2448.7
8458        794     47     78     2201.1     2483.1
8459        149     22     17     3254.6     2448.7
8460        168     22     21     5173.8     2451.6
8461       1404    103     64      378.8     2478.8
8462        414     43     29     1050.5     2456.3
8463        895     70     52     1498.0     2468.1
8464        272     47     29     1651.7     2453.4
8465        167     19     28     2268.3     2456.1
8466        113     16     17     5097.0     2449.9
8467        283     31     38     5369.9     2459.4
8468        116     17     23      843.8     2458.2
8469        180     31     26     1535.0     2455.1
8470        291     29     33     2442.7     2461.0
8471        271     32     30     2825.9     2458.9
8472        159     29     13     3550.2     2450.7
8473        453     42     38     4570.1     2459.8
8474        113     16     19     4993.1     2453.9
8475        352     16    132     5465.7     2516.9
8476       2860    123     93      201.9     2490.9
8477        199     26     19      352.5     2455.1
8478        166     25     25      525.9     2457.0
8479        435     33     51     1089.7     2473.0
8480        108     14     20     2184.1     2453.6
8481        235     35     32     2468.8     2458.7
8482        106     19     14     2538.8     2454.8
8483        117     15     20     3064.5     2457.0
8484        193     23     20      722.5     2458.4
8485       2640    102     99     1952.0     2498.8
8486        681     52     52     4348.3     2474.9
8487        142     20     21     5194.2     2458.9
8488        338     44     38      730.8     2470.7
8489        169     25     22     2881.0     2460.0
8490       1112     94     63     2938.5     2480.2
8491        820     59     66     4979.3     2486.7
8492        175     21     21     5239.4     2460.8
8493        117     22     15      112.4     2458.7
8494        108     23     16      570.1     2458.3
8495        211     34     33      674.3     2467.7
8496        217     21     26     1104.5     2465.5
8497       2293    112    138     1263.3     2530.1
8498        354     42     30     1564.2     2465.6
8499        282     34     31     1715.9     2465.2
8500        728     59     56     1896.1     2482.7
8501        400     48     46     2586.9     2471.0
8502        188     21     24     2673.1     2463.8
8503        336     22     54     4537.7     2478.3
8504        493     35     70     5296.1     2490.0
8505        194     24     26     5432.2     2466.5
8506       3005    130    111     2326.2     2503.9
8507        169     15     25     4651.7     2466.9
8508        115     15     23     5152.4     2465.6
8509        392     43     41     5394.6     2470.8
8510        102     17     18      820.7     2464.3
8511        100     15     19     1780.5     2465.8
8512        164     21     19     1925.3     2465.5
8513        347     36     33     2233.5     2473.8
8514        875     35    109     2854.2     2515.1
8515        387     37     43     2966.9     2480.9
8516        167     21     17     3042.7     2464.4
8517       1345     77    125     3143.4     2516.8
8518        121     15     21     4373.4     2465.4
8519        258     29     26     4930.5     2469.1
8520        205     31     30     5213.7     2471.3
8521        268     24     31       73.3     2472.7
8522        534     57     49      471.3     2487.6
8523        673     53     41      543.6     2479.1
8524        512     41     59      591.4     2483.3
8525        294     39     35     1418.2     2477.3
8526        718     50     54     1661.5     2486.6
8527        401     43     41     1801.8     2481.3
8528        206     24     24     2128.5     2469.8
8529        135     19     20     2147.7     2467.5
8530        174     23     28     2170.2     2469.3
8531        218     22     40     2610.9     2478.8
8532        327     31     36     4887.3     2475.9
8533        242     35     21     5026.5     2468.0
8534        320     43     26     2545.0     2474.3
8535        116     18     15     3864.8     2468.8
8536        124     18     19     3995.8     2468.6
8537        195     28     30     4070.1     2472.9
8538        172     27     33     1145.3     2481.2
8539        272     35     39     2640.7     2480.2
8540        269     28     34       97.5     2480.7
8541        160     20     25      499.1     2476.1
8542        226     30     25      809.1     2478.1
8543        184     30     22     2260.0     2475.7
8544        295     33     40     2763.2     2489.1
8545        520     36     70     2785.9     2495.9
8546        112     16     23     4868.4     2475.8
8547       1060     87     52     5056.6     2489.3
8548        171     21     29     5121.3     2480.2
8549        356     34     39      700.1     2488.6
8550        448     35     54      766.8     2490.9
8551        145     16     21     1446.6     2475.7
8552       1393     86     71     1603.7     2501.8
8553        160     25     20     1859.6     2474.7
8554        160     18     28     1997.8     2479.6
8555        112     30     17     2456.0     2474.4
8556        129     20     24     4664.4     2478.9
8557        433     42     47     5327.0     2484.3
8558        147     19     23     1054.4     2479.8
8559        185     28     24     1695.2     2478.8
8560       1464     99     55      906.9     2495.6
8561        264     32     28     1211.1     2484.1
8562        172     22     22     1773.9     2482.1
8563        136     16     20     2386.4     2479.7
8564        326     37     30     2680.1     2485.6
8565       1425    107     87      815.5     2518.7
8566        191     28     29     2057.4     2485.9
8567        105     21     14     2461.0     2480.1
8568        194     26     25     2732.9     2484.4
8569        127     23     13     2886.6     2478.6
8570        238     35     26     4560.4     2483.4
8571        154     14     33      516.7     2490.1
8572        152     25     17      646.0     2482.9
8573        128     17     17     1108.8     2483.9
8574        112     16     18     4589.7     2484.4
8575        205     32     20     5251.5     2485.5
8576       1309     81     84      597.4     2521.2
8577        122     15     20     4928.9     2484.6
8578        617     39     58     5362.7     2503.1
8579        105     17     20      123.5     2487.0
8580        263     33     40     2377.0     2498.7
8581        104     11     23     2992.0     2489.2
8582        121     16     25     3178.2     2488.3
8583        321     37     27     3226.4     2493.6
8584        370     41     31     1455.7     2495.4
8585        682     65     39     1856.9     2498.0
8586        354     38     28     2571.1     2494.0
8587        135     22     26     2718.5     2494.2
8588        378     47     37     3181.3     2501.3
8589       1414     59     95     4622.0     2526.6
8590        142     24     19     4646.4     2489.0
8591        281     28     39     1760.8     2503.8
8592        446     38     49     4953.7     2507.0
8593        538     63     64     5403.7     2510.3
8594        260     23     31       79.2     2496.7
8595        702     49     49      336.3     2510.3
8596       1272    118     55      672.8     2506.9
8597        101     17     19     1748.2     2494.8
8598        417     42     36     2106.7     2498.1
8599        574     38     62     2128.6     2514.7
8600        158     19     23     2395.5     2497.1
8601        296     35     35     4032.9     2501.2
8602        120     13     24     4914.9     2494.8
8603        316     43     31      798.0     2498.2
8604        193     28     23     1409.7     2496.8
8605        222     18     37     2546.7     2503.8
8606        904     60     51     2898.8     2510.1
8607        143     17     19     4322.3     2494.2
8608        118     18     17     5188.6     2492.9
8609        691     35     60     1697.8     2520.7
8610        163     26     25     1812.0     2500.8
8611        650     55     37     2815.4     2505.9
8612        297     31     25     3706.4     2500.4
8613        750     81     58     4326.4     2522.8
8614        118     24     17     5128.1     2497.2
8615        200     23     30     5161.8     2502.0
8616        171     19     28      984.5     2501.8
8617        163     25     23     1230.8     2502.9
8618        101     15     21     1510.1     2499.2
8619        216     32     31     1727.6     2506.3
8620        354     29     43     1786.2     2509.8
8621        132     18     20     4522.0     2499.2
8622        594     55     39     4551.7     2509.5
8623        295     30     36     4743.1     2509.7
8624        281     35     42     5442.9     2505.4
8625        265     35     36     1543.0     2509.3
8626       4017    173    124     2602.6     2550.8
8627        306     26     47     3354.5     2517.7
8628        138     12     24     3761.1     2504.2
8629        401     33     37     3917.8     2509.8
8630        132     20     25     4587.5     2504.4
8631        135     16     23     5252.9     2502.9
8632       2228     82    124      142.4     2547.6
8633        291     20     48      537.7     2515.1
8634        123     16     20     1253.4     2502.1
8635        111     18     17     1083.5     2504.3
8636        969     69     65     1497.9     2521.3
8637        346     39     37     1663.4     2516.3
8638        178     20     19     3475.8     2506.4
8639        136     17     24     3889.9     2506.7
8640        481     39     52     4467.8     2524.0
8641        135     25     18     4891.9     2506.5
8642        232     34     22     5187.3     2507.5
8643        135     21     18     1100.2     2507.0
8644        251     23     29     1825.3     2512.9
8645        923     66     55     2019.3     2521.7
8646        227     20     33     2483.3     2514.4
8647        168     29     25     2641.3     2509.6
8648        758     58     55     2714.6     2527.1
8649        183     19     35     2928.4     2514.4
8650        112     18     20     2995.4     2507.4
8651        221     32     24      396.2     2512.0
8652       1417     80     87      437.0     2535.5
8653        958     60     63      500.2     2529.7
8654        618     51     64     1340.2     2528.5
8655        197     28     23     2073.1     2509.4
8656        270     35     22     3624.6     2510.3
8657        308     32     35     4503.6     2518.0
8658        249     35     36     4940.6     2522.7
8659        345     28     44     5090.9     2520.5
8660        178     23     21       25.6     2512.5
8661        115     13     24      747.7     2513.7
8662       1484     81     86     2780.0     2547.7
8663        123     19     22     4866.7     2512.5
8664        168     25     24       66.5     2516.4
8665        100     13     28      275.8     2521.2
8666        159     23     25      867.6     2515.8
8667        141     23     20     2283.5     2515.0
8668        123     18     18     3105.0     2512.4
8669        156     33     19     3232.3     2512.6
8670        419     39     30     4383.8     2517.3
8671        129     18     26     4450.4     2518.3
8672        178     27     21       88.9     2516.6
8673        113     20     23      891.6     2520.4
8674        118     22     20      928.8     2516.3
8675        149     19     33     1877.9     2523.6
8676       1101     76     62     3115.4     2540.3
8677        126     20     20     5000.0     2516.4
8678        220     29     26      223.9     2520.4
8679       1033     66     92     1460.2     2548.4
8680        154     24     24     1742.3     2520.2
8681        506     32     48     3010.6     2532.2
8682        205     24     29     3893.8     2523.6
8683        176     25     14     4319.8     2514.6
8684        265     30     31     4727.3     2524.9
8685        105     19     17     5246.2     2516.7
8686        480     41     37     1090.2     2531.0
8687        140     20     21     1299.3     2520.4
8688        103     17     18     1552.7     2519.4
8689      18000    331    340     3358.0     2670.3
8690      12001    361    183     3991.2     2613.4
8691        355     44     34     5123.2     2526.4
8692        214     26     27     5271.7     2524.1
8693        141     17     22       42.4     2523.3
8694        489     34     53      556.7     2541.9
8695        111     21     19      678.0     2522.9
8696        164     23     23      843.0     2522.3
8697       2221     76    124     1618.5     2578.3
8698        922     47     57     2414.4     2539.1
8699        340     32     28     2875.1     2528.3
8700        711     60     47     4858.1     2533.2
8701        566     40     59      282.7     2542.1
8702        302     22     46      732.6     2534.7
8703        138     27     14     1177.5     2519.3
8704        176     23     33     1403.9     2530.3
8705        536     49     50     1856.2     2540.0
8706        368     45     40     2086.3     2534.6
8707        579     38     58     2153.1     2538.8
8708        139     33     16     2208.9     2524.0
8709        252     22     36     3165.4     2529.3
8710        417     38     38     4410.4     2531.7
8711        330     27     50     4986.3     2539.5
8712       1125     55     86     1126.3     2558.7
8713        482     43     43     2182.7     2539.7
8714        218     29     23     5042.1     2529.3
8715        224     24     27     5204.9     2529.6
8716        250     41     25     5329.6     2532.1
8717        338     41     40      249.6     2538.7
8718        182     25     25      753.7     2531.8
8719        123     24     14     2800.1     2524.8
8720        219     34     23     3084.7     2529.0
8721        200     27     34     2378.7     2535.7
8722        548     40     52     2963.8     2546.4
8723        200     23     26     4230.2     2531.0
8724        110     18     18       25.5     2530.9
8725        117     16     15     2625.0     2531.2
8726        215     28     29     3500.2     2537.7
8727        422     45     30     4567.8     2536.6
8728        113     22     21     5378.0     2531.7
8729        245     41     27       73.7     2539.4
8730        274     39     32      307.1     2540.6
8731        175     21     33      652.8     2541.0
8732        165     28     22     1170.0     2535.3
8733       1210    102     67     1528.7     2556.8
8734        354     45     30     2238.5     2538.5
8735        401     52     37     4260.2     2544.3
8736        100     13     16      224.6     2533.1
8737        244     26     31      910.7     2540.9
8738        333     26     44     1786.0     2548.8
8739        165     16     28     4381.7     2540.9
8740        123     20     17     5435.0     2536.2
8741        611     56     39      368.3     2547.5
8742        156     24     24      851.1     2542.1
8743        209     22     27     1058.6     2543.1
8744        268     31     31     1317.6     2541.3
8745        146     30     26     1511.2     2539.4
8746        323     29     38     1658.5     2544.8
8747       1840     93    117     1902.6     2587.0
8748        102     13     19     2504.9     2537.8
8749        733     68     63     2819.7     2564.7
8750        585     43     52     2926.5     2554.0
8751        160     28     20     4300.2     2539.6
8752        221     35     17     4435.1     2537.7
8753        314     39     35     5184.1     2546.0
8754        176     21     25      177.0     2543.3
8755       6659    160    215      650.9     2619.6
8756        642     47     64     1367.7     2560.2
8757        114     19     22     3251.6     2540.8
8758        181     27     22     3901.6     2539.5
8759        353     38     26     4509.3     2543.6
8760        263     28     28     4913.6     2542.6
8761        608     47     50     5069.5     2554.5
8762        260     33     28      331.4     2546.0
8763        117     25     14     1805.6     2539.1
8764        307     24     37     1946.5     2551.9
8765        100     17     24     2900.3     2540.5
8766        278     31     35     4966.2     2549.0
8767        176     24     19     5243.3     2542.9
8768        169     20     22     5364.6     2545.1
8769        209     27     42     1749.2     2557.2
8770        124     23     21     1755.7     2546.2
8771        256     33     38     1827.5     2554.8
8772        160     26     21     3046.2     2545.1
8773        165     24     26     4541.9     2549.8
8774        127     21     19     1388.0     2544.1
8775        193     26     32     1593.5     2548.0
8776        160     24     32     2088.4     2551.3
8777        177     22     28     1213.5     2550.9
8778        427     38     43     3394.8     2559.4
8779        428     47     32     3935.4     2550.8
8780       1322     78     70     4606.3     2576.2
8781        124     23     15     4889.0     2544.9
8782        256     44     20     4935.1     2548.6
8783        596     46     45     5126.9     2560.3
8784        264     21     31     5267.8     2554.1
8785        602     46     45      809.0     2560.9
8786       1277     71     66     1059.5     2572.3
8787        507     43     45     1172.4     2560.2
8788        173     26     21     2269.4     2550.4
8789        139     24     20     2521.8     2548.8
8790        145     24     15     3478.7     2547.2
8791        133     18     21     3506.1     2551.2
8792       1398     83     59     4307.8     2567.1
8793        110     16     18     5282.2     2548.0
8794        563     38     66      878.2     2571.2
8795        122     21     15     1015.3     2549.2
8796        125     21     21     1801.2     2552.7
8797        101     16     18     3263.8     2550.7
8798        470     55     32     3336.7     2558.9
8799        924     61     54     4217.7     2566.7
8800        102     17     15     4830.1     2551.7
8801        103     16     14       40.3     2550.3
8802       1225     85     91      500.9     2583.1
8803        437     45     36     1434.2     2561.4
8804        169     28     17     1924.0     2552.9
8805        114     17     18     2878.0     2553.3
8806        198     28     24     2985.0     2554.8
8807        124     16     24     3057.5     2555.0
8808        309     24     36     3907.5     2563.6
8809      18677    283    370     4393.5     2707.0
8810        268     33     31     4441.1     2556.1
8811        121     21     16     5411.3     2553.0
8812       3381    114    121       47.4     2602.6
8813        306     29     43      221.0     2563.5
8814        477     48     44      756.6     2570.7
8815        250     26     30     1402.5     2564.4
8816        249     29     29     2100.7     2559.4
8817        283     26     35     4000.9     2565.2
8818        178     24     21     5386.3     2557.2
8819        132     16     21      521.7     2561.2
8820        210     32     28     1564.5     2561.6
8821        235     25     48     2010.7     2571.8
8822        341     40     27     2042.4     2560.8
8823        136     21     30     2120.5     2566.9
8824        119     21     20     2373.8     2558.4
8825        133     22     16     2672.0     2556.1
8826        205     39     34     3741.2     2562.0
8827       1756     72     85     4535.9     2589.9
8828        353     31     42     5002.1     2567.3
8829        293     30     39     5156.1     2566.0
8830        250     26     38     5341.2     2568.3
8831        245     29     33       45.8     2566.2
8832        254     28     34      197.5     2566.2
8833        166     28     21      847.5     2562.9
8834        846     66     45     1714.2     2571.6
8835        108     18     20     2129.4     2560.5
8836        341     36     32     3628.9     2566.3
8837        224     29     30     4021.6     2565.5
8838        156     20     25     5313.2     2564.5
8839        247     43     22     5440.5     2561.6
8840       2028     87    109      332.1     2610.0
8841        359     54     51      564.7     2576.8
8842        629     55     54     2182.8     2572.8
8843        162     21     25     2289.8     2566.6
8844        307     34     36     2688.9     2573.8
8845       1168     86     59     3128.8     2586.2
8846        973     70     38     2479.7     2572.4
8847        204     30     21     2734.6     2566.4
8848       1582    113     64     3039.1     2583.6
8849        196     27     35     3665.3     2573.9
8850        182     28     19     4415.0     2563.8
8851        158     17     38     4754.4     2572.5
8852       1258     71     75     4840.5     2593.5
8853        292     26     30      292.3     2567.2
8854        256     30     21     1011.4     2566.7
8855       1306     63     73     1238.0     2599.4
8856        196     24     25     2070.2     2566.4
8857        142     32     15     2225.4     2563.2
8858        139     16     26     3494.8     2569.7
8859        162     24     15     3655.9     2563.9
8860        320     26     33      255.9     2572.1
8861        117     17     20     1294.9     2568.0
8862        271     37     28     1338.0     2570.7
8863        208     21     29     1574.9     2573.9
8864        389     44     56     2703.6     2584.3
8865       2849    121    116     3201.4     2624.5
8866        808     65     54     3439.9     2581.0
8867        636     50     66     5026.4     2591.1
8868        136     26     16     5195.8     2565.6
8869        333     32     35     5233.4     2573.1
8870        101     14     18      344.5     2569.8
8871       1456     80     68     1986.2     2595.5
8872        107     22     17     2215.3     2572.0
8873        421     43     31     2264.6     2574.6
8874        607     53     39     2343.6     2579.2
8875        202     27     20     3732.6     2568.9
8876        144     17     19     4259.4     2570.1
8877        293     33     40     4701.7     2580.1
8878        219     29     24     4909.9     2569.6
8879        125     20     22      587.6     2571.4
8880        120     23     13      721.2     2568.9
8881        148     22     26      899.5     2573.0
8882        193     26     26     2383.8     2573.9
8883        293     26     30     4145.6     2579.8
8884        163     22     27     4952.5     2575.2
8885        122     15     23     5404.8     2575.4
8886        266     37     22      403.3     2574.4
8887        130     18     18      988.7     2572.8
8888        257     28     24     2423.4     2573.9
8889        179     19     35     2662.3     2579.5
8890       2534     96    102     2873.0     2618.9
8891        247     27     35     4185.4     2582.8
8892        125     16     19     4769.2     2571.1
8893        127     18     27     4927.1     2578.6
8894       3527    141    169      112.6     2661.3
8895        967     66     68     1678.3     2596.1
8896        228     29     36     1776.2     2586.4
8897        108     23     15     3813.3     2573.7
8898       1003     38     84     4879.5     2605.2
8899        416     40     33     1811.7     2585.2
8900        859     65     62     1834.0     2601.3
8901        122     14     22     4653.2     2579.0
8902        138     28     16     2969.8     2578.9
8903        102     15     22     3716.9     2582.9
8904       1056     69     87     4276.4     2614.6
8905        942     76     56     5130.6     2596.6
8906        592     53     43      292.8     2593.1
8907        516     38     64     1751.1     2606.5
8908        119     16     19     2311.1     2581.1
8909        152     20     24     2547.1     2586.7
8910        695     87     48     2762.5     2599.1
8911        467     47     41      443.3     2592.8
8912        716     56     54     1442.9     2596.6
8913        127     21     17     2110.0     2583.8
8914        150     30     16     2161.8     2583.7
8915        127     24     20     3310.4     2582.9
8916       1031     83     52     3494.0     2597.2
8917        220     33     26     4959.7     2588.1
8918        177     23     33     5423.4     2591.1
8919        108     16     22      843.0     2585.8
8920        332     35     44     1196.1     2594.2
8921        230     36     23     2403.6     2588.0
8922        532     46     51     2642.5     2601.4
8923        211     29     19     3830.3     2585.1
8924        101     10     22     3969.5     2585.3
8925        252     35     22     4237.4     2588.2
8926        383     31     42     5048.0     2596.1
8927        131     17     20      785.0     2589.4
8928        357     29     40      929.2     2597.2
8929        496     45     41      963.6     2600.2
8930        356     38     34     1112.8     2598.4
8931        167     24     20     1938.8     2588.4
8932        112     18     21     2233.5     2586.9
8933        380     31     39     2294.1     2598.0
8934        457     35     56     4753.5     2606.8
8935        103     20     18     5215.7     2585.6
8936        121     20     18     5364.6     2585.2
8937        126     22     17     1302.0     2586.3
8938        239     25     29     1353.5     2596.5
8939        414     33     46     1559.3     2600.9
8940        127     30     19     2055.7     2592.0
8941        308     39     35     2081.3     2596.4
8942        264     44     39     2127.7     2599.4
8943        928     56     67     4977.3     2614.7
8944        156     22     19      405.0     2591.9
8945        304     36     26     4165.9     2595.0
8946       2069     89    128     4814.3     2653.9
8947        112     20     17     5298.6     2590.6
8948        112     17     19     5440.0     2589.8
8949       1349     76    108      467.6     2634.8
8950        154     24     24      804.4     2595.8
8951        133     25     24     1156.9     2596.5
8952        396     48     34     1284.6     2604.5
8953        231     34     27     2196.5     2596.0
8954        200     32     24     4778.2     2596.1
8955        731     32     78      138.9     2620.7
8956        106     16     19      540.0     2594.8
8957        107     17     23      740.8     2598.5
8958        131     17     26     1311.6     2600.4
8959        896     47     85     2048.2     2628.8
8960        236     26     29     2257.0     2599.8
8961        159     19     23     2975.8     2599.6
8962        114     21     18     4054.8     2593.8
8963        244     29     24     5203.8     2597.5
8964        227     33     31     5316.9     2602.3
8965        567     41     47     5408.8     2608.3
8966        286     28     31      824.2     2605.2
8967        119     25     13     1520.1     2594.3
8968        128     23     20     1645.3     2600.1
8969        160     20     30     1796.1     2602.2
8970        192     24     26     2388.2     2600.7
8971        218     34     22     2951.3     2597.3
8972        221     17     38     3042.6     2604.9
8973        138     14     23     4910.1     2597.9
8974        165     19     25     4925.3     2600.8
8975        148     26     23     5232.5     2601.6
8976        269     29     36     5253.2     2606.8
8977        110     19     22      220.4     2600.2
8978        604     44     47     1024.9     2610.9
8979        346     43     37     1076.2     2607.7
8980        680     46     49     1417.1     2617.5
8981        434     56     39     2901.3     2608.5
8982        269     22     34     5074.7     2607.8
8983        120     22     16      186.8     2601.6
8984       1144     58     73      393.9     2623.6
8985        131     22     18     1381.7     2600.2
8986        321     26     44     2225.6     2614.7
8987        151     20     19     2334.5     2600.0
8988        175     24     35     2461.2     2607.8
8989        115     20     17     4010.7     2600.3
8990        319     29     33     4028.1     2607.9
8991        131     31     14     5274.0     2599.4
8992        117     17     19     5358.7     2601.6
8993        291     36     29     1497.1     2611.5
8994        112     15     18     4185.5     2604.6
8995        283     24     35     4591.7     2612.3
8996        256     24     37     2532.4     2613.5
8997        148     21     17     2835.9     2605.8
8998        111     15     21     2994.5     2605.7
8999        103     20     14     4323.1     2601.5
9000        221     19     36     2551.5     2613.6
9001        322     32     31     4209.1     2613.2
9002        299     27     35     4236.5     2613.9
9003        416     44     34     5374.8     2614.6
9004        287     27     39     5454.5     2617.1
9005        188     27     30      789.1     2614.9
9006       3807    196     86      864.0     2645.6
9007        447     44     44     1146.4     2621.1
9008        244     29     29     1702.2     2612.1
9009        321     40     29     2098.2     2615.5
9010        100     17     16     2603.6     2607.8
9011        981     59     74     3509.3     2641.4
9012        155     21     16     4385.1     2607.4
9013        176     31     22      604.7     2612.0
9014        105     25     21     1387.9     2612.5
9015        337     26     39     3002.6     2622.9
9016        103     13     15     3160.7     2608.8
9017        105     13     23     3603.9     2614.2
9018       2220     91     88     4612.5     2645.4
9019        198     28     20     4737.8     2612.7
9020        213     29     22     1596.8     2614.3
9021       1145     89     56     1752.9     2634.8
9022        390     32     46     2489.8     2629.6
9023        188     15     29     2816.2     2618.1
9024        164     26     16     3097.3     2611.6
9025        130     19     19     4050.9     2613.8
9026        162     26     16     4568.1     2612.5
9027        106     12     19     5091.4     2614.9
9028        269     22     42     5119.2     2622.1
9029        285     34     30     5202.0     2619.0
9030        244     33     24      714.2     2617.6
9031        223     28     18     1881.8     2614.6
9032        780     74     43     2763.4     2628.4
9033        170     22     24     3176.5     2617.8
9034        220     29     40     3572.5     2627.9
9035       1148     83     47     3878.9     2629.1
9036        115     20     16     4325.9     2614.5
9037        246     28     22      757.0     2619.4
9038        293     30     33     1543.8     2625.3
9039        468     46     36     2281.7     2627.3
9040        123     19     18     2383.7     2616.3
9041        352     36     27     4373.8     2622.4
9042        367     44     31     4922.2     2623.7
9043        120     25     16     5288.0     2617.1
9044        285     30     37     2376.7     2631.2
9045        254     34     24     5012.9     2621.2
9046        725     56     57     5146.2     2639.1
9047        149     27     15      551.3     2621.4
9048        726     45     76     2145.0     2644.6
9049        448     63     39     2438.6     2632.3
9050        175     22     23     2934.1     2625.4
9051        246     27     30     2976.5     2624.2
9052        599     50     45      249.5     2635.7
9053        328     28     35      950.4     2629.6
9054        845     55     50     1078.9     2638.2
9055        123     15     22     1117.8     2624.8
9056        476     40     39     1518.1     2632.7
9057        397     42     38     1672.8     2635.2
9058        154     14     23     1904.4     2626.1
9059        156     16     25     1988.5     2624.5
9060        130     14     22     2245.6     2623.2
9061        147     19     23     2358.1     2625.7
9062       2181    117     68     2670.4     2647.7
9063        293     24     37     4294.1     2632.6
9064        218     40     19     4444.1     2624.1
9065        413     37     46      977.3     2638.0
9066        706     66     41     1025.9     2639.0
9067        627     52     51     2583.0     2640.6
9068       1188     76     58     3093.6     2641.8
9069        380     32     40     5228.9     2635.4
9070       2030     89    114     1943.5     2671.0
9071        116     22     17     3129.6     2625.0
9072        379     35     46     3480.3     2640.5
9073        383     36     31     4467.7     2633.0
9074        248     20     43     5444.6     2641.7
9075        136     20     17      440.1     2627.6
9076        666     90     40      537.7     2643.7
9077        556     41     51      732.6     2641.4
9078        787     69     52     1293.4     2646.3
9079        424     36     43     1586.6     2643.2
9080        302     44     21     1839.5     2629.3
9081        185     25     20     4557.9     2629.6
9082        122     16     21     5345.4     2630.1
9083        300     32     39      206.8     2640.7
9084        238     25     31     1176.3     2636.5
9085        551     38     62     1562.8     2654.9
9086        126     22     18     1707.6     2631.7
9087        298     30     49     2117.4     2647.3
9088        151     20     26     3035.9     2636.7
9089        140     18     17     3683.5     2632.2
9090        110     28     15     5168.1     2630.2
9091        236     28     26     5257.8     2637.3
9092        209     30     27     5373.0     2637.2
9093        105     15     16      283.8     2631.9
9094        119     24     17     1196.2     2632.4
9095        442     54     28     1471.1     2635.6
9096        169     24     24     1998.4     2638.4
9097        103     19     21     5078.0     2634.0
9098        368     31     46      351.3     2653.6
9099        102     15     23      485.1     2637.4
9100        272     26     36     1208.7     2647.1
9101        301     28     45     1337.4     2644.8
9102        119     12     29     4243.3     2640.5
9103        868     42     74      171.6     2669.7
9104        118     19     18      424.3     2635.7
9105        108     18     19     2173.7     2636.8
9106        190     22     31     2189.0     2644.7
9107        120     18     19     2405.5     2636.7
9108        121     15     25     3045.4     2642.0
9109        172     21     25     3544.5     2639.8
9110       1791     86     88     4186.1     2675.5
9111        782     58     49     4523.3     2651.3
9112        340     40     34     4949.6     2645.9
9113        529     33     60     1153.0     2663.9
9114        280     23     44     1636.2     2651.5
9115        701     62     42     2531.7     2651.6
9116        291     36     31     2939.7     2645.0
9117        159     26     20     4225.8     2641.9
9118        154     24     22     4328.5     2642.8
9119       1195     68     70     5033.6     2663.3
9120        111      9     28     5300.6     2644.9
9121        407     24    101     5463.6     2673.5
9122        352     21     45     1397.8     2654.7
9123       5240    218    135     1774.8     2696.6
9124        119     13     22     5407.1     2642.1
9125        214     21     33     2212.6     2648.3
9126        202     27     27     2236.6     2646.6
9127        752     51     66     2796.3     2670.0
9128        191     23     21     4487.4     2645.0
9129        178     23     19     4859.3     2644.2
9130        396     38     39     4912.7     2652.1
9131        945     64     96     5126.4     2685.9
9132        896     49     68      212.6     2675.5
9133        352     46     27      598.5     2649.4
9134        716     50     55     1245.3     2663.3
9135       1660     84    108     1459.6     2677.2
9136        173     33     18     1857.7     2646.3
9137       1341     77    111     2047.8     2696.6
9138        117     25     24     3001.2     2649.5
9139        158     31     17     3599.3     2644.4
9140        107     13     25     4185.4     2649.2
9141        138     14     36     1102.0     2653.9
9142        146     15     33     1113.2     2652.4
9143        152     31     18     2259.4     2648.7
9144       3023    135    114     2746.4     2697.7
9145        112     18     16     3567.1     2645.2
9146       1104     77     58     4761.7     2668.3
9147        166     20     36     5091.0     2660.2
9148        163     21     25      407.3     2652.8
9149        265     23     30     1613.8     2656.2
9150        277     30     38     2827.2     2656.4
9151        212     42     27     2953.6     2653.1
9152        147     26     19      706.1     2651.8
9153        107     24     13      771.0     2646.8
9154        660     64     47      846.6     2672.3
9155       2000    101     93     1015.9     2680.6
9156        311     32     36     1499.6     2662.1
9157        141     26     15     1793.2     2650.1
9158        851     54     83     2289.5     2680.5
9159        110     21     22     2366.4     2652.4
9160        174     25     33     3129.7     2658.2
9161        266     21     37     4981.1     2663.6
9162        111     18     17     5081.1     2652.1
9163        161     21     26     4682.2     2658.9
9164        127     28     16     5199.6     2649.7
9165        217     19     34     5337.2     2659.7
9166        270     40     32     5383.8     2657.2
9167        417     48     34     2420.9     2662.6
9168        170     23     20     3155.7     2656.3
9169        804     69     51     3552.5     2676.9
9170        213     26     29     4251.5     2658.0
9171        144     20     25     4563.0     2658.2
9172        106     27     21     4752.2     2656.0
9173        107     19     16     5164.3     2654.6
9174        496     48     46     5287.8     2668.4
9175       1011     55     70      262.8     2682.0
9176       1425     63     90     1670.5     2690.1
9177        134     26     16     2003.1     2657.5
9178       2270     99     94     2489.3     2696.8
9179        147     23     19     3050.9     2658.3
9180        747     63     42     3628.3     2670.1
9181        118     17     31     5324.0     2663.3
9182        528     39     40      899.0     2668.3
9183       2468    114     94     1408.0     2697.6
9184        106     19     15     2039.1     2657.9
9185        306     36     24     2976.1     2661.7
9186        147     20     27     3007.7     2661.4
9187        169     27     28     3028.8     2662.5
9188        132     26     15     4884.2     2657.1
9189        197     22     32       31.3     2666.4
9190        573     44     56      430.8     2685.5
9191        857     52     52     1281.6     2682.8
9192        109     19     14     1352.4     2659.2
9193        165     18     27     2324.4     2665.0
9194       1748     76     77     2870.9     2689.4
9195        125     17     23     3543.3     2662.4
9196        186     38     17     5195.0     2660.6
9197        206     28     21      388.2     2664.8
9198        157     31     17      531.3     2661.1
9199        367     28     46      726.9     2678.1
9200        288     30     30     1783.9     2668.4
9201        170     33     20     2272.3     2661.7
9202        739     41     60     3258.7     2683.9
9203        342     27     44     3405.4     2676.1
9204      25409    348    320     4044.5     2791.5
9205        138     24     15     4228.7     2660.6
9206        146     16     28     4480.2     2667.8
9207        144     15     27     5311.0     2668.2
9208        529     53     37      317.9     2671.4
9209       2108     96     98     1534.4     2700.9
9210        115     24     18     2190.3     2664.7
9211        678     47     57     2587.3     2686.1
9212       2052    109     94     3060.6     2700.2
9213        116     15     20     3962.1     2665.5
9214        136     28     20     4053.9     2667.0
9215        554     50     47     4510.1     2679.1
9216        170     18     24      166.4     2670.8
9217        244     29     29      370.8     2674.4
9218        654     62     43     1600.1     2680.4
9219        115     21     23     3427.5     2672.1
9220        186     22     21     4943.2     2671.7
9221        115     20     16     5362.5     2667.9
9222        328     31     35      501.2     2680.8
9223        207     28     29      544.3     2673.9
9224        137     18     24     1065.9     2674.1
9225       1617     61    127     1971.5     2726.3
9226        182     42     18     2117.1     2673.1
9227        250     27     33     2451.6     2680.0
9228        252     27     40     5422.0     2681.9
9229        232     29     24      141.1     2673.8
9230        720     61     56     2442.1     2698.8
9231        180     21     23     3233.9     2674.2
9232        112     31      9     3512.9     2668.7
9233        178     18     28     5218.6     2678.8
9234        189     27     26     1100.9     2682.4
9235        172     18     33     1118.9     2681.4
9236        177     22     26     1908.2     2678.8
9237        118     20     16     2009.2     2673.0
9238        322     41     27     2242.2     2677.5
9239        152     17     23     2614.3     2678.1
9240        345     36     25     3134.8     2680.1
9241        472     44     42     4913.1     2684.9
9242        721     54     63     5403.5     2699.2
9243        157     18     25       13.4     2680.7
9244        962     45     79      971.9     2707.4
9245        135     21     16     1479.2     2676.0
9246        986     79     77     2923.0     2709.7
9247        460     44     31     4467.6     2685.9
9248        893     63     54     5074.5     2694.6
9249        568     38     50     5187.5     2692.2
9250        262     33     24      562.2     2681.4
9251        575     45     40      692.8     2691.3
9252        514     36     84     1191.6     2720.0
9253        162     24     28     1892.8     2683.5
9254        528     46     38     2695.5     2689.5
9255        339     39     42     3169.7     2690.6
9256        111     22     15     3989.1     2677.8
9257        113     17     27     4068.2     2683.1
9258       1480     68     88     4569.9     2714.8
9259        396     31     49     5234.2     2694.7
9260        113     11     22     2913.9     2681.6
9261        301     25     36     4052.3     2685.5
9262        153     15     24     4283.2     2685.6
9263        147     26     16     5162.4     2680.5
9264        240     32     30      358.0     2688.1
9265        658     54     52     3210.2     2697.6
9266        106     16     20     4887.5     2684.6
9267        102     16     19     1081.0     2684.1
9268        196     43     15     2078.8     2683.3
9269       1320     89     62     4642.6     2701.9
9270        450     39     43     4862.5     2698.8
9271        248     40     21     5337.1     2687.7
9272       2498    116     91      518.9     2726.3
9273        231     27     31     1204.7     2692.3
9274        215     34     24     2393.2     2692.7
9275        200     34     21     2807.2     2688.6
9276        319     29     40     3109.0     2699.1
9277        163     16     30     3192.5     2692.3
9278        129     14     31     3762.4     2696.4
9279        109     23     15     1312.1     2686.5
9280        141     17     25     1638.0     2690.8
9281        954     66     61     1876.0     2710.7
9282        189     27     24     2152.9     2691.4
9283        191     39     22     2352.8     2692.7
9284        116     16     17     2825.6     2689.9
9285        347     35     36     4974.8     2696.7
9286        140     19     25     5149.2     2692.4
9287        141     18     25     5261.0     2693.5
9288        122     19     23      300.4     2696.3
9289        114     17     23      645.9     2694.9
9290       1239     63     71      917.5     2715.5
9291        168     19     24      948.4     2693.4
9292        324     33     28     2013.1     2696.5
9293        117     26     11     3598.3     2688.3
9294        140     25     18     4503.3     2693.2
9295        526     38     49      817.5     2704.6
9296        615     58     54     1156.3     2707.2
9297        287     26     37     2182.1     2699.9
9298        162     25     21     2532.3     2693.3
9299       2672    161     83     2579.5     2726.1
9300        117     22     18     2975.2     2694.9
9301        728     51     54     4218.5     2710.3
9302        188     19     28     4940.9     2697.4
9303        192     25     24      777.3     2699.6
9304        101     24     17      800.5     2694.9
9305        575     64     39     2228.4     2705.7
9306        465     44     49      309.2     2714.6
9307        195     24     23      736.3     2700.1
9308        259     24     33      849.3     2703.9
9309        450     39     40     1602.7     2709.3
9310        212     23     23     4442.5     2699.7
9311        180     25     24     5367.5     2699.2
9312        150     24     24      873.5     2701.8
9313        102     18     14     1318.4     2696.9
9314        253     32     32     2084.7     2703.0
9315        122     14     24     2917.0     2703.1
9316        166     24     25     3647.0     2700.8
9317        258     30     27       37.0     2705.5
9318        642     42     62      767.5     2723.5
9319        107     14     21     2653.3     2702.1
9320        406     41     34     4927.4     2711.5
9321        318     23     40     5315.7     2712.1
9322        720     53     49      354.3     2719.2
9323        129     16     23     1069.4     2703.2
9324        214     41     20     2827.4     2703.7
9325        424     50     30     3007.9     2709.8
9326        163     34     14     3604.0     2699.7
9327       1194    100     60     4810.5     2724.2
9328        197     25     23     5211.9     2705.5
9329        160     24     20      107.7     2708.7
9330        190     28     24      398.0     2707.9
9331        303     32     26     3139.2     2708.5
9332        214     31     32     3283.3     2715.4
9333        368     35     32     4473.8     2709.1
9334       3326    110    127     4738.0     2767.0
9335        238     31     33     4747.3     2711.3
9336        191     28     21      572.8     2708.3
9337        427     35     41     1232.3     2717.2
9338        373     44     35     5027.8     2712.8
9339        444     38     49     5344.2     2724.3
9340        116     18     19        8.3     2709.8
9341       1327     88     63      252.8     2732.1
9342        289     26     39      713.9     2723.0
9343        108     17     18     1345.0     2708.8
9344        136     21     20     1852.7     2709.2
9345        100     21     18     2152.2     2706.9
9346        173     21     22     2309.3     2710.9
9347        129     20     30     2360.2     2712.0
9348       1205     60     68     4167.1     2739.0
9349        187     16     32      201.9     2719.4
9350        206     24     25     1633.3     2713.1
9351       1171     72     60     2405.4     2729.7
9352        156     24     21     2728.5     2712.3
9353        183     28     22     3629.1     2710.7
9354       1181     74     74     4521.9     2729.1
9355        474     48     45     5108.6     2725.7
9356        290     29     34     5289.4     2721.2
9357        158     31     19      436.5     2714.9
9358        174     23     31     1315.9     2720.4
9359        404     27     56     1809.4     2733.4
9360        139     24     20     4878.7     2712.6
9361        443     44     47     5440.7     2726.6
9362        115     19     16      676.4     2713.0
9363        293     26     39     2345.2     2725.0
9364        714     46     65     2669.9     2740.2
9365        745     82     41     4315.9     2721.8
9366        114     19     18     5094.4     2713.7
9367        111     19     25     2102.3     2720.6
9368       1176     59     84     2843.9     2750.7
9369        543     62     49     3638.0     2737.9
9370       7975    129    320     4633.4     2848.7
9371        502     63     31     5185.0     2725.6
9372        151     24     21      585.4     2721.5
9373        120     21     14      696.6     2716.0
9374       1114     59     76      875.5     2745.5
9375        274     27     45     1507.9     2734.1
9376        423     45     44     2253.2     2731.8
9377        622     60     39     3140.7     2731.9
9378        734     49     39     3234.4     2729.4
9379        324     37     34     3399.5     2727.6
9380        124     31     19       71.0     2720.5
9381        133     20     24      320.6     2723.4
9382        127     18     22      408.1     2720.6
9383        155     23     23      628.1     2721.7
9384        221     45     22     1272.4     2722.4
9385        199     41     18     1837.3     2723.0
9386        633     43     45     5238.5     2735.1
9387        145     17     30      798.4     2728.6
9388        501     41     38     1040.8     2733.3
9389        211     16     34     1581.8     2732.8
9390        165     32     20     2018.3     2723.3
9391        155     22     21     3170.2     2724.6
9392        109     18     24     4196.3     2727.7
9393        101     20     12     4763.5     2720.0
9394        602     51     40     4975.1     2730.4
9395        460     27     44       12.9     2738.9
9396        350     27     53     1336.3     2740.0
9397        757     55     56     3892.2     2745.5
9398        104     17     19     5048.6     2725.5
9399        213     23     29       86.0     2732.2
9400        322     30     34      185.8     2733.8
9401        367     36     33     1072.5     2732.6
9402        102     18     19     1365.3     2725.8
9403        191     26     17     1383.0     2726.9
9404        512     50     29     2304.8     2731.8
9405        107     18     15     5066.8     2725.6
9406        110     24     21     5077.3     2730.1
9407       1522     80     80     1623.8     2756.2
9408        656     43     52     1910.3     2747.2
9409        857     87     42     4904.2     2738.6
9410        270     27     37     5268.2     2739.8
9411        276     22     36      393.1     2739.9
9412        568     48     37      831.0     2741.4
9413        307     42     25     1116.1     2733.9
9414        138     18     24     1357.9     2735.6
9415        130     30     21     1450.9     2731.2
9416        150     19     21     2195.0     2732.5
9417        337     38     39     2936.9     2739.5
9418        328     37     26     3056.2     2735.6
9419        100     22     12      434.4     2729.4
9420        596     64     43     1677.7     2750.8
9421        453     49     52     4684.1     2743.8
9422        106     16     19      475.4     2734.5
9423        153     16     31     1011.7     2743.1
9424        948     55     63     1547.5     2758.2
9425        404     38     28     1835.0     2741.9
9426        235     27     33     2017.6     2744.2
9427        156     14     32     2275.4     2743.2
9428        155     18     30     3033.5     2741.2
9429       2549    108    107     5006.1     2772.9
9430        170     27     21      450.4     2738.4
9431        209     43     20      650.6     2739.3
9432        147     24     22      941.7     2741.1
9433        197     16     37     2209.1     2746.1
9434       1628     83     84     2755.7     2771.2
9435        339     34     30     2978.2     2744.0
9436        266     32     30     3013.5     2743.0
9437       2636    135     88     3164.1     2773.5
9438       4623    197    136     4263.4     2800.3
9439        201     33     28     5302.8     2743.1
9440        737     48     52      420.4     2756.3
9441        397     33     42      748.8     2753.0
9442        139     26     16     1152.6     2735.6
9443        114     21     18     1728.9     2739.6
9444       1309     68     71     2627.9     2766.1
9445        117     20     24     2872.4     2739.5
9446        112     15     27     3206.2     2744.1
9447        390     33     46     3923.5     2756.0
9448        547     42     38     4222.1     2749.6
9449        260     34     22     4349.6     2740.8
9450        497     47     51     5169.0     2755.3
9451       2999    160     89     5358.7     2772.7
9452       2063     32    355     5460.7     2934.1
9453        109     20     16      733.8     2739.9
9454        158     29     26     1249.0     2748.0
9455        257     21     41     1940.9     2750.8
9456        146     25     21     2087.4     2743.6
9457        629     50     59     2136.6     2760.2
9458        221     35     24     2185.4     2745.4
9459        123     21     24     2803.2     2744.6
9460        641     53     50     2455.6     2761.9
9461        607     66     41     5126.9     2754.8
9462        242     22     34     1175.3     2753.6
9463        234     24     30     1495.4     2752.2
9464        734     81     38     2338.6     2756.3
9465        745     54     58     3276.9     2761.9
9466        120     22     15      160.6     2744.0
9467        154     24     20      692.8     2748.6
9468        792     58     50     1140.5     2763.7
9469        674     31     62     4251.0     2768.7
9470        801     71     42      343.9     2757.8
9471       1612    110     95      446.0     2790.2
9472        198     24     27      575.8     2754.8
9473        864     60     62      659.0     2770.3
9474        362     34     36     1086.7     2756.8
9475        397     58     47     1757.4     2766.6
9476        192     28     25     1880.8     2752.8
9477        143     25     19     2063.1     2750.1
9478        382     32     36     2498.1     2759.9
9479        653     43     45     3074.3     2763.7
9480        137     17     22     3099.4     2751.5
9481        130     21     19     4782.9     2748.7
9482        109     19     19     5071.6     2747.9
9483        636     52     41     5225.6     2762.7
9484        143     21     20       42.2     2752.5
9485        101     14     27      200.1     2756.5
9486        141     22     18      626.1     2752.1
9487        285     26     36     1062.6     2763.5
9488        217     37     20     1358.0     2752.7
9489        361     46     33     1399.6     2761.2
9490        224     19     31     4817.5     2756.8
9491        265     29     32       87.1     2757.2
9492        128     20     14     1275.1     2751.2
9493        239     32     27     2555.1     2760.0
9494        399     38     36     2689.1     2761.1
9495        317     34     29      137.3     2763.8
9496        514     47     41      170.2     2766.2
9497        105     22     17      596.7     2754.7
9498        112     22     14     1422.1     2754.6
9499        160     21     21     2223.2     2754.9
9500        215     29     20     2903.7     2754.7
9501        964     68     51     1035.0     2775.5
9502        109     24     16     1464.9     2757.2
9503        103     14     19     1586.3     2757.3
9504        127     17     29     1792.4     2762.7
9505        142     31     17     4057.9     2756.6
9506        189     18     43     1001.7     2771.1
9507        787     65     41     1209.0     2771.4
9508        188     31     19     2081.8     2759.6
9509        122     23     20     2265.0     2760.8
9510        389     29     41     2876.7     2772.7
9511        157     23     20     4350.3     2760.9
9512       1071     74     59     4569.4     2778.5
9513        458     40     47     4838.8     2770.7
9514        130     14     30     1104.4     2767.2
9515        367     41     34     1275.7     2769.6
9516        171     28     23     1726.9     2763.4
9517        258     29     29     1851.7     2765.6
9518        102     19     15     2395.2     2760.1
9519        117     19     17     2433.5     2760.1
9520        286     31     41     2786.5     2775.7
9521        256     27     33     2806.5     2767.1
9522        143     21     19     3227.5     2760.8
9523        295     38     29       50.3     2770.2
9524        471     65     42      560.2     2776.5
9525        232     30     26      842.7     2767.3
9526       2782    132     97     1855.0     2806.1
9527        182     27     25      699.0     2766.3
9528       4350    154    157      755.4     2831.5
9529        100     13     17     2164.0     2763.6
9530        160     17     32     3013.2     2771.4
9531        209     27     27     3032.4     2768.7
9532        462     47     36     5070.7     2772.7
9533        143     22     21      105.1     2769.2
9534        822     61     53      216.6     2778.4
9535        164     33     16      266.7     2764.6
9536        117     21     25      951.4     2771.0
9537        273     32     36     1357.7     2775.7
9538        130     28     16     1505.6     2766.4
9539       1105     69     67     1706.7     2797.0
9540        190     25     21     1957.9     2768.2
9541      36002    392    889     1856.5     3208.4
9542        239     26     41     2556.1     2780.3
9543       1829     93     99     2955.3     2810.4
9544        156     26     19     4193.8     2767.2
9545        186     27     24      302.7     2769.8
9546        218     27     25      893.1     2773.1
9547        136     17     31     1431.6     2773.9
9548        696     56     40     1892.1     2778.4
9549        158     23     26     2011.9     2771.7
9550       2383    127     68     2311.9     2792.2
9551        380     37     39     2991.7     2776.8
9552        164     28     22     5190.7     2769.6
9553        274     33     29      367.9     2774.6
9554       1483     72     83      605.8     2811.2
9555        107     21     17     1309.5     2770.3
9556        351     41     33     1455.4     2778.4
9557        112     14     24     1578.1     2773.7
9558        137     15     24     3049.5     2775.4
9559        183     21     23     5452.5     2774.1
9560        204     28     24       13.4     2775.4
9561        242     37     36       66.4     2783.8
9562        194     29     24      394.8     2775.5
9563        147     25     18      610.0     2774.4
9564        132     24     19     1122.3     2774.0
9565        216     37     25     2108.1     2777.2
9566        255     26     22     2904.0     2775.4
9567        154     19     34     3316.9     2780.6
9568        168     28     19     5143.6     2773.8
9569        902     57     64      278.9     2797.8
9570        465     34     48      504.1     2790.1
9571        112     14     21      792.5     2774.4
9572        212     33     35      920.4     2782.7
9573        366     31     35     2386.9     2783.2
9574        149     19     25     2963.0     2776.5
9575       1171     86     72     4499.8     2798.1
9576        167     21     28     4800.6     2779.9
9577        323     46     25     4909.2     2777.9
9578        109     23     12     4929.4     2771.3
9579        973     64     63     1314.8     2800.5
9580        253     27     23     1378.3     2780.1
9581       1221     92     76     1473.6     2813.5
9582        186     21     23     2239.3     2779.1
9583        641     53     50     2709.6     2793.2
9584        857     65     76      325.4     2812.5
9585        771     76     60      968.2     2800.7
9586        243     29     31     1516.7     2788.5
9587        635     41     49     1782.5     2793.6
9588        161     16     28     2481.2     2782.1
9589       1091     62     66     1568.0     2808.9
9590       3378    187    124     3227.3     2837.6
9591        173     23     24     4166.1     2784.3
9592        293     30     32     4359.5     2785.8
9593        192     19     26     4942.9     2784.5
9594        470     49     35     5220.6     2790.2
9595        205     26     27       42.2     2789.2
9596       1114     63     71      138.8     2811.2
9597        125     22     15      258.7     2780.6
9598        137     26     22      307.7     2784.4
9599        527     45     42     1411.5     2794.0
9600        106     15     23     1603.3     2787.5
9601       2866    123    121     1684.8     2843.6
9602        471     49     30     2508.4     2788.7
9603        514     55     50     3056.2     2796.4
9604        607     53     47      844.4     2797.7
9605        193     32     23     1171.1     2785.7
9606        793     44     63     5170.7     2804.7
9607        168     30     22     5264.2     2787.3
9608        339     29     31       90.6     2796.1
9609       1062     56     66      540.7     2809.4
9610        563     40     44     1950.9     2801.6
9611        107     18     18     2205.6     2786.7
9612        228     26     31     2413.4     2792.8
9613        470     37     38     2443.8     2796.0
9614        130     22     22     2824.5     2790.8
9615        153     24     20     5430.3     2787.6
9616        234     27     37      692.6     2797.6
9617        160     19     27     2090.7     2795.3
9618        391     38     52     2199.1     2809.8
9619        146     26     22     2227.9     2794.8
9620       1176     89     46     2586.2     2804.4
9621        126     18     18     4786.5     2790.5
9622        644     65     47      235.6     2807.0
9623        226     32     24      805.8     2792.8
9624        122     15     18      878.6     2790.7
9625        137     25     21     1101.2     2791.4
9626       4093    194    109     1150.4     2836.4
9627        192     22     30     1266.1     2793.9
9628        786     54     61     1634.6     2817.1
9629        105     17     13     1800.6     2789.2
9630        143     20     18     3797.1     2791.5
9631        180     23     24     5140.1     2792.0
9632        101     18     18      424.2     2793.1
9633        236     22     39     1016.2     2804.6
9634        650     51     61     2681.5     2817.4
9635        123     23     16     2803.6     2791.4
9636        486     58     33     4863.2     2800.8
9637        130     21     18     5054.9     2791.4
9638        105     20     16     5082.8     2791.2
9639        219     19     32      672.8     2803.1
9640        128     21     28     2474.2     2801.2
9641        147     21     18     4902.9     2794.5
9642        146     18     32     1089.2     2801.6
9643        252     33     29     1538.2     2800.9
9644        122     32     11     2883.6     2793.7
9645        496     54     42     3271.0     2813.8
9646        134     22     20     5293.7     2797.5
9647        427     32     48      464.1     2813.5
9648        191     28     22      952.6     2800.0
9649       1652     75    103     1366.6     2835.1
9650        225     20     32     2911.1     2805.2
9651        105     14     17     3672.8     2798.5
9652        164     26     24     5120.6     2800.6
9653        373     37     45     5378.2     2809.1
9654        472     46     33       19.7     2810.2
9655        121     20     16      348.1     2798.4
9656        337     45     23     1236.2     2803.5
9657        114     22     12     1366.4     2797.5
9658       1217     70     75     2798.7     2829.3
9659       1238     79     67     2862.2     2833.7
9660        192     26     27     3045.8     2805.5
9661        106     16     16     3095.8     2799.2
9662        104     16     15     4814.3     2799.0
9663        225     24     39     2076.2     2811.7
9664       1024     79     68     3032.7     2830.7
9665        175     24     25     4250.5     2805.7
9666        278     48     28     5212.2     2809.6
9667        113     20     21      309.8     2803.8
9668        471     47     46     1754.1     2819.6
9669        121     26     26     2118.2     2810.4
9670        134     18     18     2128.6     2806.1
9671        353     44     33     3888.4     2812.4
9672        181     24     24     4791.8     2808.3
9673        890     56     57     5012.4     2823.9
9674        363     49     28     5266.6     2809.4
9675        109     24     15     5406.9     2803.8
9676        383     34     39      372.3     2814.7
9677        506     61     35      814.4     2817.6
9678        133     21     21     1043.7     2809.8
9679        200     31     21     1619.4     2808.8
9680        102     24     11     1980.7     2804.4
9681        763     42     57     2723.6     2829.0
9682        404     44     26     2883.6     2809.0
9683        155     24     20     4188.6     2808.4
9684        165     31     13     4538.9     2805.0
9685        141     31     14     4939.0     2804.7
9686        458     33     45     5097.8     2822.2
9687        103     16     21     2095.4     2809.9
9688        249     31     32     2384.9     2817.8
9689       1236     74     52       96.0     2825.7
9690        757     60     83      921.1     2848.1
9691        164     19     24     1281.7     2815.6
9692        392     43     43     2173.3     2825.3
9693        328     30     32     2248.4     2817.4
9694        219     27     26     2464.8     2816.9
9695       2968    122    110     2461.1     2847.4
9696        155     25     22     2531.9     2815.9
9697        282     26     32     2646.0     2818.3
9698        515     37     49     3307.3     2830.8
9699        153     21     19     3661.4     2812.1
9700       1048     84     68     1035.3     2834.5
9701       2224     98     97     3365.0     2847.3
9702        132     23     20     4827.3     2811.9
9703        438     43     33     5135.4     2821.6
9704        257     41     31     5427.3     2819.5
9705        201     30     25     1258.4     2818.3
9706        483     43     32     3127.0     2821.8
9707        181     24     20     4735.9     2814.4
9708        313     44     24     5320.7     2819.4
9709        105     19     14      169.9     2814.8
9710        104     18     21      481.8     2819.8
9711        119     19     14      645.2     2812.6
9712        118     19     18     2965.4     2816.8
9713        156     22     19     3173.0     2818.6
9714        205     32     19     3330.4     2817.0
9715       1264     89     79     4724.9     2843.7
9716        260     27     26      500.7     2823.1
9717        177     24     21     1318.0     2822.0
9718        135     26     24     1989.1     2820.6
9719       1031    100     43     2287.2     2832.0
9720        116     22     18     4888.9     2818.4
9721        329     27     33     2145.9     2829.7
9722        411     48     23     2763.2     2821.8
9723        100     15     16     4564.4     2819.4
9724        212     21     39     5396.1     2831.7
9725        656     37     62      224.3     2845.2
9726        125     17     22      936.3     2825.8
9727        305     28     34     3096.7     2832.3
9728       1890    105    106     4533.5     2858.3
9729        159     22     20     5254.9     2825.0
9730        547     67     50      275.3     2840.2
9731        104     13     17     1520.7     2824.5
9732        262     28     37     2098.8     2836.4
9733        614     43     49     4937.8     2840.2
9734        831     58     65     1403.0     2845.9
9735       2544     85    172     1820.6     2902.8
9736        102     15     20     1870.9     2827.0
9737        339     53     28     2588.0     2831.6
9738        331     39     27     4776.8     2831.4
9739        107     19     13     4872.6     2826.0
9740        495     35     45       25.8     2843.4
9741        255     35     23       58.1     2832.0
9742        107     13     23      176.9     2830.4
9743        890     51     65      389.8     2852.0
9744        104     15     22     1809.8     2829.5
9745        172     24     29     4809.9     2834.1
9746        360     33     50     5226.2     2845.0
9747        243     24     35     5346.4     2841.4
9748        863     64     54      332.9     2852.2
9749       1519    105     76      983.3     2863.1
9750        142     21     23     1395.3     2834.9
9751        191     23     33     1927.6     2843.1
9752        480     49     50     2056.8     2848.2
9753        252     26     30     2654.9     2839.4
9754        102     21     12     3678.1     2827.2
9755        105     20     17     5045.6     2828.1
9756        183     25     22     2541.3     2833.7
9757        159     28     23     2623.5     2837.0
9758        267     27     42     4467.0     2844.6
9759       1260     62     89      862.5     2874.0
9760        100     20     18     1123.6     2835.1
9761        122     19     24     1528.5     2838.2
9762       1131     76     55     1590.4     2856.8
9763        202     27     24     2330.7     2837.2
9764        639     45     46     4340.9     2847.2
9765        176     21     22      419.3     2838.6
9766        207     25     22      954.9     2839.0
9767        401     39     27     1277.5     2843.1
9768        146     17     32     1969.8     2843.8
9769        619     52     42     2121.6     2850.5
9770        100     23     14     2226.7     2836.2
9771        159     19     23     2923.9     2838.4
9772        800     58     51     3275.4     2853.7
9773        114     16     17     4189.2     2835.8
9774        343     40     33     4304.1     2842.7
9775        137     19     26      472.2     2844.2
9776        145     17     40     1878.6     2847.7
9777        824     69     56     2534.6     2861.7
9778        900     72     62     4872.6     2859.3
9779        237     28     31     4909.5     2845.4
9780        195     26     26     4992.7     2842.8
9781        240     26     28     5305.0     2843.5
9782        280     34     39     5412.7     2848.3
9783        240     42     29      198.8     2848.4
9784        653     70     51      647.1     2859.3
9785        113     14     23     2389.7     2843.6
9786        460     35     43     3122.8     2852.6
9787       2602    162     77     3958.6     2865.9
9788        424     38     43     4492.2     2853.8
9789        151     20     23     4520.3     2843.2
9790        291     26     44     5448.1     2851.6
9791        269     32     24      447.3     2845.5
9792        336     46     30      538.2     2847.7
9793        227     31     20      684.1     2844.8
9794        114     19     18     1332.3     2841.1
9795        101     13     21     1499.8     2843.1
9796        498     62     40     1909.6     2857.3
9797        115     21     17     2188.3     2843.1
9798        197     34     16     2557.3     2842.4
9799        136     21     21     3013.2     2842.1
9800        132     22     22     4822.6     2844.2
9801        884     67     47     5089.1     2854.1
9802        121     18     25      369.8     2845.8
9803        315     39     25      498.8     2846.4
9804        535     51     56     1324.2     2862.6
9805        269     26     42     3758.8     2853.7
9806        124     19     19     4612.1     2846.4
9807        186     27     24      589.2     2851.0
9808        134     23     21      834.0     2848.0
9809        166     40     24     1056.4     2851.2
9810       2553     99    107     2216.2     2891.0
9811        113     15     17     4972.2     2847.1
9812        315     40     30      725.4     2856.2
9813        111     22     16     2363.5     2846.2
9814        334     27     30     5138.2     2853.7
9815        583     31     66     1159.1     2874.1
9816        274     24     40     1765.5     2859.0
9817        103     24     15     2167.6     2849.1
9818        610     33     54     2757.6     2870.1
9819        105     19     20     5158.2     2854.2
9820        314     31     33      107.8     2862.7
9821        983     77     49      153.5     2866.7
9822        151     29     20      419.6     2854.7
9823        144     25     25     1436.3     2860.2
9824        954     67     58     2674.5     2870.9
9825        946     58     70     2799.4     2881.0
9826        164     19     23     3024.3     2855.9
9827        279     30     30     3168.0     2860.9
9828        285     36     28     4782.4     2859.2
9829        142     23     23     5170.7     2854.7
9830        317     38     38     5203.7     2865.1
9831        157     23     24     5254.8     2856.1
9832        292     42     36     1527.5     2859.7
9833       1383     69    101     2278.4     2891.6
9834        353     25     36     2347.3     2864.8
9835       2179    110     85     2979.8     2889.8
9836        885     48     91     3077.9     2891.3
9837        118     23     14     4687.1     2851.2
9838        125     28     17       55.2     2858.3
9839        108     19     12      283.0     2853.1
9840        191     22     29     3486.1     2862.4
9841        170     19     24     3998.8     2858.4
9842        202     30     21     4057.7     2859.7
9843        145     22     19     4294.4     2857.6
9844        646     37     62     4447.0     2877.6
9845        116     15     21     1300.6     2860.9
9846        114     20     23     1417.9     2859.9
9847        533     47     61     1756.8     2881.0
9848        127     18     24     1849.9     2860.3
9849        311     28     34     2605.7     2866.1
9850        297     35     26     2627.6     2863.2
9851        145     15     22     3076.0     2860.4
9852       2776    103    139     4271.8     2932.2
9853        270     44     21      464.5     2861.6
9854        250     21     39      525.8     2872.1
9855        207     32     31     1258.1     2866.1
9856       1100     84     52     2399.1     2878.7
9857        899     57     62     4694.3     2880.2
9858        936     55     59     5036.3     2877.1
9859        804     51     62     1286.5     2886.6
9860        180     30     19     3049.0     2862.8
9861        128     24     17     5280.4     2860.8
9862       1018     71     50     5320.0     2876.1
9863        369     37     41      268.0     2874.6
9864        233     25     37      880.5     2877.1
9865        261     41     23     1064.6     2866.1
9866        220     31     22     2869.4     2865.6
9867        459     34     40     4996.9     2876.5
9868        150     18     24     5108.5     2867.6
9869        429     34     40      556.6     2874.3
9870        425     45     36      613.0     2874.4
9871       2542     72    178      683.2     2962.8
9872        120     19     17     2730.1     2866.7
9873        268     29     29     4822.7     2872.7
9874        122     19     26     4969.9     2872.5
9875        153     25     16      421.5     2868.3
9876        123     16     20      828.6     2869.2
9877        104     16     19     1398.8     2871.0
9878        130     18     20     1482.5     2868.8
9879       3344    139    136     1456.2     2921.6
9880        109     15     17     3005.6     2869.8
9881        194     29     29     3188.9     2872.9
9882      13107    321    221     3398.0     2966.9
9883        278     38     35     4227.7     2876.3
9884        150     24     18       65.8     2870.2
9885        950     80     55       67.3     2890.2
9886        214     31     28     1468.1     2875.7
9887        359     30     38     1875.2     2882.0
9888        202     26     32     4920.2     2875.3
9889        475     38     57     5435.6     2889.9
9890       1397    102     83     1069.4     2905.0
9891        388     42     32     1628.1     2878.5
9892        520     45     44     2309.0     2889.7
9893       1661     85     99     2899.5     2904.2
9894       6011    171    152     3183.6     2941.1
9895       1888    106     72     4032.6     2898.3
9896        142     29     15     4779.6     2872.6
9897        117     25     24     4897.2     2873.5
9898        381     54     30     4948.0     2884.0
9899        238     23     25      288.9     2879.5
9900        286     31     27      349.9     2879.1
9901       1149     82     63      737.9     2897.0
9902        100     22     14     3057.6     2873.2
9903        102     20     14     4277.8     2872.9
9904      19656    287    337     4365.4     3029.8
9905        176     29     23     4540.9     2877.3
9906        167     19     32     5126.0     2882.0
9907        116     20     20      487.8     2879.5
9908        328     49     25     2068.8     2878.8
9909        181     21     24     2590.0     2881.0
9910        145     16     26     2636.1     2880.2
9911        100     24     17     2857.4     2876.5
9912        143     18     18     2891.4     2876.0
9913        147     22     25     4420.3     2881.9
9914        164     30     19     5154.3     2875.7
9915        353     33     48     5178.3     2893.7
9916        167     28     19     5246.2     2877.0
9917        125     21     21       11.8     2881.5
9918        134     23     16     1032.4     2878.6
9919        111     20     19     1450.3     2880.0
9920        135     20     18     3416.5     2879.7
9921        439     47     29     3521.4     2886.1
9922        111     22     14     4013.7     2876.4
9923        126     28     15     4069.5     2876.2
9924        117     22     13      207.4     2877.5
9925        144     21     26      227.7     2884.3
9926        526     40     42      316.2     2890.7
9927        144     19     23      451.1     2881.6
9928        582     42     51      506.6     2899.1
9929        109     15     26      816.4     2885.5
9930        294     24     45     1231.4     2894.6
9931        185     26     23     1543.8     2885.5
9932        232     34     36     1902.7     2893.7
9933        870     80     49     2697.0     2896.0
9934      10563    264    170     3918.3     2957.1
9935        196     24     29     5280.8     2883.9
9936        127     17     21      432.3     2883.2
9937        479     36     45      649.1     2901.0
9938        149     16     24     1662.2     2885.4
9939        348     26     40     1728.9     2895.1
9940        151     18     22     2132.1     2884.0
9941        159     20     20     3662.3     2883.6
9942        144     19     20     4203.4     2884.0
9943        240     26     33     4589.8     2888.3
9944        147     17     21     4730.8     2884.2
9945        844    112     50     4759.6     2898.7
9946        978     75     46     5382.5     2897.3
9947        122     18     26      130.6     2886.5
9948        129     26     16      407.3     2885.1
9949       3230    101    115     1576.7     2932.5
9950        605     59     55     3106.8     2901.5
9951       4873    176    111     5041.9     2930.1
9952        331     37     43      163.1     2902.8
9953        445     40     53      540.9     2905.2
9954        444     32     62     1857.4     2908.8
9955        470     40     48     2610.7     2900.0
9956        159     21     22     2835.1     2889.4
9957        361     37     37     2863.9     2893.2
9958        124     16     16     3473.4     2884.8
9959        111     20     15     3644.9     2887.4
9960        105     19     18     3763.5     2888.4
9961        148     20     28     4824.7     2893.0
9962        213     31     17     1127.7     2888.7
9963        176     27     20     1387.1     2888.7
9964        280     28     34     2034.0     2893.6
9965        383     34     37     3425.3     2897.9
9966        502     48     44     4899.3     2902.9
9967        214     24     23      187.6     2894.5
9968        211     21     31      571.7     2897.4
9969        798     72     51      904.6     2905.7
9970        129     19     21     2554.1     2892.4
9971        171     19     25     2736.5     2896.4
9972       5708    153    173     4551.7     2976.7
9973        274     20     37     4567.6     2899.1
9974        203     22     28     5260.7     2894.3
9975        164     24     22      212.3     2895.1
9976        133     16     29      374.2     2899.1
9977        115     12     30      590.2     2899.0
9978       1065     81     57     5228.1     2915.8
9979        577     58     39     2076.8     2903.8
9980        218     35     31     2155.6     2903.1
9981        168     24     18     3048.0     2895.3
9982        117     15     21     3271.5     2898.7
9983        145     20     21     5237.8     2896.1
9984        250     23     29      258.4     2902.4
9985        480     32     46     2503.9     2912.1
9986        396     31     33     4799.4     2905.5
9987        121     26     12      451.3     2895.8
9988        137     22     23      476.1     2902.3
9989        108     14     22      611.2     2900.3
9990        717     62     71     1229.9     2928.1
9991        110     20     20     1650.2     2899.4
9992        434     26     46     1672.4     2913.5
9993        130     17     19     2356.0     2898.5
9994        106     18     16     2371.4     2899.9
9995        459     30     54     3249.6     2916.4
9996        117     16     21     3554.7     2898.7
9997        889     55     70     3565.1     2927.6
9998        140     16     23     4527.2     2901.8
9999        104     22     19     4860.1     2900.6
10000        155     29     26     4938.0     2904.2
10001        824     62     50     5328.2     2914.1
10002        159     21     31       18.8     2906.1
10003        273     29     28      349.7     2907.1
10004        271     35     27      401.0     2905.1
10005        100     18     15      626.3     2901.0
10006        918     75     59      935.8     2925.9
10007        150     26     20     2402.6     2902.6
10008        169     17     28     3509.3     2904.6
10009        158     23     32     4233.4     2904.4
10010        606     40     55     5162.6     2920.8
10011        829     56     47      115.5     2916.6
10012        786     63     47      433.3     2917.4
10013        186     25     21     1253.1     2905.1
10014        164     29     22     2632.3     2904.1
10015        109     23     12     3675.2     2899.5
10016        166     23     22     4208.5     2903.8
10017        140     15     27     5137.3     2906.4
10018        294     31     33      278.1     2914.5
10019        520     59     34      835.9     2911.4
10020       1372     61     91     1372.8     2937.8
10021        131     15     28     1402.2     2910.8
10022       2379    102    115     1657.5     2955.8
10023        744     73     36     2330.3     2913.8
10024        112     17     25      224.1     2911.6
10025        634     49     47     1136.6     2921.9
10026        102     16     13     1697.9     2903.1
10027        892     45     50     2835.9     2923.3
10028        159     31     19     3531.8     2907.0
10029        223     20     32     3958.1     2915.8
10030        193     26     21     4271.1     2909.9
10031        621     52     68     1091.5     2938.6
10032        936     48     86     1283.3     2944.9
10033        113     21     22     1775.0     2910.6
10034       1503     90     71     2744.5     2933.0
10035        384     29     46     2971.2     2926.4
10036        816     59     64       57.3     2932.4
10037        240     31     33      606.4     2918.1
10038        389     27     58     1326.9     2930.7
10039        631     50     51     2163.0     2929.4
10040       1678     77    104     2529.5     2959.5
10041        175     22     18     3702.6     2909.5
10042        102     20     15       91.5     2910.0
10043        275     30     35      305.8     2919.5
10044        137     17     19     1170.3     2914.0
10045        440     46     41     1719.3     2926.6
10046        241     22     32     1755.6     2919.5
10047        158     18     26     2289.3     2919.8
10048        193     28     21     2921.1     2915.8
10049        732     56     51     4711.5     2926.0
10050       1820    103     89     4849.1     2951.7
10051        129     28     12     5268.8     2911.1
10052        304     26     40      245.1     2924.1
10053        502     34     59      583.9     2938.9
10054        287     29     37      715.6     2921.8
10055        536     61     33     1012.0     2922.4
10056        403     24     44     2648.3     2928.3
10057        115     18     17     3275.1     2915.8
10058        107     11     21     3436.6     2918.0
10059        382     29     34     3975.3     2921.7
10060        115     17     21     2000.9     2918.5
10061        205     26     32     2523.6     2925.0
10062        194     25     20     2807.4     2918.2
10063        285     34     30     3612.7     2922.6
10064        211     19     40     4063.2     2930.5
10065        299     36     25     4753.6     2919.9
10066        195     30     17     4943.8     2917.2
10067        184     24     23      378.3     2919.1
10068        147     22     19      922.0     2920.0
10069        170     19     27     1049.6     2921.2
10070        353     41     45     1521.5     2932.1
10071        117     25     15     1890.7     2918.0
10072        540     67     46     2369.5     2933.6
10073        172     19     28     2575.1     2922.6
10074        161     28     26     2889.8     2922.4
10075        189     24     16     4296.9     2918.5
10076        752     47     69      178.5     2939.6
10077        189     23     28     1208.4     2925.4
10078        223     25     28     1266.3     2926.3
10079        141     15     26     1852.0     2929.3
10080        106     16     21     2103.9     2922.2
10081        262     38     21     2691.1     2921.3
10082        111     18     20     3118.0     2920.0
10083       1371    112     75      764.3     2944.9
10084        132     21     18     1696.9     2923.4
10085        731     63     45     2024.9     2936.3
10086        147     26     17     2463.0     2923.1
10087        410     53     32     2611.1     2930.5
10088        355     30     40     2938.4     2931.9
10089        637     47     37     3509.4     2933.1
10090        592     62     45     3941.4     2939.4
10091        495     48     34     4213.0     2929.1
10092        233     23     35     4512.9     2931.8
10093        388     29     48     4673.5     2935.9
10094        489     31     71     4907.3     2943.7
10095        154     26     20     5410.5     2924.0
10096       1786    108     75      528.2     2954.6
10097        227     31     20      970.7     2923.4
10098        205     33     21     1806.5     2928.4
10099        195     20     27     3102.8     2926.7
10100        108     16     24      231.7     2931.2
10101        247     26     30      666.3     2934.2
10102        114     20     18     3423.0     2928.3
10103        665     53     54     4949.6     2944.6
10104        122     20     16     5181.5     2925.6
10105        301     47     39     5392.1     2937.3
10106       1823    103     85      328.1     2962.8
10107        351     38     33      481.2     2936.1
10108        311     38     25      606.0     2934.5
10109        165     28     16      846.9     2927.3
10110        150     23     22     2078.0     2932.8
10111        100     20     13     5209.8     2927.3
10112        456     36     39     5353.4     2938.1
10113        144     31     17     1166.7     2932.4
10114        108     22     17     2412.8     2929.8
10115        166     24     20     3399.6     2929.9
10116        245     34     26     4786.3     2932.2
10117        106     18     14     4808.7     2928.3
10118        158     17     27     5430.4     2935.6
10119        272     29     38      212.2     2941.3
10120        102     12     29      500.5     2937.2
10121        207     26     29     1883.2     2937.7
10122        233     26     29     2673.2     2935.6
10123        118     15     17     4647.0     2931.8
10124        161     20     19      388.1     2933.4
10125        176     23     23     2127.4     2939.7
10126        691     53     52     2798.2     2955.4
10127        326     38     38     3010.1     2943.0
10128        346     25     34     3794.7     2942.8
10129        177     24     20     4332.2     2934.8
10130       2118    104     97     2954.2     2976.3
10131       7381    216    192     3613.9     3003.8
10132        309     34     29     5142.8     2943.7
10133        125     19     19       13.8     2938.0
10134        158     22     19     4227.7     2939.8
10135        174     27     23     5197.9     2941.0
10136        244     30     26      138.5     2945.6
10137        316     38     24      834.5     2943.5
10138        288     33     33     1904.3     2950.0
10139        841     57     49     2304.4     2954.6
10140        163     26     19     2459.7     2942.6
10141       1080     50     82     4089.3     2969.9
10142        376     43     24     4762.3     2942.8
10143        153     18     18     5220.3     2941.0
10144        207     25     37       34.1     2953.2
10145        811     39     66      257.4     2968.0
10146        123     21     17      974.8     2943.6
10147        233     31     26     1791.1     2946.6
10148        492     50     36     2053.9     2954.2
10149        130     19     25     2228.6     2946.2
10150        101     17     16     2596.3     2941.8
10151        528     50     42     2683.6     2953.8
10152        247     38     36     2990.7     2956.3
10153        223     29     22     3404.5     2945.0
10154       2006     80    107      431.3     2996.0
10155        588     54     38      451.8     2956.6
10156       4190    168    215      925.4     3046.4
10157        211     28     27      879.9     2950.6
10158        533     38     47      955.2     2962.6
10159        141     23     19     1123.2     2946.2
10160        382     30     47     1205.1     2958.4
10161       3487     97    202     1481.5     3039.1
10162       1030     91     49     1736.5     2960.8
10163        240     29     36     2425.1     2951.7
10164        248     37     32     2822.0     2951.3
10165        549     52     46     3037.2     2954.9
10166        211     31     30      378.9     2953.7
10167        152     23     24      795.6     2950.1
10168        200     21     21      994.6     2948.1
10169        310     39     39     1111.6     2959.6
10170       1403     64    104     2581.4     2988.9
10171        297     53     30     3522.9     2952.7
10172        200     32     22     5269.3     2947.1
10173        161     21     29     5292.4     2950.7
10174        943     61     51      641.0     2965.2
10175       1899     82     91     2168.2     2985.7
10176        353     33     39     2637.8     2961.0
10177        799     44     66     3776.2     2971.9
10178       1454     77     84     4696.9     2989.8
10179        171     34     22      112.5     2952.3
10180        138     22     15     1153.0     2949.5
10181        172     22     22     2110.3     2953.3
10182        972     63     70     2370.3     2973.9
10183        119     18     26     4855.7     2954.3
10184        437     41     52     5327.1     2963.6
10185        262     21     36     1054.9     2963.1
10186        151     24     21     2488.7     2951.9
10187        100     25     11     2977.7     2950.3
10188        303     38     42     3099.6     2964.6
10189        136     21     22     3819.1     2956.2
10190       1030     82     65     4781.9     2972.7
10191       4461    122    162      800.2     3027.1
10192        471     57     43     1011.1     2967.7
10193        238     27     32     1175.6     2960.7
10194        205     33     28     1230.0     2960.0
10195        251     25     49     2247.1     2969.5
10196       2825    153     94     5082.9     2990.8
10197        245     20     36       19.6     2965.3
10198        140     17     24      901.2     2960.4
10199        443     36     53     1454.2     2974.2
10200        474     37     42     4932.0     2969.2
10201        165     22     23     2458.2     2959.3
10202        166     21     24     2762.1     2962.2
10203        147     15     28     3062.2     2963.6
10204       6121    154    150     4177.7     3017.6
10205        544     54     33     5413.0     2967.5
10206        125     14     22      203.8     2963.1
10207        316     34     30     2263.8     2966.1
10208        505     34     41     4501.0     2973.3
10209        112     13     26     4690.6     2964.4
10210        247     32     22     5179.6     2964.7
10211        656     45     36     5231.8     2968.3
10212       1757     73     94       95.8     2994.2
10213       1278     64    101      608.8     3005.3
10214        463     31     57     1813.3     2980.8
10215        145     20     19     2219.1     2961.7
10216        170     15     37     2469.4     2973.3
10217        115     23     11     4067.8     2959.6
10218        128     23     16      759.9     2964.0
10219        116     17     20     1517.3     2966.2
10220        923     68     68     2852.2     2990.2
10221       2744    109    113     1323.5     3013.8
10222        343     57     23     5361.0     2969.0
10223        114     20     19       49.6     2972.0
10224        276     32     36      199.7     2981.8
10225        260     30     22      393.6     2971.8
10226        208     23     24     2015.0     2972.8
10227        193     27     18     2093.9     2971.2
10228        391     50     28     2408.2     2977.2
10229        438     39     41     3599.7     2984.4
10230        310     35     26     5304.1     2973.2
10231        197     29     31      917.2     2979.4
10232        101     14     22     2438.8     2975.1
10233       1062     65     71     2908.7     3005.9
10234        250     31     27     5269.8     2976.9
10235        123     17     18      132.0     2975.5
10236        179     27     31      379.5     2984.9
10237        598     41     59      720.2     2998.5
10238        100     18     14      929.9     2973.6
10239        632     48     48     1760.7     2990.7
10240        135     20     21     1792.8     2976.4
10241        203     25     23     2833.1     2979.7
10242       2598     77    126     4884.0     3025.5
10243        133     21     21      977.5     2979.7
10244        104     21     15     1089.0     2974.8
10245        794     71     43     2116.1     2991.9
10246        546     31     59     2207.5     3000.7
10247        111     12     27     2753.7     2982.8
10248        160     21     25     2909.9     2981.3
10249        367     31     43     3516.4     2989.1
10250        154     24     30      573.3     2981.9
10251        128     22     17     2075.3     2976.6
10252        193     25     25     2562.7     2983.8
10253        151     27     17     2794.1     2978.5
10254        140     16     20     3188.9     2979.7
10255        492     45     32     4741.9     2984.2
10256        193     26     27     4957.8     2985.9
10257        221     23     29      288.3     2986.5
10258        138     21     19      749.5     2982.0
10259        592     46     50     1011.9     2996.9
10260        112     17     20     1831.9     2982.8
10261        126     17     23     2447.6     2982.5
10262      23025    328    494     2800.5     3175.3
10263        191     27     22     4247.4     2981.7
10264        210     25     31     5003.6     2984.8
10265       1333     75     81     5391.4     3014.5
10266        149     24     22     1060.8     2984.9
10267        439     33     50     1112.4     3000.9
10268        250     32     22     2723.9     2985.1
10269        133     17     20     2771.6     2983.8
10270        104     17     19     5444.5     2984.4
10271        268     41     22     1213.8     2986.1
10272       1059     98     43     3072.9     2996.2
10273        250     20     31     4031.3     2991.1
10274        118     18     22      303.2     2987.0
10275        134     25     18      479.2     2987.7
10276        144     18     20      735.3     2987.9
10277       1816     82    104     1714.4     3033.8
10278        234     31     25     2331.5     2989.1
10279        103     18     19     3008.8     2987.6
10280        112     21     15     3803.1     2986.3
10281        315     42     27     5160.8     2989.2
10282        218     30     20     5199.6     2989.4
10283        508     35     53     2315.5     3010.4
10284        115     22     15     2488.8     2986.4
10285        193     24     25       20.5     2994.7
10286        313     28     38       54.7     3004.1
10287        192     33     18      170.5     2989.6
10288        278     23     41      530.6     3002.1
10289        315     26     42     1615.8     3002.1
10290        185     21     29     2549.9     2998.1
10291        134     14     22     3023.8     2992.4
10292        128     18     25     4510.3     2994.6
10293        104     16     13     5417.9     2987.9
10294        107     17     14      132.5     2992.0
10295        312     32     46      868.6     3006.7
10296        468     49     60      963.8     3011.7
10297        485     35     44     1079.0     3004.0
10298       9543    352    212     1090.6     3083.8
10299       2651    129     90     1600.3     3033.0
10300        568     39     78     2028.8     3016.7
10301        107     21     15     2228.0     2990.7
10302        117     14     23     3174.2     2994.5
10303       8474    228    190     3214.6     3067.9
10304       2058     84    113     4053.2     3042.7
10305        132     20     20     4864.0     2992.8
10306        512     36     43     5338.3     3006.9
10307        123     20     14     5395.7     2989.7
10308        237     29     22     1385.3     2997.1
10309        354     38     30     2748.8     3004.7
10310        348     35     34     1154.3     3006.4
10311        123     14     27     1443.7     3001.9
10312        214     40     23     2472.1     2998.6
10313        179     18     32     2620.5     3005.0
10314       4418    147    150     3736.2     3057.3
10315        662     53     51     4268.8     3011.7
10316        714     34     70     5282.8     3026.1
10317        100     15     15     5456.4     2995.2
10318        155     19     28      635.0     3002.9
10319        175     20     34      848.6     3004.7
10320        149     35     20     2278.5     3000.4
10321        136     21     17     2419.5     2997.6
10322       4475    122    140     3429.8     3065.0
10323        327     23     38     4934.1     3009.4
10324        614     45     51     4980.9     3014.7
10325        103     16     13      216.7     2997.5
10326       9029    249    146     3917.6     3069.6
10327        364     34     33      384.5     3010.8
10328        187     20     33     1408.3     3010.0
10329        197     26     20     1831.8     3006.0
10330        123     17     17     4489.9     3003.4
10331        178     22     24     4822.4     3007.0
10332        156     23     24     5238.3     3005.9
10333        863     69     70      172.1     3023.2
10334        347     36     39     2076.0     3012.6
10335        210     26     31     2245.2     3012.3
10336        167     21     31     3867.6     3009.4
10337        235     22     27     4233.4     3008.2
10338        125     21     20     5168.4     3008.2
10339        682     46     50     5191.7     3021.9
10340        235     30     23     5307.1     3008.0
10341        197     21     38     1350.8     3014.4
10342        777     44     50     1524.1     3020.5
10343        145     16     33     1789.8     3013.7
10344        360     37     37     3005.0     3017.1
10345        519     34     53     3108.5     3025.1
10346        216     27     34       11.3     3019.3
10347        304     44     22      347.4     3011.3
10348        388     35     35      552.7     3015.4
10349        111     19     18     3090.8     3009.1
10350        197     34     28     4100.1     3013.8
10351        112     22     21     2293.5     3014.5
10352        582     50     45     2534.1     3023.3
10353        329     36     27     4029.1     3015.6
10354        776     73     59     5108.9     3037.4
10355        211     24     27     2273.3     3017.9
10356        195     22     34     3078.8     3024.5
10357        154     23     22     3588.9     3012.2
10358        142     20     22     3796.2     3014.7
10359        263     29     37     4761.7     3021.7
10360        144     17     29     4806.0     3017.7
10361        157     28     20     5004.0     3012.4
10362        387     48     36      229.5     3022.7
10363        280     40     26      290.1     3018.3
10364        487     32     56      322.1     3032.7
10365       3318    158    100      548.8     3058.1
10366        141     24     20     2422.8     3014.9
10367       1159     81     60     2492.5     3034.1
10368        227     31     24     3360.2     3016.8
10369        138     20     20     4472.4     3014.3
10370        333     35     32     4835.0     3021.8
10371        379     36     35     1999.9     3026.9
10372        105     14     17     1755.1     3018.1
10373        363     43     47     1767.8     3035.4
10374        204     30     23     1807.8     3020.5
10375        155     20     25     1866.5     3022.4
10376        489     41     54     1932.3     3035.1
10377        581     47     40     2113.5     3028.2
10378        689     51     42     4733.3     3030.5
10379        693     48     46     5253.5     3026.6
10380        288     50     25       43.1     3023.2
10381        303     24     44      107.8     3033.4
10382        269     28     38      479.8     3032.0
10383        190     27     27      844.4     3026.3
10384        275     28     38      873.4     3028.7
10385        189     25     27     1676.9     3025.8
10386        113     18     16     4787.7     3019.5
10387        110     22     21      738.7     3026.4
10388        387     48     33     3054.7     3031.9
10389        330     50     32     4629.0     3028.7
10390        305     33     31      980.1     3033.2
10391        208     38     29     2074.8     3032.4
10392        124     24     16     2601.6     3022.4
10393        256     25     37     3786.1     3032.9
10394        146     18     20     4952.3     3025.7
10395        275     34     33     1179.5     3032.3
10396        129     18     30     1376.3     3030.8
10397        164     22     31     1411.3     3036.0
10398        249     22     30     4251.2     3032.8
10399       2946    107    105     5017.9     3063.1
10400       1915     89    100     2387.5     3068.8
10401        104     19     12     3659.7     3025.6
10402        150     23     16     4307.7     3027.9
10403        210     17     40     4774.3     3039.0
10404        550     45     55     5305.8     3049.5
10405        547     64     51      374.3     3047.0
10406        191     17     29      441.6     3036.9
10407        221     37     28      728.7     3036.7
10408        186     22     29     1111.9     3034.9
10409        170     17     24     3643.3     3035.9
10410        107     24     14     4597.1     3030.0
10411        216     31     36     5150.6     3042.5
10412        221     30     23     5335.6     3033.8
10413        102     12     22     3315.2     3036.7
10414        105     22     17     3990.1     3031.9
10415        195     27     27     1257.9     3039.2
10416        355     42     37     1813.8     3047.0
10417        601     66     59     2185.2     3057.4
10418        131     14     25     2286.2     3039.5
10419        148     28     17     3363.6     3034.8
10420        139     25     22     4792.0     3036.5
10421        352     28     37     4817.1     3047.0
10422        326     27     43     4946.3     3049.4
10423        446     37     63     5368.8     3055.1
10424        129     23     19       62.4     3037.6
10425        310     34     33      133.1     3042.8
10426       1002     64     61      665.8     3057.8
10427        215     22     27     1448.9     3043.1
10428        247     36     28     2178.9     3041.0
10429        152     18     23     2431.3     3038.6
10430       5538    182    148     2947.4     3097.2
10431        159     14     29     5460.9     3043.9
10432        132     19     21      288.8     3040.3
10433       1784     78    100     2218.4     3080.4
10434        108     18     16     2856.4     3037.4
10435        292     30     27     3133.8     3042.9
10436        816     71     64     4827.0     3064.0
10437       1446     69     83      213.7     3071.2
10438        102     21     15      269.1     3040.2
10439        264     27     40      705.6     3050.1
10440        250     23     36      877.4     3052.4
10441        233     32     23     1151.5     3043.1
10442        125     21     18     2141.9     3041.1
10443       1237     75     86     2574.4     3072.3
10444       2578    150     71     4638.9     3065.6
10445        390     47     48      185.0     3058.2
10446        351     40     29     1083.4     3046.9
10447        451     42     49     2322.1     3058.2
10448        590     53     48     3005.8     3057.4
10449        218     24     27     4268.5     3045.8
10450        395     49     31     4539.3     3049.2
10451        137     19     23       16.8     3049.6
10452        175     27     17       37.6     3043.3
10453        309     29     36     2301.2     3055.0
10454       1363     60    102     1649.3     3080.6
10455        180     26     28     2591.4     3051.1
10456       1372     94     76     3100.2     3071.8
10457        100     18     14     3197.4     3044.3
10458        146     15     22     3400.5     3049.8
10459      20566    367    378     3625.9     3273.0
10460        116     22     19      635.2     3050.5
10461        235     33     24     2355.2     3050.6
10462        159     12     30     2748.9     3053.4
10463        171     30     25     5243.7     3052.7
10464        119     24     18     1268.6     3048.9
10465        341     38     31     1419.4     3058.2
10466        121     19     25     1789.9     3054.3
10467        107     19     15     2003.4     3048.8
10468        203     28     27     2478.1     3055.3
10469        115     16     30     3156.0     3057.8
10470        105     14     22     3799.8     3052.2
10471        659     60     48      730.2     3064.5
10472        460     57     36     2120.7     3063.1
10473        132     25     17     2158.2     3052.5
10474        109     17     18     2893.0     3052.4
10475        140     24     16     3245.8     3052.3
10476        493     41     41     3314.6     3066.0
10477        248     32     31     4093.0     3060.6
10478        908     47     72     4173.8     3084.2
10479        554     36     66     4487.7     3074.8
10480        103     16     18     4643.3     3052.3
10481        598     44     51     4764.0     3069.6
10482        158     24     17       85.2     3054.9
10483        116     15     18      369.7     3054.5
10484        122     27     18      909.0     3055.3
10485        409     52     42     1144.4     3063.3
10486        138     27     18     2089.8     3055.8
10487        608     41     70     5354.4     3080.2
10488        396     37     34     3350.3     3065.8
10489        890     54     75     4723.2     3088.4
10490        515     60     38     4914.7     3065.2
10491       1118     61     62     5209.5     3074.5
10492        128     20     15      348.3     3056.5
10493        955    100     32      432.9     3068.3
10494        200     36     27     1361.8     3062.6
10495        125     15     27     2276.5     3064.2
10496        426     28     55     2799.0     3080.3
10497        137     24     24     3061.5     3064.5
10498        424     44     35      271.3     3068.1
10499        990     48     74     1754.6     3081.9
10500        311     31     33     2022.6     3068.9
10501        139     27     15     2612.4     3059.4
10502        108     13     22     2634.7     3064.1
10503        216     25     26     4566.3     3062.7
10504       1208    115     50       94.1     3080.0
10505        889     53     69     3054.6     3091.2
10506        102     22     17     3915.5     3062.1
10507        123     20     22     4332.7     3063.2
10508       4150    138    170     4537.7     3132.3
10509        178     17     33     4787.4     3070.5
10510        366     47     27     5150.3     3068.2
10511        146     29     18     5430.9     3063.1
10512        189     19     31       55.4     3073.5
10513        136     25     22     1459.7     3066.3
10514        156     30     21     1993.9     3067.4
10515        142     23     18     2438.5     3066.0
10516        487     43     40     4115.3     3076.6
10517        104     20     20     4144.0     3067.3
10518        144     24     16      898.6     3063.9
10519        310     53     23     1815.5     3069.8
10520        291     32     33     2055.5     3072.7
10521        285     20     37     2489.8     3076.2
10522        393     40     34     3236.5     3074.3
10523        302     44     40     4460.5     3074.7
10524        125     24     19     5080.2     3068.4
10525       1498     79     92      287.5     3111.0
10526        364     35     45      843.3     3082.7
10527        153     27     16     5403.5     3067.0
10528        118     16     18     2082.5     3069.9
10529        203     23     24     3524.3     3073.6
10530        299     26     43     5313.5     3082.6
10531        287     37     33      162.0     3078.5
10532        739     62     36     1312.4     3081.4
10533        158     24     20     1377.5     3074.3
10534        586     44     48     1533.5     3087.7
10535        163     30     16     4819.0     3072.8
10536        104     16     13       23.4     3072.5
10537        572     30     55     2617.5     3090.4
10538        154     16     26      346.0     3077.0
10539        105     23     17     1601.6     3077.8
10540        225     38     23     1723.4     3079.0
10541        159     18     30     3759.4     3085.2
10542        307     28     31     4344.4     3082.5
10543        102     13     24       15.3     3083.8
10544        110     15     28     2274.2     3082.5
10545        529     39     51     2461.4     3090.7
10546        855     58     52     2540.8     3099.0
10547        125     16     21     3483.2     3079.6
10548        454     38     37     4941.4     3089.2
10549        512     34     58     5278.1     3099.3
10550        193     33     23      372.1     3084.6
10551        448     59     41     1382.2     3094.4
10552        390     50     34     2003.8     3088.7
10553        174     19     19     3778.7     3082.4
10554       1468     53     96     3827.6     3122.8
10555        672     34     66     4567.9     3105.4
10556        394     52     35     4893.6     3089.0
10557        356     51     23     5412.4     3083.3
10558        224     38     36      647.8     3097.2
10559        370     31     44      806.9     3093.3
10560        496     46     47     1580.6     3094.7
10561        110     18     17     1815.2     3081.8
10562        846     65     48     2151.4     3094.5
10563        682     42     59     5093.2     3105.0
10564        106     17     19      919.6     3086.1
10565        262     40     33     1238.8     3094.1
10566        352     49     29     1686.8     3088.2
10567        128     19     20     1795.4     3085.5
10568        346     26     44     2070.1     3100.2
10569        114     18     15     3619.8     3083.5
10570        732     61     53     4142.0     3101.6
10571        119     17     21     4964.3     3084.7
10572        220     25     32     5340.5     3093.8
10573       1162     29    218     5461.6     3188.9
10574        213     29     32      333.9     3093.9
10575        344     35     34      447.4     3095.4
10576        124     18     25      547.5     3088.6
10577        130     18     22      669.2     3085.9
10578        264     24     34      867.8     3092.6
10579        226     32     29      902.8     3093.0
10580        246     28     23     2106.0     3089.3
10581        429     45     29     4593.8     3089.9
10582        295     29     43     5065.3     3097.6
10583        176     23     21     5172.6     3087.9
10584        193     25     27      735.5     3092.4
10585        132     17     18     3505.4     3088.7
10586        158     30     24     4460.0     3089.2
10587        111     18     23     4780.5     3093.0
10588       1399     85     73      734.3     3117.4
10589        214     25     31     4438.1     3097.4
10590        398     51     35     5133.9     3097.9
10591        158     20     23     5259.9     3093.3
10592        693     62     58      320.6     3110.7
10593        134     21     13     2259.0     3089.0
10594       1355     52     82     2329.6     3119.9
10595        130     12     32       25.6     3101.1
10596        905     54     56     1721.1     3114.1
10597        204     28     20     2675.7     3096.7
10598        106     25     15     3681.0     3093.1
10599        433     62     30     4857.7     3102.2
10600        191     28     29      364.3     3101.3
10601        251     22     40     1273.2     3107.0
10602       4513    106    216     1614.4     3194.6
10603        263     31     38     1818.0     3110.2
10604        334     39     32     3498.8     3105.1
10605        547     40     50     5167.3     3117.1
10606        492     38     54      676.2     3118.7
10607        117     13     24      830.4     3102.7
10608        205     18     27     3244.0     3101.7
10609        219     23     30     3600.8     3106.9
10610       1128     62     62     4655.7     3120.8
10611        533     50     49     4990.1     3112.8
10612        125     22     19     5000.6     3100.6
10613        260     24     44      389.4     3109.4
10614        380     62     22      487.2     3102.6
10615        100     16     20     1206.7     3102.6
10616        113     20     16     1509.2     3100.3
10617        232     37     23     2495.2     3102.0
10618        149     20     19     3623.5     3101.3
10619        445     38     41     3783.3     3109.6
10620        308     31     30     4038.5     3107.9
10621        114     16     19     5184.0     3101.2
10622        195     23     22      175.1     3102.6
10623        139     22     22     1781.0     3103.1
10624        199     23     24     4762.1     3104.2
10625        136     24     24     4831.6     3106.6
10626        241     24     32     5439.3     3107.4
10627       2285    111     95      424.1     3141.1
10628        158     19     23      566.7     3109.1
10629        190     29     24      629.6     3107.2
10630        234     24     25     1291.1     3108.0
10631        163     19     24     2024.7     3108.6
10632        109     20     13     2227.0     3104.0
10633       1061     77     61     2272.4     3126.4
10634       3530    127    118     2402.9     3155.4
10635        142     25     19     4085.8     3106.4
10636       2243    120    111     1322.3     3151.5
10637        112     15     21     1566.9     3109.7
10638        103     23     11     3677.9     3103.9
10639       1400     75     69     3759.4     3136.8
10640        421     26     50       39.9     3126.7
10641        544     45     50      597.7     3126.7
10642        296     46     24      849.9     3113.9
10643        219     22     25      919.6     3110.1
10644        948     44     86     1403.5     3147.0
10645        246     37     24     4202.7     3112.7
10646        426     26     50     4247.1     3125.3
10647        612     50     37     4603.2     3120.4
10648        177     24     25     4793.0     3113.3
10649        401     43     39     4828.2     3121.0
10650       1309     66     91     4894.3     3143.2
10651        213     22     33     5320.2     3116.8
10652        882     87     42     5406.1     3121.8
10653        157     21     18     1672.7     3109.8
10654        115     25     18     2002.5     3112.8
10655        322     32     36     2844.5     3115.7
10656       5065    147    157     3323.5     3183.3
10657        121     26     20     3474.0     3113.1
10658        743     51     48     4957.4     3128.3
10659        128     16     24      100.7     3117.2
10660        362     44     31      127.0     3121.9
10661        851     57     77      509.1     3140.1
10662       1457    129     59     1242.0     3137.5
10663        145     32     25     1504.5     3115.4
10664        529     51     40     2100.2     3120.7
10665        190     23     26     2140.3     3116.2
10666       1294     80     59     2663.9     3132.9
10667        270     28     33     3222.3     3118.7
10668       1994     96     90     2739.2     3154.5
10669        143     20     18     4740.1     3115.5
10670        173     14     35     4776.9     3121.7
10671        120     15     24     5460.7     3116.4
10672        150     22     19      504.8     3116.0
10673        935     56     48      888.9     3132.4
10674        558     55     43     1939.8     3127.3
10675        476     66     29     2477.4     3124.5
10676        144     20     25     3263.9     3119.9
10677        145     18     29     1907.1     3126.6
10678        230     32     26     4069.9     3121.0
10679        250     35     28     4222.5     3123.1
10680        295     25     40     4433.3     3128.6
10681        698     40     62     5227.0     3140.3
10682        934     68     67      199.8     3143.0
10683       1267     75     74      767.0     3151.2
10684        304     28     40     2191.7     3132.1
10685        102     14     22     2507.0     3122.5
10686       1150     70     83     3413.9     3156.6
10687        210     31     19     3520.5     3122.6
10688        424     48     42     5305.2     3134.6
10689        126     14     25      531.0     3127.6
10690        357     27     38     1433.3     3133.6
10691       4253    163    134     3091.8     3182.1
10692        147     21     19     3279.3     3122.1
10693       2842    148    103     4141.4     3167.4
10694        112     17     23     4141.5     3123.3
10695        149     28     19     4268.5     3121.3
10696       2281    103    106     4696.6     3170.6
10697        130     20     22     5066.9     3124.7
10698        106     18     13     5129.9     3120.6
10699        116     11     26     5285.6     3128.8
10700        166     23     22      230.9     3126.5
10701        315     35     37      359.7     3134.7
10702       1217     54    110     1149.5     3173.1
10703        403     36     38     2878.3     3133.2
10704        623     46     54     3245.1     3147.8
10705        250     41     28     3575.7     3128.6
10706        227     31     31     3939.8     3131.7
10707        131     17     22     4158.7     3126.4
10708        182     22     32     5249.2     3128.8
10709        501     54     41     1669.8     3138.2
10710        117     15     25     1772.6     3128.0
10711        103     15     26     1989.8     3131.1
10712        108     22     14     3494.1     3125.0
10713        429     39     38     4458.1     3137.0
10714        319     31     33     4922.1     3134.3
10715        244     35     26      982.5     3132.4
10716        320     31     35     1555.0     3138.3
10717        112     18     24     1975.0     3130.1
10718        277     42     37     2058.1     3136.2
10719        229     25     34     2612.9     3136.8
10720        302     29     44     2906.6     3138.3
10721        366     45     33     3281.6     3137.4
10722        356     40     33     3469.9     3135.9
10723        401     39     37     3857.8     3136.6
10724       4069    135    143     4023.7     3194.8
10725        182     22     24     2545.5     3134.1
10726        106     22     17     3314.3     3130.8
10727        188     30     15     4198.9     3128.7
10728        127     25     19     4412.5     3129.0
10729        142     20     19     4721.8     3132.6
10730        886     67     70      553.3     3150.7
10731        159     21     20     1488.7     3132.9
10732        147     27     25     1733.7     3137.5
10733        100     14     16     3424.0     3132.5
10734        107     14     17     4035.6     3130.9
10735        227     26     24      479.8     3139.6
10736       1735     70     91      822.1     3171.3
10737        113     18     19     1047.7     3134.8
10738        132     28     15     1268.0     3132.0
10739        281     43     29     1470.7     3143.0
10740        966     68     61     1526.8     3154.1
10741        215     27     31     2151.4     3141.1
10742        152     31     16     2455.9     3134.4
10743       1252     65     73     3914.0     3155.7
10744       1341     90     55     4793.0     3156.0
10745        302     26     43     5123.6     3143.9
10746        393     38     34       65.4     3141.9
10747        135     17     17       96.1     3136.4
10748        516     47     38     1775.1     3145.8
10749        218     23     31     2219.6     3146.0
10750        713     67     50     2537.5     3155.4
10751        310     36     36     3488.7     3145.7
10752        175     21     29     4346.7     3142.0
10753        247     32     22     4798.0     3138.3
10754        148     15     23     4990.2     3138.0
10755       3551    105    169      159.1     3203.8
10756        139     17     22      397.5     3139.9
10757        111     13     26     2357.6     3143.1
10758       1026     60     66     5037.8     3163.8
10759        199     35     25     5145.1     3141.6
10760        340     32     36       16.9     3148.9
10761       1290     57     79     1087.9     3168.5
10762        169     16     36     1746.5     3149.8
10763        348     34     49     2127.8     3159.4
10764        218     27     24     3081.2     3143.1
10765        220     33     28     3584.8     3144.1
10766        167     17     28     4230.5     3144.1
10767        504     59     38     4979.8     3154.3
10768        133     26     13     5352.9     3138.7
10769        318     28     31     5432.1     3148.6
10770        237     25     32      238.3     3148.8
10771       5291    237    145      655.7     3202.0
10772        227     34     34     2044.5     3152.0
10773        290     46     24     4205.0     3146.4
10774       1418     91     70     4455.3     3168.8
10775        157     31     18     5077.8     3141.5
10776        138     11     29      917.1     3150.5
10777        199     25     29     2581.2     3150.2
10778        234     24     37     4656.0     3151.5
10779        472     33     42      710.7     3159.4
10780        581     27     71     1903.5     3170.4
10781        184     18     36     2474.4     3155.5
10782        191     19     35     2632.6     3153.8
10783       1622    105     60     3543.9     3171.4
10784       1190     76     84     4614.3     3176.3
10785        165     20     30      588.7     3155.7
10786        578     47     43     1690.1     3161.2
10787        101     16     16     2019.3     3146.6
10788        916     54     72     3172.4     3174.8
10789        156     23     19     3287.5     3151.1
10790        102     12     19     3451.1     3149.9
10791        645     36     54     3966.5     3164.5
10792        136     28     11     5327.4     3146.5
10793        325     34     30      333.6     3156.4
10794        383     37     51     2186.3     3171.2
10795        124     23     18     4834.0     3149.4
10796        586     36     63       93.9     3174.1
10797        193     27     27      619.5     3154.7
10798        143     16     25     1719.8     3156.2
10799        148     13     32     2091.9     3160.6
10800        451     43     38     2918.6     3163.1
10801        122     21     19     3303.3     3153.9
10802        262     41     19     5163.7     3152.7
10803        129     19     22     1437.1     3156.9
10804        358     37     27     2165.9     3160.3
10805        187     33     21     4124.5     3157.3
10806        295     24     40     5065.6     3164.3
10807        743     64     63     5255.5     3179.2
10808        189     20     23       38.4     3159.7
10809        156     28     24      360.3     3161.1
10810        176     31     16     1041.5     3156.4
10811        234     30     25     1182.7     3157.7
10812        579     56     45     1938.2     3171.5
10813        219     25     29     2870.6     3161.9
10814        142     25     22      264.9     3161.3
10815        584     40     48      288.9     3172.4
10816        161     31     18     1875.8     3157.8
10817        286     32     34     2004.5     3166.8
10818        572     56     52     2231.7     3170.8
10819        112     13     28     2296.7     3163.6
10820        119     16     20     3408.2     3160.3
10821        315     34     33     5098.7     3166.7
10822        266     49     25     5387.2     3161.4
10823       1896    128     98     2535.5     3203.1
10824        469     37     48     2606.2     3173.7
10825        202     24     28     3722.9     3167.2
10826       2679    147     80     3875.8     3193.4
10827        273     26     34     4398.2     3170.5
10828        632     45     52     5316.7     3175.9
10829        181     34     21      891.9     3162.5
10830        160     25     21     1122.3     3166.8
10831        456     46     60     2095.7     3179.6
10832       4475    162    144     3727.2     3222.5
10833        104     22     11     5191.7     3158.4
10834        103     16     21      316.6     3169.0
10835        218     25     32      479.8     3173.1
10836        176     25     24     3132.8     3169.7
10837        113     21     19     3432.6     3164.3
10838        356     43     30       67.8     3172.2
10839        470     41     44     1049.5     3176.7
10840        239     25     35     1345.4     3174.2
10841        104     24     15     1482.3     3164.3
10842        133     14     24     2950.3     3170.3
10843       2573    107    113     2946.9     3214.3
10844        580     37     50      918.2     3187.3
10845        289     30     38     1183.4     3181.2
10846        175     31     17     1214.1     3170.3
10847        218     26     35     1879.2     3176.9
10848        206     35     28     2670.2     3172.9
10849        759     68     51     2882.1     3188.2
10850        442     43     31     3751.7     3176.9
10851       2336     88     85     4325.0     3194.6
10852        188     23     26     4518.3     3176.0
10853        508     40     47     4646.7     3182.8
10854        364     31     38     5155.1     3177.5
10855        116     20     16       19.7     3170.7
10856        571     46     58     4734.6     3194.2
10857        232     26     29     4855.6     3178.2
10858        115     23     15     5440.8     3167.7
10859        200     25     25      204.9     3176.9
10860        880     44     93      997.2     3211.7
10861        148     25     19     1778.5     3174.0
10862        126     24     21     2067.3     3176.4
10863        163     16     23     4499.2     3173.1
10864        107     32     10     5343.4     3169.9
10865        735     46     54     1258.1     3194.0
10866       6301    217    146     1397.3     3243.2
10867        301     33     30     1435.9     3183.1
10868        353     28     40     2249.9     3185.4
10869        636     57     35     2570.6     3182.6
10870       1580     67     97     2625.3     3218.4
10871        155     28     21     3159.9     3177.4
10872        118     16     28     3377.1     3178.5
10873        104     16     17     5187.4     3175.7
10874        468     44     51     2279.1     3197.4
10875        456     48     40     2691.8     3186.7
10876       1475    121     77     3422.3     3205.2
10877        107     15     16     4128.8     3175.2
10878        131     19     20     4945.5     3180.7
10879        291     38     25      427.4     3182.2
10880        327     34     32      882.9     3185.0
10881        159     22     28     1520.2     3181.2
10882        223     24     25     2988.8     3181.4
10883        245     33     27     4985.3     3181.9
10884        217     25     32     5211.7     3183.5
10885        148     28     14     5387.6     3177.0
10886        104     30     29     1403.2     3187.0
10887        124     23     14     1484.2     3177.4
10888        458     51     49     1992.3     3195.9
10889        217     17     38     2201.3     3194.2
10890        193     30     18     2932.0     3181.6
10891        271     34     43     4880.6     3194.9
10892        154     21     18     4884.9     3179.3
10893        165     23     21     5232.5     3183.0
10894        189     32     18     5347.6     3181.6
10895        131     17     23      327.0     3185.9
10896        134     19     28      336.3     3188.6
10897        336     43     39     1103.3     3193.6
10898        123     17     21     2311.2     3183.8
10899        107     20     14     4745.7     3180.0
10900        156     22     22     5077.7     3184.0
10901        107     16     17     5134.5     3182.0
10902        103     16     18     5451.0     3182.6
10903        208     31     25      227.8     3188.8
10904        329     26     46      969.0     3199.8
10905        918     80     45     1465.0     3200.4
10906        265     31     28     1735.0     3189.1
10907        314     24     39     1860.1     3197.3
10908        337     44     26     3020.7     3188.0
10909        183     31     15     3221.6     3184.0
10910        375     39     56     4795.2     3196.9
10911        237     20     31     1233.6     3192.7
10912        163     15     25     1957.3     3189.9
10913        266     30     24     2036.2     3190.0
10914       2134    109     93     3508.4     3219.7
10915        165     27     21     4377.9     3186.5
10916        475     65     35       52.9     3193.2
10917        199     21     26     1212.7     3190.7
10918        197     40     18     1570.3     3189.2
10919        330     22     49     2123.8     3205.5
10920        102     16     15     2297.0     3190.0
10921        747     66     36     2444.3     3194.3
10922        185     19     29     2481.2     3197.6
10923        172     23     29     3197.5     3194.2
10924        667     55     45     4094.8     3204.9
10925        214     22     25     4763.8     3191.1
10926        269     41     24     5025.3     3191.5
10927        104     22     14      113.1     3188.2
10928       1011     53     62      459.4     3213.8
10929        117     20     17     1598.2     3189.9
10930        151     15     20     2111.3     3192.4
10931        158     23     25     2655.8     3197.7
10932        145     21     20     4420.3     3189.2
10933        316     47     32     5276.5     3194.9
10934        132     23     15     3265.1     3189.3
10935        172     20     22     3474.5     3194.6
10936        360     26     38     5102.0     3203.4
10937        255     31     28      357.6     3200.7
10938       1595    118     54      540.4     3214.6
10939        118     14     24      781.5     3198.2
10940        769     79     59      842.2     3216.8
10941        121     16     22     1288.9     3197.4
10942        290     22     31     1886.2     3201.6
10943        815     70     39     4964.8     3207.0
10944        105     14     26     5179.1     3199.2
10945        118     22     21     5428.3     3199.8
10946        132     25     22     1763.6     3200.8
10947        442     41     42     2150.6     3206.5
10948        119     25     21     3443.6     3197.2
10949        221     27     30     4158.4     3202.2
10950        250     28     36     5126.2     3206.1
10951        186     29     26     5161.6     3198.7
10952        179     27     26      795.5     3204.0
10953        353     30     33      940.5     3208.7
10954        113     26     10     1032.3     3195.0
10955        911     48     85     1532.4     3236.8
10956        123     19     19     1690.1     3199.8
10957        804     77     53     2346.6     3217.2
10958        214     20     27     3049.8     3204.1
10959        904     48     88     3213.7     3232.6
10960        235     27     32     3675.8     3207.1
10961        143     25     14     4483.5     3196.7
10962        168     18     23     4502.2     3202.4
10963        104     20     12     4822.4     3194.9
10964        378     42     42     5385.9     3212.6
10965       1381     83     78      300.2     3232.4
10966       1072     91     53     1061.0     3220.3
10967        396     35     37     1574.6     3208.8
10968        228     37     20     2730.7     3201.3
10969        265     35     28     4391.4     3205.2
10970        124     21     14      520.5     3199.5
10971       1137     71     67     1130.5     3226.6
10972        193     23     26     1659.1     3207.6
10973        262     34     38     3023.9     3212.1
10974        621     51     36     4194.3     3212.7
10975        128     18     22     4627.6     3207.4
10976        131     18     26     4912.5     3205.3
10977        121     19     15     5016.9     3204.1
10978        436     36     43     5056.9     3213.5
10979        182     25     26     5410.0     3207.5
10980        717     89     61       97.2     3222.1
10981        180     26     27      118.0     3209.4
10982       4900    173    182      246.8     3295.3
10983        206     27     33      417.1     3214.7
10984       3144    159    132     1159.4     3270.1
10985        256     30     33     1942.6     3214.3
10986       1658    118     88     2038.8     3243.7
10987        115     16     17     3789.5     3203.3
10988       1940     99     83     5315.6     3229.4
10989        440     35     43       15.2     3223.6
10990        325     47     28      331.3     3212.2
10991        567     55     52     1733.8     3222.9
10992        142     22     29     1918.9     3214.0
10993        527     63     34     2420.6     3214.6
10994        171     23     25     2705.2     3210.0
10995        345     39     37     4768.8     3216.5
10996        982     59     77      774.6     3235.2
10997        354     34     32     1306.4     3214.9
10998        480     30     57     1988.4     3233.1
10999        105     17     14     2062.0     3207.6
11000        540     45     46     4258.2     3218.0
11001        134     18     20     4421.6     3208.3
11002        403     43     40      368.2     3222.6
11003        195     21     28      880.7     3216.0
11004        124     20     27     1760.2     3217.3
11005       1108     68     72     1267.5     3243.2
11006        127     26     21     1783.6     3213.3
11007        345     31     44     2104.8     3227.2
11008        112     15     34     2463.1     3220.4
11009        220     26     30     2994.8     3215.3
11010        122     18     26     4405.4     3219.0
11011        198     39     18     5175.0     3213.3
11012        107     13     16     5258.4     3209.7
11013        310     28     29     1221.3     3218.7
11014        152     23     25     1707.5     3218.4
11015        103     17     18     4616.6     3215.0
11016        945     80     77     4659.1     3233.7
11017        223     22     39     5440.8     3224.9
11018        130     16     20       46.2     3220.0
11019        187     37     19     2488.9     3216.4
11020        139     24     19     3188.6     3219.3
11021        298     33     24     3455.3     3218.8
11022        196     33     18     3997.6     3214.6
11023        173     20     25     4285.5     3221.8
11024        160     38     27     4741.9     3220.8
11025        989     76     49     5244.5     3231.2
11026        494     26     53       64.6     3234.8
11027        402     55     27      917.2     3226.4
11028        105     16     19     1905.4     3218.5
11029        198     24     25     2002.5     3223.0
11030        565     46     38     2661.7     3227.2
11031        128     21     18     2731.0     3216.2
11032        103     27     10     2777.6     3215.2
11033       2843    123     95     3096.5     3261.6
11034       1344     65     86     4218.3     3259.1
11035        117     16     22     4363.4     3221.0
11036        108     18     16     5081.2     3218.5
11037        155     22     22      207.5     3223.8
11038        350     34     40     2318.1     3235.4
11039        209     21     26     2587.5     3224.6
11040        176     28     23     2700.0     3226.8
11041        178     24     28     4117.0     3227.0
11042        172     21     25     4577.1     3224.1
11043        443     56     40     4720.6     3231.3
11044        122     17     22     4784.0     3221.3
11045        140     23     23      400.6     3225.3
11046        130     16     19      740.9     3223.9
11047        109     15     18      866.7     3223.0
11048        118     12     26     2754.3     3227.3
11049        358     24     44     3651.1     3241.7
11050        343     40     30     3790.1     3227.4
11051        292     31     30     3838.7     3230.4
11052       2239    109    100     3856.2     3273.4
11053       1546     61    116     3963.7     3277.1
11054        448     38     34     4528.6     3232.7
11055        438     50     42     4908.3     3235.8
11056        252     32     28     5032.2     3227.8
11057        159     24     16      802.2     3222.9
11058        160     32     18     2073.9     3225.8
11059        238     25     30     2287.0     3231.9
11060        131     16     23     3280.7     3227.5
11061        145     20     21     3911.4     3226.3
11062        360     32     33     4428.9     3231.5
11063       1812     78     86     4475.2     3254.2
11064        186     28     18     4931.5     3224.5
11065        453     46     39     1560.9     3235.7
11066        292     31     30     2391.7     3234.2
11067        116     19     19     3821.3     3227.8
11068        646     53     51     4826.9     3244.6
11069        367     51     30     5163.4     3231.3
11070        577     37     57     1688.2     3244.6
11071        544     36     51     1953.2     3247.7
11072        224     32     29     3004.9     3231.4
11073        158     27     21     4612.8     3230.7
11074        127     25     20     4953.3     3231.7
11075        187     29     28      349.0     3235.4
11076        140     33     12      970.8     3228.1
11077        257     35     30     1645.0     3238.5
11078        149     25     23     2222.3     3231.2
11079       1742     69     92     2488.4     3268.2
11080        590     47     41     3238.6     3243.6
11081        439     37     32     3932.4     3239.8
11082       7130    122    280     4298.4     3376.6
11083       1730     76    104     4554.0     3280.5
11084        414     67     31     5100.4     3234.5
11085        233     23     31      184.2     3237.4
11086        194     22     35      551.9     3241.8
11087        482     36     46     3370.1     3249.9
11088        162     20     25     4159.4     3235.5
11089        281     21     40      756.9     3247.2
11090        928     68     64     2146.3     3259.7
11091        206     31     21     2408.0     3235.3
11092        424     34     40     4147.5     3248.2
11093        134     16     21     4188.6     3237.3
11094       1158     77     68     4374.8     3259.6
11095        228     19     38     5194.8     3245.6
11096       2379    128    101      809.1     3281.8
11097        105     12     27     4854.9     3241.2
11098        104     22     13     4872.3     3234.4
11099        551     42     50     4985.0     3250.3
11100       1143     76     71     5408.9     3265.1
11101        193     23     29      708.5     3243.1
11102        606     56     50     2381.3     3256.5
11103        340     34     28     3023.7     3245.5
11104        192     21     26     4304.3     3243.9
11105        873     44     65      395.7     3266.9
11106        116     16     21     1302.5     3241.5
11107        126     12     24     1709.2     3243.7
11108       1105     85     52     1868.6     3264.1
11109        114     18     18     2199.1     3242.3
11110      10319    274    282     2549.8     3352.8
11111       1005     42     83     2713.7     3278.8
11112        200     18     27     3889.6     3243.5
11113        154     24     22     4804.3     3240.9
11114        136     22     23     5349.7     3242.9
11115        117     18     26      582.9     3246.3
11116        125     18     19     2558.4     3243.4
11117        125     20     16     3433.0     3241.7
11118        151     29     22     4181.0     3246.8
11119        123     15     22     4695.0     3246.1
11120        155     25     21     5173.8     3245.2
11121        540     41     53       22.2     3260.8
11122        685     37     65      114.6     3265.6
11123        565     36     46      208.1     3259.6
11124        102     16     21      466.5     3245.3
11125        118     18     18      883.2     3245.8
11126        891     65     46      923.2     3258.2
11127        433     39     36     1038.5     3253.3
11128        169     27     22     4109.2     3247.3
11129        121     21     13     4441.5     3243.1
11130        266     28     27     4784.8     3249.4
11131       1313     74     58     5067.0     3262.0
11132        667     57     47      499.4     3258.1
11133        143     24     24     2434.8     3248.7
11134        193     29     19     2582.0     3247.5
11135        119     16     21     2949.8     3248.8
11136        165     20     24     4406.3     3253.8
11137       1006     51     71     4596.0     3271.9
11138        100     16     17     4947.5     3246.9
11139        192     29     28     1746.5     3254.1
11140        588     56     42     2185.7     3263.3
11141        187     22     25     2296.4     3252.6
11142        203     22     25     2842.8     3251.6
11143        181     25     26     3183.0     3253.5
11144       1359     75     74     3382.0     3279.7
11145        709     44     87     5208.3     3287.6
11146        795     59     57     5252.3     3270.9
11147        137     17     21      339.2     3253.3
11148        145     21     19      432.7     3252.8
11149       2296    108     97     1033.7     3290.0
11150        111     23     16     2218.3     3251.0
11151       1017     74     55     2327.6     3270.0
11152        216     34     25     2519.6     3254.2
11153        308     41     31     3453.7     3256.3
11154        188     19     33     3834.0     3257.1
11155       1618     88     96     4770.1     3294.0
11156        500     33     53     5006.8     3268.7
11157       2821     89    144      647.3     3314.0
11158        511     32     55      710.0     3275.3
11159        282     23     37     2261.4     3262.6
11160        218     27     27     2881.1     3255.8
11161        253     23     38     4637.5     3263.1
11162        232     28     37     4776.7     3265.5
11163        124     15     24     5381.5     3255.6
11164        126     22     18     1172.4     3254.7
11165        114     27     11     2398.2     3252.0
11166        344     34     35     3915.0     3262.3
11167        105     17     20     4286.8     3255.6
11168        142     26     16     1668.1     3255.3
11169       2173     72    113     2975.3     3304.9
11170        178     17     31     3001.1     3264.3
11171        106     21     12     3156.4     3252.8
11172        160     21     30     3315.1     3264.3
11173       8999    174    237     3999.7     3368.1
11174        121     14     25     4327.8     3261.3
11175        983     74     49     4911.8     3274.1
11176        111     24     16      538.6     3257.5
11177        167     23     24      980.4     3262.8
11178        124     17     24     1294.0     3262.0
11179        272     31     25     1765.0     3262.4
11180        145     25     15     1984.6     3257.0
11181        568     52     61     2048.5     3281.6
11182        166     30     20     3270.7     3260.0
11183        417     29     41     4174.6     3269.5
11184        101     15     20     4428.9     3258.9
11185        202     33     26     5121.3     3262.5
11186       1961     89     83     1553.9     3295.6
11187        139     14     21     1786.3     3263.1
11188        524     52     39     2434.3     3274.2
11189        234     23     27     4128.9     3265.7
11190        101     15     21     4505.5     3262.4
11191        544     47     35     4695.3     3267.1
11192        135     17     21      593.0     3263.3
11193        185     28     19      659.7     3263.6
11194        110     15     17     2091.1     3261.1
11195        446     43     30     4857.8     3269.1
11196        136     14     26       44.6     3267.7
11197        220     26     27     1439.9     3271.2
11198        436     44     38     2688.8     3274.7
11199        186     26     18     3033.6     3264.3
11200        133     23     17     3994.7     3264.7
11201        140     15     26     4093.5     3268.0
11202        204     16     34     4109.0     3273.8
11203        235     27     29     4962.1     3269.0
11204        589     51     39      446.8     3276.6
11205       1540    113     67     1223.1     3293.7
11206        286     38     21     2114.5     3267.5
11207        106     18     24     4295.9     3269.9
11208        411     32     40     5153.7     3280.2
11209        141     20     21     5199.9     3269.5
11210        368     34     36     5319.1     3276.9
11211        304     29     27      566.6     3273.1
11212        163     23     24     1640.1     3270.4
11213        260     43     28     2748.1     3272.3
11214       1060     63     57     3187.2     3289.1
11215        618     63     50     3447.3     3284.9
11216        107     21     13     3630.3     3268.3
11217        271     27     38     4667.6     3281.1
11218        242     19     38      132.9     3280.9
11219        103     19     19      792.6     3271.5
11220       1573     79     82      877.9     3297.0
11221        177     21     27     1705.3     3276.9
11222        157     19     20     2953.4     3271.2
11223        109     18     19     3652.1     3272.3
11224        169     27     24     3730.9     3272.4
11225        148     19     25     3747.8     3274.7
11226        121     23     16     4418.1     3269.2
11227        118     24     18     4798.6     3272.5
11228        192     28     20       80.7     3273.3
11229        102     22     14      248.6     3271.3
11230        336     40     34     1675.2     3284.9
11231        148     29     19     3292.2     3273.3
11232        222     23     30     3804.4     3281.5
11233        116     20     18     3931.8     3274.1
11234        495     28     62     5022.9     3296.7
11235        253     26     38     5128.4     3282.7
11236        316     31     39     5179.0     3284.8
11237       1323     67     81      364.1     3307.9
11238        313     37     26      737.2     3276.5
11239        146     23     18     1109.2     3274.1
11240        913     55     81     4730.8     3311.1
11241        123     17     18     1419.0     3276.0
11242        106     20     18     1918.6     3276.6
11243        255     19     43     2231.9     3288.1
11244       1585     68    142     3340.5     3333.6
11245        110     21     19     4309.1     3275.7
11246       1150     58     74     4355.0     3302.6
11247        144     16     26     4617.2     3280.1
11248        119     20     19     1942.5     3280.5
11249        260     27     33     2374.8     3283.7
11250        218     27     20     4438.0     3280.7
11251        155     23     22       56.4     3283.9
11252        750     58     83      513.7     3315.1
11253       3963    130    218     2238.3     3375.7
11254        143     20     19     3254.2     3280.0
11255        609     56     55     4634.7     3297.4
11256        120     16     20     5113.1     3282.6
11257        130     27     20     5440.3     3282.7
11258       1159     76     65      575.4     3310.5
11259        768     54     60     1329.8     3309.3
11260        384     27     40     1969.0     3290.0
11261      17602    210    373     2087.1     3446.6
11262       1926     99    115     2384.7     3328.5
11263        186     29     30     3279.9     3287.8
11264        372     31     44     4241.8     3294.0
11265        101     19     19     1282.7     3287.0
11266        190     15     35     1767.0     3291.4
11267       1725     64     99     2762.7     3327.1
11268       2681    130    123     3074.1     3332.7
11269        122     19     17     3851.8     3283.5
11270        157     16     24     4955.1     3287.8
11271        384     45     32     5362.0     3289.2
11272        111     22     13      218.3     3285.3
11273        163     19     27     3241.3     3291.5
11274        108     17     17     4842.2     3286.0
11275       1181     63    106     5081.0     3339.7
11276        361     30     60      434.3     3312.7
11277        237     35     34      747.4     3296.1
11278        278     20     39     2384.7     3299.4
11279        109     18     14     3648.6     3286.7
11280        708     41     94       19.5     3327.6
11281        656     57     51      711.0     3310.1
11282        608     63     48     1275.3     3309.4
11283        530     49     32     3742.7     3297.3
11284        138     18     20       96.7     3292.8
11285        139     20     24     1489.9     3296.5
11286        230     22     41     1502.8     3302.9
11287        400     50     30     1845.0     3297.7
11288        105     23     13     1914.2     3290.0
11289        426     32     46     2172.8     3306.8
11290        600     57     45     4430.7     3301.8
11291        151     20     29     4696.6     3297.7
11292        123     21     17      200.5     3294.5
11293        888     70     46      944.6     3306.2
11294        278     40     25     1713.5     3296.6
11295        167     20     21     2325.9     3296.5
11296        252     26     31     3263.3     3300.2
11297        131     20     25     3912.6     3296.9
11298        693     66     51     4193.4     3310.9
11299        164     17     24     5040.0     3297.5
11300        120     21     15     3311.3     3296.5
11301       1739     76    115     4871.9     3340.8
11302        268     43     19     4977.4     3297.0
11303        126     16     23     5215.6     3299.7
11304        197     14     43     5389.2     3309.0
11305        213     22     32      175.1     3304.5
11306        222     24     28     1876.4     3302.6
11307        117     16     23     2431.6     3302.3
11308        308     38     35     2448.9     3305.9
11309        388     25     50     2788.7     3316.6
11310        134     15     21     3227.4     3298.9
11311       3434    146    101     4123.6     3338.4
11312        173     25     20     4153.0     3301.4
11313        231     34     19     5249.1     3300.9
11314        178     39     15     5419.1     3297.3
11315        101     20     14     5446.3     3296.9
11316        206     33     29      406.0     3305.4
11317        229     29     31     2340.9     3309.2
11318        116     15     22     3898.0     3302.8
11319        726     49     64      463.2     3320.7
11320        121     25     14      487.6     3300.8
11321        170     32     19     1675.0     3304.8
11322        325     28     42     1904.5     3315.4
11323        246     27     36     1947.9     3313.6
11324        353     43     34     3116.7     3306.9
11325        740     66     45     4490.2     3314.9
11326        255     29     32     5308.7     3308.8
11327       1106     57     78      812.5     3333.4
11328        209     24     24      981.8     3308.2
11329        197     21     34     1428.2     3315.0
11330        171     19     26     2065.7     3309.5
11331        642     77     51     3284.9     3330.5
11332        511     53     49     5171.4     3319.5
11333        247     23     96     5464.7     3346.1
11334        105     15     20     1370.6     3307.2
11335        101     14     20     4116.1     3306.1
11336        900     67     61     4955.7     3330.5
11337        396     48     41     5057.9     3316.5
11338        104     28     20      115.7     3310.4
11339        126     15     23      136.9     3311.6
11340        519     39     49     1174.3     3328.3
11341        208     35     21     1747.2     3310.2
11342        259     38     38     4239.0     3319.8
11343        244     27     35     4665.5     3316.4
11344        100     13     19     4908.6     3309.0
11345       6795    294    182     5051.6     3410.8
11346        136     21     32     5136.8     3317.6
11347        164     28     25     1651.0     3313.1
11348       1676     77     77     3842.7     3339.8
11349        984     77     64     4546.1     3335.8
11350        169     20     22     5005.8     3312.4
11351        244     28     25     5429.3     3316.5
11352        135     18     21        8.1     3314.7
11353        122     12     21       91.5     3314.3
11354        146     22     23      601.7     3315.8
11355        256     38     23     2652.2     3311.8
11356        674     58     55     3015.6     3336.0
11357        327     34     30     4440.8     3317.9
11358        106     27     13     4975.1     3311.3
11359        181     20     22     5330.7     3316.0
11360        142     27     15     5354.3     3311.4
11361        159     18     24     5409.1     3313.1
11362        542     30     73     1121.1     3344.4
11363        591     52     33     1461.0     3323.1
11364        175     16     29     1596.4     3319.7
11365        173     25     22     1627.9     3316.5
11366        232     19     34     1931.1     3321.7
11367        230     42     21     1985.3     3316.0
11368        391     40     41     2690.5     3330.0
11369        165     25     20     3126.8     3317.6
11370        278     31     32     3204.3     3320.8
11371       1125     60     92     3235.7     3346.5
11372        132     21     21     3444.7     3316.7
11373        106     17     18     4635.0     3314.6
11374        359     41     36     4694.4     3325.3
11375        100     25     14      419.0     3314.8
11376        376     45     36      926.8     3326.3
11377        151     20     21     2712.7     3317.2
11378        318     28     32     3409.1     3325.0
11379       1748     73    110     3893.0     3370.9
11380        296     35     26     3932.5     3318.9
11381        102     19     13     5247.5     3314.7
11382        194     23     28     1232.5     3321.5
11383        264     19     42     1489.8     3333.2
11384        249     26     41     2195.0     3327.6
11385        177     26     19     2463.6     3318.2
11386        194     42     21     5277.1     3320.6
11387        101     17     20      310.6     3322.5
11388        174     28     28     1105.9     3329.2
11389       1494     93     69     1309.5     3352.6
11390        515     52     42     1379.2     3329.6
11391        132     21     20     2811.7     3323.0
11392        149     19     25     5074.3     3326.2
11393       1561    101     76      125.9     3343.3
11394        177     18     35     1667.1     3331.5
11395        187     31     21     1536.9     3329.1
11396        224     28     26     2289.8     3329.1
11397        251     31     26      859.8     3330.9
11398       1668     63    103     1076.2     3362.5
11399        104     12     29     1214.1     3332.0
11400        468     66     28     3162.3     3328.9
11401        241     33     26     5239.8     3330.2
11402        101     21     12     5361.1     3323.8
11403        133     27     21       61.0     3327.8
11404        286     34     30      530.5     3332.7
11405        180     29     16     1876.6     3329.0
11406        109     19     17     4601.7     3328.4
11407        113     16     26     4830.7     3334.4
11408        129     17     20     4867.9     3329.3
11409        116     16     21     1512.0     3331.5
11410        171     34     28     1592.1     3338.2
11411        733     50     58     2708.8     3352.2
11412        160     17     22     3958.4     3334.0
11413        985     57     63      705.8     3355.6
11414        575     50     40      760.1     3341.0
11415       1055     57     80     1019.6     3367.0
11416        101     29     14     1627.5     3332.0
11417        141     14     23     1998.9     3334.6
11418        463     45     31     3453.8     3341.1
11419        387     43     29     4398.4     3338.3
11420        103     17     21     4763.6     3334.4
11421        359     53     25     5305.5     3337.5
11422        384     37     45      338.5     3349.5
11423        116     22     19      957.6     3336.9
11424        344     29     32     1692.8     3341.8
11425        447     46     56     1731.7     3350.7
11426        972     50     68     2647.4     3359.9
11427        121     19     17     3927.9     3336.6
11428        117     16     23     5265.3     3337.6
11429        275     34     23      399.8     3339.5
11430        105     14     19     4586.3     3337.7
11431        865     58     52     4616.7     3353.6
11432        123     16     18     5409.7     3336.0
11433        296     24     41     5430.3     3349.5
11434        338     33     35     2327.5     3347.0
11435       2352     99    110     4428.4     3383.0
11436        384     33     41     5029.8     3351.0
11437        101     15     19     5167.6     3338.6
11438        292     38     31     5373.5     3348.7
11439        442     37     40     1568.6     3351.8
11440        555     30     55     3180.4     3357.1
11441       1919     90     83     3426.1     3375.3
11442       1357     92     67     4238.4     3356.5
11443        521     53     37     5205.5     3351.3
11444        253     33     31      840.3     3351.0
11445        255     24     31     1339.9     3348.2
11446        338     42     44     1371.3     3355.9
11447        119     19     16     1630.5     3344.0
11448        208     30     31     3204.3     3349.8
11449        166     22     22     4428.2     3346.2
11450        155     26     26     4681.1     3343.5
11451        271     29     38     2017.5     3355.5
11452        168     19     28     2256.0     3350.5
11453        144     20     31     2676.5     3347.8
11454        106     18     18     3148.1     3345.2
11455        773     63     44     4503.3     3355.6
11456        281     37     25     4938.8     3349.2
11457        218     35     27     5337.7     3346.1
11458        888     57     91      455.3     3376.8
11459       1174     62     75      562.5     3377.5
11460        634     46     54      599.9     3359.0
11461        322     34     35     1609.3     3355.4
11462        384     35     36     1872.6     3352.4
11463        348     44     30     1974.5     3351.0
11464        276     23     30     2304.5     3354.0
11465        162     23     16     4369.7     3344.9
11466        150     24     27      572.2     3353.8
11467       4102    138    146      986.5     3426.3
11468        775     68     61     1246.2     3369.4
11469        430     41     35     1460.1     3358.3
11470        186     34     21     2574.4     3351.5
11471        618     44     56     4783.1     3374.1
11472        197     23     28     5254.8     3352.5
11473        211     28     22     2279.1     3354.6
11474        236     33     18     3935.8     3349.5
11475        171     19     35     5003.1     3359.6
11476        260     30     39     1415.3     3365.9
11477        261     35     29     2153.1     3357.0
11478        254     37     27     2194.0     3358.6
11479        332     47     27     2818.0     3357.0
11480        104     16     15     4470.2     3351.5
11481        362     44     35      310.5     3366.0
11482        423     44     36      402.1     3361.9
11483        282     28     29     1641.0     3361.4
11484        113     18     25     2971.5     3358.8
11485        117     23     13     3963.3     3353.4
11486        186     27     24     5287.0     3359.4
11487        130     17     19      367.2     3356.2
11488        100     22     15      530.6     3356.1
11489        123     17     25     1403.1     3360.8
11490        653     42     64     1715.3     3377.9
11491        195     30     21     2600.3     3359.2
11492        136     22     20     2937.3     3356.6
11493        120     23     14     4739.5     3354.8
11494        316     30     55       42.3     3376.9
11495        635     51     43      504.9     3368.8
11496        110     20     13      741.7     3356.9
11497        813     54     57     1177.1     3382.9
11498        263     28     33     1205.2     3369.1
11499       1146     57     66     1547.0     3379.4
11500        237     23     26     1674.3     3361.1
11501        109     17     16     2726.9     3358.6
11502        488     44     36     3282.3     3368.3
11503        101     22     14     4802.1     3355.5
11504        141     17     23     5229.2     3361.6
11505       1192     64     71     5315.1     3387.3
11506        134     21     17      165.6     3359.5
11507        117     13     27      918.1     3366.8
11508        167     22     23     1265.1     3364.6
11509        287     40     32     1486.1     3368.2
11510        927     74     74     3040.3     3390.4
11511       1014     88     40     4719.8     3371.1
11512        221     33     22     4919.4     3361.3
11513        138     20     20     5382.1     3363.0
11514        111     12     18       67.3     3362.6
11515        122     18     22      359.0     3366.4
11516        463     24     58      777.8     3385.9
11517        179     24     34     1916.3     3367.5
11518        143     25     20     1945.9     3362.3
11519        698     46     55     2386.2     3380.6
11520       1762     81    113     2423.0     3420.0
11521        926     70     62     2557.7     3388.0
11522       4112    156    170     3851.2     3428.9
11523        214     26     24     4366.6     3362.9
11524        183     20     28     5405.8     3367.7
11525        362     55     32      163.9     3368.7
11526        229     23     38      865.2     3377.6
11527        349     50     29      890.7     3368.1
11528        446     50     34     2486.4     3375.2
11529        269     40     32     2595.5     3374.8
11530        185     22     25     2799.5     3367.9
11531        327     42     36     2991.8     3374.7
11532        117     13     25     3113.7     3365.2
11533        641     42     46     3139.2     3379.8
11534        408     30     38     3380.0     3374.9
11535        892     65     58     4086.5     3382.0
11536       1123     66     77     4179.9     3397.1
11537       2340     95     91     4635.1     3406.4
11538        201     23     43      200.8     3381.9
11539        267     19     44      793.5     3377.4
11540        106     17     20     3015.3     3366.6
11541        294     43     36     4980.8     3374.9
11542        214     21     26      276.7     3371.6
11543        308     32     28      832.1     3373.1
11544        126     12     25     1831.0     3371.5
11545        102     14     19     2002.5     3369.9
11546        110     21     18     2279.1     3368.6
11547        189     33     15     3317.2     3366.8
11548        149     18     22     3358.6     3371.8
11549        350     48     32     4574.9     3374.2
11550        132     12     24     4952.8     3372.3
11551        153     30     27     5349.8     3373.8
11552        270     32     37       21.8     3381.5
11553        125     19     23     3071.5     3372.1
11554        104     22     14     5216.5     3370.5
11555        439     43     37       85.0     3381.0
11556        154     20     18      755.3     3372.1
11557        423     36     50      917.0     3387.6
11558        172     24     22     1135.8     3374.4
11559        234     27     36     1434.0     3385.0
11560       1739    102     77     1978.8     3399.0
11561        447     48     33     2741.2     3378.5
11562        297     31     39     3773.0     3387.7
11563        174     23     25     5038.9     3376.9
11564        123     18     24      374.7     3379.6
11565        518     39     79     1860.9     3407.2
11566        111     20     18     2299.9     3375.1
11567        724     59     53     2618.4     3396.0
11568        174     24     25     3550.3     3376.2
11569        124     20     20     4936.8     3374.3
11570        148     27     19      740.1     3379.1
11571        117     17     15      962.6     3375.5
11572        124     16     28     1107.9     3381.9
11573        140     21     20     2352.9     3377.4
11574        291     37     27     3485.2     3382.0
11575       1621     60    101     4066.3     3420.0
11576        137     17     19     4358.5     3377.6
11577        346     37     24     4389.3     3378.7
11578        223     29     26     5279.0     3381.9
11579        182     30     30      147.5     3384.8
11580        964     54     70      657.0     3401.2
11581        108     23     12     1507.7     3378.4
11582        128     19     17     1605.2     3381.0
11583        256     27     35     1845.4     3387.4
11584        199     33     23     2044.0     3384.4
11585        469     32     54     3109.8     3399.0
11586       1325     60     84     3610.7     3415.5
11587        147     22     22     4170.7     3381.5
11588       1042     77     61     4550.9     3406.6
11589        135     21     20     5196.7     3381.3
11590        259     36     30     5387.3     3387.3
11591        377     37     39      244.0     3394.1
11592        108     23     17     1089.5     3380.6
11593        872     63     44     1343.5     3397.5
11594        100     15     15     1449.8     3380.5
11595        621     60     41     1655.4     3391.1
11596        447     29     49     1897.5     3399.6
11597       6016    207    164     2725.0     3462.2
11598        313     33     44     3163.2     3393.7
11599        780     93     45     3221.6     3401.7
11600       1095     69     58     3298.9     3400.4
11601        436     39     43     3749.8     3395.8
11602       1503     64     93     4231.3     3420.9
11603        171     28     21     4930.4     3386.1
11604        129     21     19     5087.4     3383.7
11605        211     28     26      178.7     3389.0
11606        582     50     44      278.1     3400.0
11607        116     18     17      360.3     3385.0
11608        115     20     16      636.3     3383.9
11609        649     60     49     2710.6     3401.3
11610        191     36     16     3263.9     3382.8
11611        166     31     21     4520.1     3383.5
11612        187     25     26     5218.8     3385.8
11613        112     22     13     1687.2     3383.9
11614        141     34     13     2193.6     3383.5
11615        766     54     55     2334.0     3408.8
11616        274     37     37     2825.7     3395.2
11617        609     53     57     2956.5     3411.0
11618        278     30     26     3705.2     3391.1
11619       3482    101    134     4504.3     3456.3
11620        106     23     18     4827.3     3386.6
11621        120     27     15      488.3     3388.8
11622        160     16     28     1209.0     3395.3
11623        154     19     28     1415.2     3395.6
11624        222     30     35     1475.6     3399.7
11625        569     64     51     4765.7     3404.0
11626        128     20     22     5178.5     3391.5
11627        106     23     13      126.8     3388.9
11628        120     22     14      700.5     3387.9
11629        106     15     18     4608.8     3391.3
11630        272     27     35       58.9     3399.9
11631        249     25     26      408.2     3397.9
11632        181     31     18      433.9     3393.1
11633        284     29     39      749.0     3403.9
11634        111     24     17      938.0     3391.3
11635        283     33     42     1289.8     3402.8
11636        154     20     30     1391.3     3398.2
11637        862     46     64     1509.6     3411.9
11638        111     17     14     3586.8     3391.4
11639        120     18     26     4815.0     3399.5
11640        197     34     20      342.1     3395.6
11641        304     24     44      726.0     3407.6
11642        384     54     26      826.1     3401.2
11643        104     14     22      852.8     3395.7
11644        105     22     18      957.0     3395.9
11645        156     31     17     1610.8     3395.7
11646        502     39     42     1737.7     3404.6
11647        118     31     11     3508.5     3390.9
11648        127     15     21     5233.9     3396.2
11649        586     52     55     3663.8     3416.6
11650        162     26     15     4114.3     3395.8
11651        702     54     50     4369.5     3416.4
11652        122     23     21     4706.5     3398.4
11653        131     16     19      196.8     3398.7
11654        147     14     37      322.4     3407.6
11655        236     20     37      609.4     3408.9
11656        123     23     13     1925.7     3396.5
11657        134     30     18     2206.2     3399.9
11658        111     23     17     3001.7     3398.4
11659        166     30     20     4026.8     3399.3
11660        140     28     13     4838.3     3398.1
11661        452     41     38      690.6     3411.1
11662        137     13     29      765.0     3406.7
11663        296     35     31      869.8     3405.6
11664        151     18     29     2805.4     3406.9
11665        440     32     37     4448.9     3409.3
11666        276     27     33     4736.1     3409.2
11667        189     21     25     4920.1     3404.1
11668       1110     95     61     5234.0     3413.9
11669        113     20     17     5428.5     3398.6
11670       1355     37    255     5461.0     3534.1
11671        179     25     25      524.7     3406.8
11672        260     37     24     2260.9     3405.1
11673        219     35     23     2917.9     3404.2
11674        127     22     18     3363.0     3401.3
11675        268     43     21     3516.0     3403.2
11676        110     17     12     4294.8     3399.5
11677        151     23     31     5448.8     3410.0
11678        221     34     21       87.7     3406.8
11679        247     30     32     1016.2     3411.8
11680        142     21     19     1307.6     3405.2
11681        345     37     34     1617.4     3412.4
11682        356     29     40     1825.3     3415.1
11683        295     26     38     2302.8     3414.3
11684        141     24     16     3391.8     3403.7
11685        123     14     33     4698.6     3413.9
11686        412     42     32      127.3     3408.0
11687        157     19     19      156.1     3408.2
11688        398     40     36      363.0     3416.7
11689        578     56     54      569.1     3429.2
11690        465     44     48      904.0     3423.0
11691       1265     72     84     1125.4     3435.3
11692        122     19     19     2044.8     3406.6
11693       2447     99    102     3114.8     3445.8
11694        127     20     21     4592.8     3407.7
11695        174     28     19      933.4     3408.5
11696        521     45     61     1600.3     3429.4
11697        126     21     17     1638.0     3407.7
11698        426     45     35     2656.7     3417.8
11699        128     16     30     4754.6     3413.9
11700        783     54     80      162.4     3447.5
11701        297     29     38     2357.6     3424.5
11702        277     40     28     2903.0     3417.1
11703        140     17     23     2993.7     3411.7
11704        264     27     32     3187.7     3414.2
11705        279     40     28     3733.8     3416.5
11706        271     36     26     4128.8     3413.5
11707        245     26     33     1250.2     3421.7
11708        107     19     14     1446.4     3410.7
11709        109     20     16     1569.9     3414.2
11710        272     26     28     2685.5     3418.3
11711        128     17     19     2981.2     3414.8
11712        424     37     30     3469.4     3418.2
11713        185     27     25     3693.3     3416.7
11714       1580     87    100      495.7     3459.9
11715        120     13     29      496.9     3422.4
11716        166     27     22      558.8     3417.1
11717        633     50     49     1213.8     3432.8
11718        225     25     24     3513.1     3419.1
11719       1564     75     90     4191.9     3455.1
11720        354     34     31     4514.9     3420.8
11721        213     24     34     5191.3     3424.8
11722        147     24     17      815.0     3416.1
11723        251     25     28     1037.4     3422.7
11724        197     24     26     1057.3     3421.1
11725        296     40     33     1444.3     3425.1
11726        119     20     16     1484.6     3416.9
11727        179     19     30     1911.3     3423.0
11728        210     35     18     2395.8     3417.2
11729        146     16     23     2468.1     3420.7
11730        336     54     32     3396.0     3423.9
11731        185     18     27     3577.5     3422.7
11732        141     27     16     4679.8     3417.2
11733        173     20     23     1929.4     3422.2
11734       2319    118     94     3372.5     3457.3
11735        457     39     41     3904.0     3431.0
11736        111     19     17     5355.9     3417.2
11737        306     44     28       57.9     3427.9
11738       1961    111     97      238.3     3451.5
11739        915     56     59      393.1     3445.7
11740        108     13     26      598.2     3425.5
11741        158     19     27      621.3     3424.7
11742        197     31     32     1092.4     3426.1
11743        358     31     49     1358.4     3433.8
11744        773     51     54     1553.5     3439.9
11745        197     24     27     1999.1     3425.0
11746        466     49     36     3221.4     3427.5
11747        260     24     34     3881.1     3428.4
11748        472     30     53     4431.8     3439.1
11749        343     27     44     4717.1     3431.9
11750        136     16     26     4880.4     3427.6
11751        116     11     21     5021.0     3421.3
11752        117     11     21     5041.7     3421.5
11753        144     11     21     5062.9     3422.3
11754        494     57     43     5264.9     3434.1
11755       1195     76     60      315.3     3442.7
11756        207     25     23      525.3     3426.9
11757        259     32     29     1307.6     3428.2
11758        194     30     18     2277.3     3423.0
11759        104     17     16     4947.2     3422.8
11760        202     21     27     4964.4     3428.8
11761        364     21     66     5383.9     3450.2
11762        100     12     19      146.5     3425.9
11763        563     51     54      875.3     3441.4
11764        537     44     56     1637.8     3444.0
11765        481     48     35     1696.4     3430.8
11766        316     47     28     2035.9     3430.2
11767        804     32     78     3552.9     3451.8
11768        259     28     31     4833.8     3430.0
11769        152     21     22      132.2     3429.6
11770        134     22     20     1406.1     3426.9
11771       1118     64     82     3261.9     3458.5
11772        248     36     30     3415.6     3432.3
11773        452     36     34     3705.7     3437.8
11774        129     23     21     5344.6     3429.3
11775        209     35     24     2991.2     3430.6
11776        245     36     33     3035.0     3437.3
11777        155     19     25     4140.9     3435.0
11778        238     18     43     4868.0     3440.6
11779        114     16     17     5163.9     3429.8
11780        184     27     18       24.9     3431.2
11781        133     20     24      419.4     3435.3
11782        399     51     25      810.8     3433.3
11783        171     25     16     1470.4     3429.7
11784        123     17     23     2631.7     3432.0
11785        126     16     26     3429.5     3434.0
11786        443     43     36     4121.6     3438.7
11787        109     13     17     5178.0     3430.1
11788        112     18     14     5433.4     3428.5
11789        150     16     22     1486.1     3435.3
11790        137     22     22     2482.2     3434.6
11791        114     17     17     2618.1     3431.6
11792        319     39     53     2875.0     3447.4
11793        287     28     54     3291.0     3446.0
11794        104     14     17     3770.6     3434.3
11795        206     26     26     3802.0     3435.1
11796        150     23     24     4739.1     3436.8
11797        124     15     21     5399.6     3436.1
11798        317     33     34     3057.6     3441.8
11799        496     44     53     4456.9     3450.6
11800        198     35     21     4697.0     3436.2
11801        143     22     24      776.7     3440.4
11802        233     36     31     1150.1     3445.3
11803        548     43     51     1181.7     3454.8
11804        222     29     28     2076.3     3441.4
11805        207     30     32     2154.6     3444.1
11806        287     36     24     2317.7     3440.0
11807        179     31     20     3179.4     3436.1
11808        154     21     24     3529.3     3437.6
11809        110     15     23     3570.2     3439.1
11810        256     31     36     4585.7     3448.1
11811        230     40     25     4774.5     3439.6
11812        638     55     54     2603.4     3455.4
11813        255     32     22     2705.0     3440.2
11814       1686     94     80     3182.6     3470.3
11815        183     24     25     3305.5     3442.2
11816        363     43     36     3475.9     3447.2
11817        112     20     16     3505.4     3437.5
11818        249     35     25     3642.9     3443.6
11819        221     31     26      843.1     3448.3
11820        100     16     20     1588.3     3443.1
11821        479     41     36     1870.1     3451.2
11822        143     25     16     1923.6     3439.1
11823        233     22     36     3447.6     3449.9
11824        324     32     35     4334.2     3447.6
11825        323     29     28     4402.9     3447.2
11826        137     20     19      463.5     3442.9
11827        100     18     22      515.9     3445.2
11828        669     52     39     2933.2     3452.4
11829        442     39     38     3742.6     3450.6
11830        206     25     28     3767.0     3450.9
11831        103     15     18     3783.8     3443.7
11832        695     54     66     5329.0     3468.6
11833        150     22     17     5427.8     3443.7
11834        312     31     41       35.6     3456.4
11835       6551    290    203      764.1     3526.6
11836        230     40     23     1265.0     3446.7
11837        114     20     16     1727.2     3442.3
11838        226     30     24     2170.7     3449.8
11839        367     31     35     3015.5     3453.2
11840        303     23     49     4380.6     3460.2
11841        782     62     62     4850.5     3463.1
11842        175     24     27       59.0     3451.3
11843        121     15     21       86.5     3450.1
11844        100     21     19      431.2     3448.2
11845        270     25     35      711.4     3453.2
11846        202     25     29      744.8     3450.1
11847        254     29     33     1436.3     3453.7
11848        532     46     46     2367.3     3462.7
11849        194     22     23     2472.7     3450.4
11850        120     17     22     2988.6     3448.8
11851        401     34     39     4560.2     3455.8
11852        607     28     70       15.1     3477.4
11853        102     14     16      175.0     3448.2
11854        430     38     51     1232.2     3470.5
11855        304     38     33     1515.4     3456.4
11856        948     46     92     1677.1     3492.4
11857        102     26     14     2441.1     3446.7
11858        688     57     56     3985.7     3468.4
11859        259     27     30     4807.4     3454.4
11860        434     42     37      356.2     3459.4
11861        171     20     22      575.3     3453.7
11862        149     24     25     2265.0     3455.7
11863        936     54     54     3595.9     3471.0
11864        284     33     30     4669.4     3453.7
11865        227     28     24     5270.0     3454.3
11866        107     20     22     5312.0     3451.4
11867        130     17     25      115.5     3455.5
11868        104     12     19      300.0     3453.0
11869        154     20     18      890.5     3452.5
11870        125     16     30     1204.8     3457.8
11871        103     17     16     1489.4     3451.8
11872        306     28     35     2067.0     3462.1
11873        280     32     28     2340.5     3455.3
11874        146     23     23     2583.7     3457.4
11875        379     38     32     3822.6     3461.9
11876        186     31     23     4363.6     3456.8
11877       2348    298     69     5095.3     3469.8
11878       2254     72    151      922.6     3518.0
11879        546     47     51     1612.2     3472.8
11880       1150     50     83     1978.6     3488.3
11881        371     40     48     2858.0     3469.4
11882        163     22     29     2971.9     3462.5
11883        260     27     29     3495.1     3459.6
11884       1858    105     74     3673.7     3485.5
11885        183     27     22     4631.0     3456.6
11886        336     28     49     4887.9     3470.1
11887        149     20     18      773.1     3457.0
11888       1885     83     93     1478.5     3497.8
11889        338     41     33     1825.2     3464.3
11890        122     16     32     3308.3     3463.1
11891        134     19     17     5229.3     3455.2
11892        268     27     27     1078.0     3464.4
11893        140     24     21     1364.5     3458.9
11894        110     17     19     1398.0     3459.4
11895        280     29     37     1924.4     3464.1
11896        109     17     22     1950.3     3460.3
11897       3815    157    102     4094.7     3493.1
11898        612     39     62     4783.8     3475.5
11899       1134     91     76     5258.8     3493.2
11900        383     36     45      432.5     3477.1
11901        684     48     76      471.8     3492.5
11902       1095     95     51      851.8     3476.6
11903        218     28     34     2045.4     3470.4
11904        127     17     31     2993.1     3467.7
11905        139     23     14     3791.9     3460.3
11906        141     25     18     4415.5     3462.9
11907        126     15     21      558.9     3463.8
11908        133     17     22      595.4     3463.3
11909        406     35     44     1291.8     3474.2
11910        138     24     18     2247.5     3462.8
11911        144     21     20     3044.4     3464.1
11912        127     22     12     3280.3     3459.7
11913        132     16     15     3526.9     3461.9
11914        791     55     66      201.4     3484.3
11915        346     32     41     2323.3     3478.3
11916       1787     79    112     2463.4     3501.6
11917        130     14     28     2804.6     3469.0
11918        154     22     15     3701.7     3463.1
11919        168     19     26     4652.0     3467.9
11920        125     18     20     1143.6     3467.8
11921        166     22     26     1550.7     3471.1
11922        119     21     18     2154.0     3464.4
11923        165     24     18     3120.1     3467.1
11924        160     23     24     5399.8     3469.1
11925        290     35     28       82.7     3476.3
11926       3595    141    141      139.9     3528.3
11927        119     19     23      131.0     3470.4
11928        170     33     16     1370.8     3468.7
11929        217     29     20     1579.2     3469.2
11930        106     16     18     1940.9     3468.5
11931        445     48     37     2915.4     3476.7
11932        114     24     13     3337.6     3466.0
11933        976     69     58     3823.5     3488.3
11934        228     31     22     4614.1     3471.3
11935        202     29     16     4697.2     3467.7
11936        219     17     37     1020.5     3483.4
11937        227     41     33     1327.8     3479.2
11938        151     18     31     1420.7     3476.7
11939        122     20     22     1900.2     3470.5
11940        165     21     22     2170.1     3473.7
11941        122     15     16     3511.6     3471.3
11942        147     17     18     4569.7     3472.3
11943        194     20     25      965.7     3475.2
11944        236     30     24     1882.1     3475.1
11945        227     27     33     2414.2     3476.4
11946        146     13     31     3064.9     3481.8
11947        238     31     25     4443.8     3476.1
11948        367     25     44     4597.5     3488.1
11949        161     23     22     5159.9     3473.9
11950        101     16     18      551.5     3474.7
11951       2904    178     92     2338.3     3516.5
11952        163     27     20     3016.6     3475.3
11953       2361    100     71     3492.0     3499.9
11954        413     39     50     3740.2     3491.5
11955        135     22     15     2284.0     3476.0
11956        108     13     20     3366.9     3477.2
11957        275     38     27     4975.9     3479.8
11958        112     18     24      415.5     3480.1
11959        133     23     16     1529.3     3477.3
11960        140     19     27     2117.1     3486.4
11961        173     27     29     4940.5     3482.6
11962        174     20     37     5333.8     3488.5
11963        293     29     46      396.6     3488.5
11964        155     16     24     1907.8     3483.7
11965        426     47     47     2558.9     3496.8
11966        114     21     18     2780.0     3480.8
11967        161     28     23     2841.1     3485.6
11968        117     18     25     4408.0     3487.8
11969        108     16     21     4683.1     3483.2
11970        429     50     37     4829.1     3488.2
11971        215     34     20      341.8     3484.1
11972        401     41     35     1065.5     3492.4
11973        826     79     42     1577.1     3495.6
11974        515     40     53     2197.1     3505.2
11975        311     28     38     2966.6     3491.6
11976        177     25     24     3321.7     3483.3
11977        113     15     21     3431.1     3485.1
11978        695     35     80     3620.8     3517.0
11979        286     31     32     5058.6     3489.5
11980        116     22     12     1397.7     3482.9
11981        271     31     32     3044.2     3491.7
11982        576     38     58     4268.0     3503.2
11983        110     18     20     5137.2     3485.5
11984        110     23     17     2296.9     3486.3
11985        120     24     22     3015.7     3489.5
11986       1372     76     67     3962.2     3510.2
11987        100     24     15     4216.7     3484.6
11988        107     16     16     4246.0     3485.9
11989        278     35     22     4642.6     3487.8
11990       1208    100     50     4734.2     3500.5
11991        128     16     25     5082.9     3491.4
11992        951     63     74       43.4     3515.2
11993        170     26     19      298.0     3490.7
11994        129     19     25      658.5     3491.1
11995       1408     76     72      704.7     3516.7
11996        188     34     21     2009.2     3490.2
11997        712     58     48     2615.9     3500.6
11998        110     18     15     3788.4     3486.6
11999        667     51     39     4375.1     3501.1
12000        403     32     54     5123.1     3507.5
12001        268     23     47     5377.5     3496.0
12002        186     19     26      799.2     3493.3
12003        143     26     22     1191.8     3492.8
12004        435     33     48     2224.3     3505.4
12005        182     27     23     3127.4     3494.5
12006       1555     99     83     3251.3     3526.0
12007        411     39     46     4467.5     3507.3
12008        188     21     31     4876.5     3496.2
12009        239     43     26     5427.4     3496.5
12010        481     57     27      236.1     3497.5
12011        333     44     29      334.5     3499.7
12012        304     41     26      369.4     3498.7
12013        862     58     56      570.3     3511.4
12014        133     20     21     1113.3     3491.9
12015       1163     73     86     1168.8     3520.1
12016        139     21     20     1247.3     3494.8
12017        157     22     21     1431.3     3494.4
12018        603     51     44     3585.7     3508.5
12019        184     22     21     3933.0     3494.2
12020        936     58     70     5012.8     3519.4
12021        111     23     22       74.9     3497.5
12022        289     28     35      818.9     3501.2
12023        728     59     38      984.5     3504.2
12024        236     35     24     1372.5     3498.0
12025        112     22     19     1651.8     3493.4
12026        111     15     20     3258.9     3494.2
12027        338     47     27     3423.0     3499.7
12028        110     23     16     4175.0     3495.6
12029        193     22     23     4329.8     3496.6
12030        244     36     27     4575.0     3498.4
12031        127     21     17     4618.5     3494.1
12032       1494     77    116     5141.9     3553.2
12033        116     31     14     5209.4     3493.1
12034        104     17     17     1036.0     3495.6
12035        158     19     17     1524.9     3498.1
12036        184     22     36     2104.5     3507.0
12037        948     39    108     3094.2     3540.4
12038        311     24     37     3339.2     3505.7
12039        101     14     22     3850.7     3498.8
12040       1195     81     79     4161.5     3534.0
12041        713     44     58     4654.2     3519.1
12042        185     22     25     4850.4     3503.4
12043        478     43     45      427.9     3512.5
12044        295     32     32     2255.5     3506.6
12045        199     20     36     2785.8     3506.5
12046       1292     61    114     2925.3     3541.2
12047        114     17     17     3216.7     3500.2
12048       1207     61     78     3304.2     3525.6
12049        516     42     38     4190.9     3509.9
12050        214     31     29     4426.3     3506.5
12051        105     21     17     5195.9     3498.3
12052        339     49     43     1237.9     3511.8
12053        599     57     52     1912.6     3515.1
12054        199     23     35     3014.5     3507.9
12055        426     37     49     3175.8     3515.3
12056       3676    130    155     3718.2     3580.3
12057        434     49     48     3764.1     3516.4
12058        176     25     25     4226.4     3501.7
12059        512     35     46     4892.7     3516.7
12060        336     47     27      847.8     3506.9
12061        492     46     50      880.5     3517.6
12062        130     17     21     1106.5     3504.3
12063        430     42     46     1857.5     3514.9
12064        231     38     25     3132.5     3507.0
12065        175     23     28     1337.9     3511.8
12066        114     12     20     2410.5     3505.5
12067        110     21     16     4637.4     3502.6
12068       1238     60     72      269.3     3531.3
12069        138     23     19      534.4     3508.0
12070        146     19     27      901.8     3511.8
12071        623     40     54     1957.5     3524.6
12072        298     33     36     2141.5     3512.1
12073        318     30     43     2507.0     3521.3
12074        127     18     19     2850.2     3507.7
12075        657     39     56     3058.3     3527.7
12076        171     21     23     3200.5     3509.2
12077        556     31     60     4410.5     3527.9
12078        129     22     20      618.7     3511.0
12079        163     26     17      669.0     3508.7
12080        213     27     29     1316.2     3511.8
12081        123     23     16     2284.0     3506.1
12082        135     14     25     2424.0     3511.2
12083        128     24     15     3355.4     3506.4
12084       1037     90     66     3362.9     3529.8
12085        234     29     27     4010.6     3512.7
12086        140     20     22      499.3     3513.8
12087        244     39     31     1206.7     3517.8
12088        165     22     25     1547.9     3516.5
12089        662     62     53     3873.1     3528.9
12090        191     25     23     4046.4     3514.1
12091        107     13     21     4313.9     3514.2
12092        143     26     22      633.9     3514.6
12093        104     18     19     1043.7     3512.9
12094        310     49     21     1418.8     3515.9
12095        193     24     24     1623.9     3516.5
12096        115     17     15     2592.7     3511.7
12097        267     22     36     2664.4     3522.6
12098        218     37     29     5099.9     3522.0
12099        152     20     23     5173.7     3514.9
12100        147     17     24     5364.7     3515.8
12101        746     38     69      316.2     3539.3
12102        490     52     42     1708.5     3527.9
12103        125     26     15     2825.0     3514.6
12104        176     21     21     5432.4     3515.6
12105        104     14     19      209.1     3517.8
12106        117     25     14     1570.1     3515.5
12107        208     23     27     2006.1     3521.6
12108        586     42     48     2882.4     3531.4
12109        134     16     27     3032.5     3518.9
12110       1109     57    102     3467.2     3561.8
12111        232     31     24     3551.1     3517.7
12112        201     22     30     3899.7     3524.4
12113        109     20     17     4338.6     3519.6
12114        531     61     38     4515.0     3528.7
12115        100     16     20      338.2     3519.5
12116        512     43     47      359.8     3530.7
12117        324     44     32      972.1     3526.0
12118        156     19     23     1079.0     3521.1
12119        353     35     45     1108.7     3534.7
12120       1495     91     93     2706.6     3559.0
12121        330     30     40     4600.6     3529.1
12122        141     29     23     5335.0     3517.7
12123        133     22     18      392.3     3521.6
12124        138     28     17     1356.0     3521.1
12125       2006     77    100     2973.6     3556.7
12126        107     20     17     3423.5     3521.4
12127        125     21     17     4220.7     3522.0
12128        147     21     21     4617.2     3521.8
12129        448     42     29      462.7     3528.8
12130        416     51     25      518.7     3526.9
12131        405     51     46      898.6     3535.9
12132        132     13     21     1518.8     3523.1
12133        124     22     15     2532.4     3522.0
12134        154     18     22     3746.8     3525.0
12135        364     27     54     4030.7     3544.2
12136        612     56     37      644.0     3535.1
12137        182     31     15     1018.2     3524.1
12138        409     39     34     1142.8     3532.4
12139        152     27     22     1646.1     3524.9
12140        523     35     54     1866.0     3545.8
12141        250     35     26     2171.2     3527.7
12142        140     22     20     2797.4     3526.4
12143        182     27     21     2852.9     3527.3
12144        287     29     38     3434.3     3535.3
12145       3454    141    132     3844.4     3577.7
12146        192     26     25     4244.7     3527.2
12147       1025     64     69     4381.3     3542.6
12148        748     68     57     4459.8     3540.6
12149        116     15     22     4583.6     3526.4
12150        477     61     28     4846.0     3529.4
12151        373     38     37     1593.5     3537.7
12152        524     39     58     2421.3     3545.4
12153        164     25     21     3138.9     3527.1
12154        568     51     35     4696.8     3534.5
12155        355     39     30     4734.9     3531.4
12156        145     16     24     4770.5     3529.4
12157        150     25     21      405.6     3530.1
12158        243     34     28      581.0     3532.9
12159        971     71     64     1348.1     3552.0
12160        146     30     11     2248.6     3526.0
12161        177     21     34     2824.3     3533.6
12162        114     22     15     3535.0     3527.6
12163        924     43     83     3918.1     3568.8
12164       3154    159    117     4561.9     3571.7
12165        210     25     28     5077.0     3534.6
12166        268     28     29      231.5     3537.0
12167        100     14     16     1938.2     3530.8
12168        217     23     29     2547.0     3537.7
12169        102     11     32     3178.3     3536.6
12170        370     24     52     4292.7     3549.1
12171        390     44     30     1042.5     3535.4
12172       1702    100     80     1523.3     3557.2
12173        219     23     35     1627.3     3542.5
12174        177     17     33     1644.3     3543.9
12175        182     25     23     2388.0     3534.3
12176        260     30     31     2490.2     3540.9
12177        111     14     19     2772.5     3534.1
12178        270     22     37     3210.0     3542.0
12179        197     18     26     3643.9     3535.5
12180        334     31     30     4215.5     3540.4
12181        382     39     51     5402.5     3549.7
12182        540     28     76      211.9     3562.1
12183        172     19     28      301.5     3539.8
12184        186     24     21     1423.4     3537.3
12185        405     35     37     1666.8     3544.0
12186        292     32     33     2199.6     3543.9
12187        129     19     24     2808.1     3535.9
12188       1077     51     75     3998.2     3560.0
12189        101     20     15     4185.9     3532.7
12190        165     27     20     5427.0     3535.5
12191        316     29     33      764.4     3544.9
12192        314     34     34     2691.1     3543.7
12193        206     20     30     2748.9     3543.0
12194       1711     90    104     3382.6     3584.9
12195        162     16     23     3577.1     3540.3
12196        293     22     50     5050.4     3552.2
12197        187     22     34     5096.3     3545.9
12198        212     34     21     5240.2     3538.1
12199        107     21     19     5318.3     3539.9
12200        117     15     23     5368.7     3536.8
12201        130     22     18      483.7     3540.1
12202        172     26     20      601.1     3539.7
12203        110     15     22     1258.2     3542.7
12204        704     59     51     1450.1     3555.6
12205        133     13     25     2848.2     3544.8
12206        778     62     55     3421.4     3555.2
12207        158     20     21     3592.0     3540.7
12208       3254    151     88      101.8     3575.2
12209        671     39     64      431.7     3560.5
12210        131     22     15      960.0     3540.2
12211        193     22     31     1222.4     3544.1
12212        194     24     23     1399.3     3542.1
12213        365     53     26     1915.1     3545.5
12214        137     20     19     2137.4     3543.0
12215        192     32     16     2571.3     3538.9
12216        217     28     22     2612.1     3542.4
12217        521     59     46     2658.7     3552.0
12218        409     37     42     3028.1     3550.7
12219        105     14     23     4428.9     3543.1
12220        109     21     13     4814.2     3540.2
12221        240     27     29      526.7     3547.2
12222        106     21     17     1091.0     3542.2
12223        113     14     20     3124.1     3542.1
12224        498     45     36     4324.2     3552.5
12225        191     31     18     4923.8     3543.0
12226        187     30     20     1014.0     3547.4
12227        228     26     29     2004.4     3553.1
12228        168     18     26     2368.3     3548.0
12229        156     31     14     3491.0     3543.3
12230       1674    122     59     4111.1     3564.8
12231        467     30     53     4661.9     3563.9
12232        335     32     34      508.0     3556.0
12233        215     26     26      690.0     3555.1
12234       1847     72    109     1142.8     3588.3
12235        462     41     37     1305.6     3557.5
12236        300     27     45     2229.3     3561.8
12237        358     33     40     3512.6     3554.8
12238        118     12     25     3733.2     3551.1
12239        227     26     33     4767.1     3556.0
12240        375     37     34      401.6     3557.1
12241        274     29     43     2157.8     3561.5
12242        125     17     19     2763.5     3550.1
12243        133     21     19     2796.7     3550.7
12244        195     26     25     3751.0     3552.4
12245        786     40     77     3773.9     3578.9
12246        207     23     24     3934.8     3552.4
12247        125     17     28     5060.7     3553.1
12248        507     37     62     1211.7     3566.9
12249        299     34     31     1835.6     3555.9
12250        200     26     26     3133.8     3554.9
12251        207     21     33     4791.6     3559.7
12252        122     22     22     4873.6     3554.0
12253        309     49     20     5214.2     3552.7
12254        130     15     21     5342.8     3554.0
12255        120     17     19     1419.6     3553.3
12256        120     24     18     2286.9     3550.5
12257        831     47     73     2479.8     3583.1
12258        170     26     23     2512.8     3557.6
12259        210     26     25     3560.4     3556.0
12260        107     15     18      123.1     3555.2
12261        433     43     35      470.8     3561.6
12262        132     13     24     2308.4     3557.3
12263        342     31     42     2833.1     3566.7
12264        151     20     21     3007.6     3557.4
12265        150     23     20     3666.6     3554.8
12266       1050     62     63     4426.6     3573.2
12267        134     17     21     4638.1     3556.2
12268        184     32     17     5312.7     3554.5
12269        193     20     33       28.0     3567.3
12270        184     20     32      341.4     3563.8
12271        161     25     26      998.1     3561.2
12272        388     40     35     1577.4     3568.8
12273       1003     70     85     1624.4     3590.1
12274        378     38     42     3065.2     3565.6
12275        581     48     48     3594.7     3569.2
12276        306     33     47     3653.6     3572.6
12277        116     15     26     5277.3     3561.5
12278        257     32     24      585.2     3563.0
12279        418     38     34      735.8     3564.7
12280        184     36     16     1078.2     3556.4
12281        101     16     14     1962.4     3557.2
12282        235     24     27     3185.3     3562.7
12283        100     12     27     3235.5     3564.2
12284        280     30     28     4886.2     3565.8
12285        248     28     28     5368.4     3562.8
12286        420     41     46      553.1     3574.1
12287        242     29     20     1700.1     3562.6
12288        234     29     24     2132.6     3562.0
12289       1420     68     96     2397.2     3603.0
12290        116     17     22      360.7     3565.0
12291        173     31     23      672.2     3563.8
12292        427     46     39     1412.0     3576.8
12293        126     21     19     2250.1     3562.1
12294        323     39     31     2537.0     3569.4
12295        618     53     41     2602.8     3574.6
12296        508     34     47     4182.4     3580.0
12297        186     21     31     4269.6     3571.6
12298        189     31     21     4698.0     3563.9
12299        254     49     26     4820.9     3564.5
12300        308     49     28      631.0     3568.2
12301        375     36     42     1032.2     3574.2
12302        104     14     20     1055.2     3567.3
12303        283     36     30     1484.4     3572.9
12304        477     36     57     1653.6     3582.6
12305        131     27     21     2103.3     3566.3
12306       1994    102     92     2197.8     3607.3
12307        131     17     18     2876.3     3565.0
12308        105     23     13     4213.6     3561.8
12309        214     21     39     5011.9     3575.4
12310        194     24     26      763.0     3572.1
12311        190     20     31      940.2     3577.4
12312       1593    101     70     1888.2     3595.8
12313        124     19     23     1940.2     3568.0
12314        140     21     18     2352.2     3566.4
12315        595     57     40     2781.5     3576.1
12316        550     69     39     5397.3     3581.7
12317        888     67     72      291.1     3598.2
12318        314     41     25     1276.5     3571.6
12319        175     23     24     2438.7     3571.1
12320        271     25     36     2640.3     3576.0
12321        164     19     31     3084.3     3574.5
12322        184     31     20     3114.0     3570.2
12323        157     24     19     3397.4     3569.6
12324        100     12     21     3635.4     3569.9
12325        620     53     50     4243.7     3584.4
12326        101     24     12     5301.5     3567.8
12327        119     17     23     1089.2     3573.5
12328        117     16     19     1116.1     3571.2
12329        101     21     16     1509.5     3568.5
12330        530     35     71     1682.5     3596.7
12331        122     21     22     2209.7     3573.1
12332        706     71     52     2261.3     3585.0
12333       2030    144     86     2601.5     3609.8
12334        121     16     24     3676.5     3570.9
12335        365     36     33     4075.5     3578.4
12336        145     13     25     4996.7     3573.6
12337        277     28     25     5103.9     3573.8
12338        196     28     25      711.1     3574.0
12339        791     50     73      988.0     3596.5
12340        156     15     27     2494.1     3577.9
12341        149     15     29     2891.3     3576.5
12342        211     25     35     3018.1     3585.2
12343        142     15     24     3029.9     3577.8
12344        109     18     21     4782.2     3575.6
12345        197     24     23     5187.1     3574.0
12346        748     53     57     1074.0     3598.4
12347        240     23     32     1387.5     3581.8
12348        426     31     46     1976.0     3589.1
12349        147     17     24     2335.9     3576.5
12350        135     23     24     3277.5     3576.9
12351        160     26     21     3329.5     3573.9
12352        178     22     31     3541.7     3579.7
12353        174     25     20     3942.0     3573.7
12354        151     17     28     4321.4     3579.4
12355        544     40     57     4632.2     3591.6
12356        312     35     28     4941.5     3579.9
12357        172     26     28     5343.7     3577.5
12358        166     27     16      247.2     3576.1
12359        372     43     36      610.0     3584.4
12360        154     24     21     1197.6     3578.0
12361       1110     57     80     2520.2     3614.4
12362        155     25     18     3254.5     3575.9
12363        111     20     13     4204.8     3574.7
12364        546     36     65     4513.0     3604.7
12365        183     23     23     4741.4     3576.7
12366        372     36     42      646.1     3593.2
12367        548     48     41      674.7     3587.5
12368        339     35     42     2825.3     3592.3
12369        277     29     31     3317.2     3586.1
12370        225     29     25     4339.8     3584.8
12371        107     22     15     4710.7     3577.6
12372        119     17     19     5231.5     3578.6
12373        153     16     31     1699.9     3585.4
12374        723     50     64     2854.3     3603.5
12375        215     28     26     3041.4     3586.7
12376        144     15     27     3158.8     3586.3
12377        303     30     34      383.7     3591.1
12378       1157     62     74      461.5     3613.0
12379        241     36     30      731.1     3590.4
12380        807     44     74      789.2     3612.1
12381        170     26     21     1814.7     3586.4
12382        345     32     45     2091.5     3596.4
12383        125     18     18     4024.1     3581.5
12384        112     20     15     5079.9     3581.2
12385        159     24     26      405.9     3587.2
12386        109     19     19     1262.6     3585.6
12387        241     32     24     1577.7     3588.1
12388        129     19     19     1666.0     3587.5
12389        102     25      9     1873.9     3579.8
12390        105     15     18     2387.8     3585.3
12391        705     36     71     4395.2     3614.5
12392        104     11     20     4589.2     3586.2
12393        112     20     15     4687.4     3583.3
12394        851     54     71     5062.6     3615.5
12395        176     19     26       10.6     3590.7
12396        314     26     30      331.0     3594.2
12397        165     20     30     1358.6     3591.4
12398        110     12     22     1371.9     3588.9
12399        331     34     37     2755.6     3596.7
12400        159     31     17     3230.4     3586.9
12401        159     22     19     3419.1     3586.3
12402        116     23     18     4775.5     3585.9
12403        391     39     38     4989.6     3597.5
12404        235     26     45      581.0     3602.8
12405        105     14     21      701.5     3591.5
12406        148     28     18     2450.7     3587.8
12407        178     29     25     3125.4     3590.6
12408        358     27     44     3286.6     3605.3
12409        326     40     30     3442.6     3594.9
12410        453     49     30     3630.1     3593.2
12411        155     20     21     4373.5     3588.4
12412        107     12     25     4914.8     3594.3
12413        424     37     37     1245.3     3597.1
12414        763     43     53     1508.1     3608.1
12415        153     25     17     2123.8     3589.3
12416        137     19     26     2329.0     3596.7
12417        158     20     25     2728.5     3594.1
12418        210     23     22     4497.1     3592.6
12419        149     26     17      264.2     3591.6
12420        574     49     55     1451.2     3612.1
12421        116     22     16     1890.6     3590.8
12422        214     16     33     3502.4     3602.4
12423        146     28     15     4054.5     3592.3
12424        706     67     38     4455.5     3606.1
12425        272     39     27     4733.9     3596.9
12426        252     22     42     5216.0     3608.5
12427        146     20     24     1286.2     3596.7
12428        210     32     26     1471.5     3596.5
12429        304     38     30     2304.1     3599.7
12430        313     33     39     2693.8     3608.1
12431        354     43     41     2884.7     3604.9
12432        566     48     52     3184.6     3606.4
12433        121     25     18     4270.8     3592.5
12434        919     72     62     4353.8     3622.0
12435        104     15     20     4705.3     3596.0
12436        371     21     57     1793.3     3618.1
12437        132     23     18     2351.0     3594.9
12438        466     44     43     3009.5     3614.1
12439        134     21     20     3055.1     3596.7
12440        111     12     25     4002.1     3600.2
12441        885     85     36     4795.4     3604.4
12442        119     23     25     5247.3     3602.0
12443        116     17     21      252.3     3598.7
12444        217     31     26      499.1     3602.3
12445        232     26     21      932.3     3599.7
12446        121     21     16     2805.9     3595.2
12447        603     36     57     3255.1     3620.5
12448        106     14     25     3516.5     3603.7
12449        198     22     29     4227.6     3603.5
12450        376     43     44     4862.4     3610.2
12451        104     15     27     5201.1     3605.9
12452       1240     95     55       74.6     3620.3
12453        293     34     37      560.9     3610.8
12454        737     62     44     2124.4     3614.5
12455        129     18     19     4312.0     3600.9
12456        115     19     23     5376.6     3602.2
12457        178     33     24     5402.3     3603.2
12458        406     27     54      308.7     3624.1
12459        379     34     40      889.5     3612.9
12460        209     26     24     1343.1     3603.9
12461        108     14     22     1811.6     3602.8
12462        648     76     53     2288.4     3623.2
12463        134     18     19     2461.4     3603.8
12464        109     22     22     3399.6     3602.2
12465        257     35     28     4038.0     3605.0
12466        280     45     30     4093.3     3608.0
12467        220     29     21     4332.6     3605.3
12468        113     21     19     4596.8     3604.9
12469        127     21     33     5232.3     3610.6
12470        617     57     40      349.3     3620.1
12471        251     33     34      949.3     3612.2
12472        662     65     39     1024.8     3617.2
12473        166     29     22     3139.1     3605.8
12474        292     32     27     3209.2     3609.3
12475        569     55     51     3546.8     3622.7
12476        171     24     25     4692.8     3608.0
12477        112     18     19     4716.0     3605.3
12478        157     29     24     4918.2     3610.6
12479        109     20     18     5017.7     3605.5
12480        127     19     22     5328.1     3606.3
12481        117     22     19      721.1     3607.4
12482        147     31     17     2014.7     3606.7
12483        549     41     40     2951.5     3614.9
12484        910     66     49     3081.3     3620.5
12485        135     23     20     3110.3     3605.5
12486        109     18     15     3690.4     3605.3
12487        131     17     24     4168.4     3609.3
12488        133     19     19     4279.6     3608.1
12489        326     35     26      916.1     3613.6
12490        185     27     32     1161.3     3617.3
12491        660     54     48     1382.3     3623.5
12492        127     17     20     1932.9     3609.6
12493        141     27     17     2434.5     3609.1
12494        247     37     16     3334.1     3608.4
12495        209     18     36     3567.8     3616.7
12496        536     52     43     3983.6     3619.8
12497        202     26     38     4657.1     3616.4
12498        275     20     47     5102.8     3623.3
12499        122     16     27     1107.3     3614.7
12500        616     43     46     1543.5     3622.6
12501        167     20     26     2735.4     3615.0
12502        105     15     20     3670.9     3612.6
12503        195     26     27     4192.9     3618.8
12504        186     35     21     5126.6     3611.7
12505        328     37     35     5266.9     3619.6
12506        161     18     22     1581.9     3614.4
12507        139     27     21     1622.1     3613.5
12508        808     68     44     2904.5     3628.5
12509        171     23     30     3471.3     3620.3
12510        136     19     21     3583.9     3615.6
12511        304     22     44     3601.6     3624.2
12512        256     37     26     3647.7     3615.0
12513        149     19     29     4888.0     3621.9
12514        270     35     25      228.3     3619.8
12515        284     29     38     1233.6     3625.9
12516        123     23     23     1850.4     3619.5
12517        189     18     31     1977.9     3622.0
12518        388     41     36     2368.2     3624.3
12519        484     44     42     3310.9     3625.8
12520        409     44     35     4076.2     3621.6
12521        155     25     27     5449.6     3619.4
12522        364     41     39      604.3     3625.3
12523        219     21     32      757.0     3621.5
12524        405     43     35     1293.1     3623.9
12525        237     34     31     1424.7     3627.7
12526        186     21     26     5025.4     3620.5
12527        109     14     18     5436.1     3615.9
12528        142     23     29      717.7     3624.7
12529        289     39     28     1187.0     3623.6
12530        424     46     38     1487.3     3636.0
12531        164     29     17     1823.5     3620.0
12532        172     24     21     3796.5     3621.7
12533        584     54     37     3936.4     3628.2
12534        155     21     27     4616.5     3624.5
12535        138     24     18     5322.3     3619.0
12536        128     19     22      517.5     3620.8
12537        129     14     21      531.4     3622.8
12538        399     39     36      681.2     3629.7
12539        292     27     36     1213.1     3628.9
12540        183     28     24     1329.1     3625.1
12541        171     19     35     1957.1     3630.4
12542        704     67     36     2469.3     3628.1
12543        101     21     15     2710.3     3620.2
12544        115     14     19     2976.7     3623.3
12545        194     21     27     4126.8     3626.3
12546        121     22     23     4162.5     3623.8
12547        227     28     31     5147.8     3628.4
12548        178     16     32     1569.7     3631.7
12549        341     40     33     2755.9     3633.5
12550        346     39     34     4596.9     3630.4
12551        189     21     23     2263.6     3627.7
12552        255     28     32     2342.1     3634.8
12553        276     31     24     3158.3     3628.5
12554        162     27     24     3223.4     3625.9
12555        225     30     24     3713.5     3628.0
12556        274     38     32     4246.3     3632.4
12557        188     18     32     4417.9     3630.9
12558        121     19     17     4916.9     3623.5
12559        183     25     17      503.3     3627.4
12560        220     21     29     1621.8     3632.2
12561        110     22     15     2425.4     3625.0
12562        197     17     29     3429.9     3632.1
12563        305     38     29     3827.1     3636.3
12564        145     19     30     4227.1     3631.4
12565        139     21     28     5126.0     3630.7
12566        200     22     26       38.6     3631.6
12567        372     41     28      156.5     3632.3
12568        135     21     26      390.6     3628.4
12569        175     20     22      870.4     3631.3
12570        113     16     19      965.6     3629.8
12571        215     29     28     1894.0     3633.5
12572        254     30     28     3029.1     3634.0
12573        331     44     23     4026.7     3632.1
12574        246     29     27     4147.4     3634.0
12575        110     16     24     4304.3     3635.2
12576        385     45     28     4485.6     3635.6
12577        105     18     16     4713.3     3628.1
12578        154     20     27     5010.1     3632.2
12579        115     14     20      284.8     3630.2
12580        136     19     25     1926.5     3634.8
12581        241     38     19     2789.9     3629.1
12582        111     13     26     3365.6     3635.5
12583        127     13     26     3448.4     3636.5
12584        165     29     20     3636.1     3633.9
12585        105     28     13     4538.5     3628.7
12586        178     22     26     4924.7     3637.6
12587        113     21     26     4954.6     3635.5
12588        135     18     24      632.2     3636.8
12589        179     21     23     2198.9     3637.5
12590        223     28     24     2693.0     3634.4
12591        202     25     24     2716.7     3635.5
12592        102     18     24     3907.7     3634.6
12593        178     20     23     4104.4     3637.0
12594        214     23     24     4205.0     3636.1
12595        151     18     22      342.2     3636.4
12596        174     22     21      556.5     3638.6
12597        200     22     22      707.0     3637.8
12598        121     21     21     1818.5     3635.0
12599        104     13     21     3534.9     3635.3
12600        193     26     21     3668.3     3638.6
12601        284     41     21     3752.0     3638.7
12602        168     21     21     4695.2     3638.4
12603        101     18     18     5221.8     3634.7
12604        182     32     20       11.8     3637.4
12605        121     16     20      542.3     3639.7
12606        221     36     20      914.6     3637.5
12607        112     17     18     3413.2     3634.8
12608        109     15     19     3998.5     3639.1
12609        133     18     16     5335.6     3635.5
12610        126     19     17      606.0     3638.1
12611        108     17     17      729.6     3640.6
12612        150     23     18     2856.3     3638.7
12613        104     15     17     2990.0     3641.1
12614        106     16     17     3349.6     3641.5
12615        264     38     18     4767.8     3638.5
12616        189     33     18     4860.2     3640.1
12617        132     18     17     5189.9     3640.2
12618        129     20     16      482.0     3640.6
12619        151     38     16      832.0     3641.5
12620        102     14     15     1194.6     3641.8
12621        140     21     16     1671.8     3640.5
12622        110     15     15     2176.8     3640.4
12623        130     16     16     3003.8     3640.7
12624        111     17     16     5439.9     3639.2
12625        125     22     13      518.7     3641.8
12626        121     20     14     2940.5     3642.0
12627        131     22     14     3475.1     3640.0
12628        101     21     13     4083.9     3639.9
12629        117     19     11     1143.3     3642.2
12630        108     19     11     4123.7     3642.4
12631        114     21     10     2005.9     3643.2
